score,scope,sel,n,prec,wlb,buy,days,ppd,cont
COUNT,all,top30 total,30,0.4667,0.3023,0.3000,18,0.1667,1.0000
COUNT,all,top100 total,100,0.4500,0.3561,0.1700,52,0.5556,1.0000
COUNT,all,top300 total,300,0.5200,0.4636,0.1800,109,1.6667,1.0000
COUNT,all,top1000 total,1000,0.4720,0.4412,0.1600,165,5.5556,1.0000
COUNT,all,top3000 total,3000,0.3337,0.3170,0.1663,180,16.6667,1.0000
COUNT,all,top1/day,180,0.4611,0.3899,0.1667,180,1.0000,1.0000
COUNT,all,top3/day,540,0.4704,0.4286,0.1556,180,3.0000,1.0000
COUNT,all,top10/day,1800,0.3644,0.3425,0.1533,180,10.0000,0.9922
COUNT,fresh,top30 total,30,0.1667,0.0734,0.1667,29,0.1667,0.0000
COUNT,fresh,top100 total,100,0.1800,0.1170,0.1700,69,0.5556,0.0000
COUNT,fresh,top300 total,300,0.1433,0.1082,0.1300,129,1.6667,0.0000
COUNT,fresh,top1000 total,1000,0.1210,0.1022,0.1110,171,5.5556,0.0000
COUNT,fresh,top3000 total,3000,0.1083,0.0977,0.0990,179,16.6667,0.0000
COUNT,fresh,top1/day,180,0.1333,0.0913,0.1333,180,1.0000,0.0000
COUNT,fresh,top3/day,540,0.1278,0.1022,0.1167,180,3.0000,0.0000
COUNT,fresh,top10/day,1800,0.1078,0.0943,0.0983,180,10.0000,0.0000
COUNT,cont,top30 total,30,0.5000,0.3315,0.3333,18,0.1667,1.0000
COUNT,cont,top100 total,100,0.4400,0.3467,0.1900,52,0.5556,1.0000
COUNT,cont,top300 total,300,0.5333,0.4768,0.1967,104,1.6667,1.0000
COUNT,cont,top1000 total,1000,0.4640,0.4333,0.1580,165,5.5556,1.0000
COUNT,cont,top3000 total,3000,0.3303,0.3137,0.1610,180,16.6667,1.0000
COUNT,cont,top1/day,180,0.4611,0.3899,0.1667,180,1.0000,1.0000
COUNT,cont,top3/day,540,0.4704,0.4286,0.1556,180,3.0000,1.0000
COUNT,cont,top10/day,1800,0.3639,0.3420,0.1528,180,10.0000,0.9922
NB,all,top30 total,30,0.1333,0.0531,0.1333,25,0.1667,0.0000
NB,all,top100 total,100,0.1500,0.0931,0.1500,63,0.5556,0.0000
NB,all,top300 total,300,0.1533,0.1170,0.1333,122,1.6667,0.0000
NB,all,top1000 total,1000,0.1270,0.1078,0.1170,167,5.5556,0.0000
NB,all,top3000 total,3000,0.1103,0.0996,0.1000,178,16.6667,0.0000
NB,all,top1/day,180,0.1444,0.1005,0.1389,180,1.0000,0.0000
NB,all,top3/day,540,0.1296,0.1039,0.1241,180,3.0000,0.0000
NB,all,top10/day,1800,0.1200,0.1058,0.1094,180,10.0000,0.0000
NB,fresh,top30 total,30,0.1333,0.0531,0.1333,25,0.1667,0.0000
NB,fresh,top100 total,100,0.1500,0.0931,0.1500,63,0.5556,0.0000
NB,fresh,top300 total,300,0.1533,0.1170,0.1333,122,1.6667,0.0000
NB,fresh,top1000 total,1000,0.1270,0.1078,0.1170,167,5.5556,0.0000
NB,fresh,top3000 total,3000,0.1103,0.0996,0.1000,178,16.6667,0.0000
NB,fresh,top1/day,180,0.1444,0.1005,0.1389,180,1.0000,0.0000
NB,fresh,top3/day,540,0.1296,0.1039,0.1241,180,3.0000,0.0000
NB,fresh,top10/day,1800,0.1200,0.1058,0.1094,180,10.0000,0.0000
NB,cont,top30 total,30,0.6667,0.4878,0.1000,25,0.1667,1.0000
NB,cont,top100 total,100,0.6000,0.5020,0.1100,72,0.5556,1.0000
NB,cont,top300 total,300,0.5567,0.5001,0.1267,126,1.6667,1.0000
NB,cont,top1000 total,1000,0.4620,0.4313,0.1770,171,5.5556,1.0000
NB,cont,top3000 total,3000,0.3600,0.3430,0.1967,179,16.6667,1.0000
NB,cont,top1/day,180,0.5611,0.4881,0.1500,180,1.0000,1.0000
NB,cont,top3/day,540,0.4926,0.4506,0.1648,180,3.0000,1.0000
NB,cont,top10/day,1800,0.3833,0.3611,0.1806,180,10.0000,0.9922
kNN_U_k25,all,top30 total,30,0.5667,0.3920,0.0333,23,0.1667,1.0000
kNN_U_k25,all,top100 total,100,0.6400,0.5424,0.0700,65,0.5556,1.0000
kNN_U_k25,all,top300 total,300,0.5500,0.4934,0.0933,116,1.6667,1.0000
kNN_U_k25,all,top1000 total,1000,0.4600,0.4293,0.1540,173,5.5556,0.9990
kNN_U_k25,all,top3000 total,3000,0.3497,0.3328,0.1850,180,16.6667,0.9890
kNN_U_k25,all,top1/day,180,0.5111,0.4386,0.1000,180,1.0000,1.0000
kNN_U_k25,all,top3/day,540,0.4759,0.4341,0.1407,180,3.0000,0.9981
kNN_U_k25,all,top10/day,1800,0.3850,0.3628,0.1772,180,10.0000,0.9722
kNN_U_k25,fresh,top30 total,30,0.2000,0.0950,0.2000,28,0.1667,0.0000
kNN_U_k25,fresh,top100 total,100,0.1400,0.0853,0.1400,69,0.5556,0.0000
kNN_U_k25,fresh,top300 total,300,0.1267,0.0937,0.1233,137,1.6667,0.0000
kNN_U_k25,fresh,top1000 total,1000,0.1140,0.0958,0.1070,173,5.5556,0.0000
kNN_U_k25,fresh,top3000 total,3000,0.1127,0.1018,0.1050,180,16.6667,0.0000
kNN_U_k25,fresh,top1/day,180,0.1056,0.0686,0.1056,180,1.0000,0.0000
kNN_U_k25,fresh,top3/day,540,0.1148,0.0906,0.1111,180,3.0000,0.0000
kNN_U_k25,fresh,top10/day,1800,0.1078,0.0943,0.1017,180,10.0000,0.0000
kNN_U_k25,cont,top30 total,30,0.5667,0.3920,0.0333,23,0.1667,1.0000
kNN_U_k25,cont,top100 total,100,0.6200,0.5221,0.0800,64,0.5556,1.0000
kNN_U_k25,cont,top300 total,300,0.5333,0.4768,0.0900,115,1.6667,1.0000
kNN_U_k25,cont,top1000 total,1000,0.4600,0.4293,0.1530,173,5.5556,1.0000
kNN_U_k25,cont,top3000 total,3000,0.3487,0.3318,0.1840,180,16.6667,1.0000
kNN_U_k25,cont,top1/day,180,0.5111,0.4386,0.1000,180,1.0000,1.0000
kNN_U_k25,cont,top3/day,540,0.4778,0.4360,0.1426,180,3.0000,1.0000
kNN_U_k25,cont,top10/day,1800,0.3850,0.3628,0.1750,180,10.0000,0.9922
kNN_U_k100,all,top30 total,30,0.6333,0.4551,0.0333,29,0.1667,1.0000
kNN_U_k100,all,top100 total,100,0.6400,0.5424,0.0300,72,0.5556,1.0000
kNN_U_k100,all,top300 total,300,0.5767,0.5201,0.0633,111,1.6667,1.0000
kNN_U_k100,all,top1000 total,1000,0.4610,0.4303,0.1460,171,5.5556,1.0000
kNN_U_k100,all,top3000 total,3000,0.3620,0.3450,0.1910,180,16.6667,1.0000
kNN_U_k100,all,top1/day,180,0.5444,0.4715,0.0833,180,1.0000,1.0000
kNN_U_k100,all,top3/day,540,0.4944,0.4525,0.1259,180,3.0000,1.0000
kNN_U_k100,all,top10/day,1800,0.3917,0.3694,0.1772,180,10.0000,0.9900
kNN_U_k100,fresh,top30 total,30,0.1000,0.0346,0.0667,25,0.1667,0.0000
kNN_U_k100,fresh,top100 total,100,0.1300,0.0776,0.1200,66,0.5556,0.0000
kNN_U_k100,fresh,top300 total,300,0.1433,0.1082,0.1333,119,1.6667,0.0000
kNN_U_k100,fresh,top1000 total,1000,0.1390,0.1189,0.1270,166,5.5556,0.0000
kNN_U_k100,fresh,top3000 total,3000,0.1157,0.1047,0.1060,180,16.6667,0.0000
kNN_U_k100,fresh,top1/day,180,0.1333,0.0913,0.1333,180,1.0000,0.0000
kNN_U_k100,fresh,top3/day,540,0.1259,0.1006,0.1204,180,3.0000,0.0000
kNN_U_k100,fresh,top10/day,1800,0.1267,0.1121,0.1161,180,10.0000,0.0000
kNN_U_k100,cont,top30 total,30,0.6667,0.4878,0.0333,30,0.1667,1.0000
kNN_U_k100,cont,top100 total,100,0.6300,0.5322,0.0300,69,0.5556,1.0000
kNN_U_k100,cont,top300 total,300,0.5767,0.5201,0.0667,112,1.6667,1.0000
kNN_U_k100,cont,top1000 total,1000,0.4610,0.4303,0.1450,171,5.5556,1.0000
kNN_U_k100,cont,top3000 total,3000,0.3607,0.3437,0.1907,180,16.6667,1.0000
kNN_U_k100,cont,top1/day,180,0.5444,0.4715,0.0833,180,1.0000,1.0000
kNN_U_k100,cont,top3/day,540,0.4944,0.4525,0.1259,180,3.0000,1.0000
kNN_U_k100,cont,top10/day,1800,0.3922,0.3699,0.1778,180,10.0000,0.9922
kNN_U_k400,all,top30 total,30,0.8667,0.7032,0.0667,25,0.1667,1.0000
kNN_U_k400,all,top100 total,100,0.6300,0.5322,0.0400,65,0.5556,1.0000
kNN_U_k400,all,top300 total,300,0.5700,0.5134,0.0700,125,1.6667,1.0000
kNN_U_k400,all,top1000 total,1000,0.4800,0.4492,0.1700,174,5.5556,1.0000
kNN_U_k400,all,top3000 total,3000,0.3610,0.3440,0.1937,180,16.6667,1.0000
kNN_U_k400,all,top1/day,180,0.5667,0.4936,0.0944,180,1.0000,1.0000
kNN_U_k400,all,top3/day,540,0.4981,0.4561,0.1481,180,3.0000,1.0000
kNN_U_k400,all,top10/day,1800,0.3950,0.3727,0.1872,180,10.0000,0.9922
kNN_U_k400,fresh,top30 total,30,0.2333,0.1179,0.2333,22,0.1667,0.0000
kNN_U_k400,fresh,top100 total,100,0.1700,0.1089,0.1700,58,0.5556,0.0000
kNN_U_k400,fresh,top300 total,300,0.1500,0.1140,0.1433,116,1.6667,0.0000
kNN_U_k400,fresh,top1000 total,1000,0.1290,0.1096,0.1200,168,5.5556,0.0000
kNN_U_k400,fresh,top3000 total,3000,0.1147,0.1038,0.1053,179,16.6667,0.0000
kNN_U_k400,fresh,top1/day,180,0.1500,0.1052,0.1444,180,1.0000,0.0000
kNN_U_k400,fresh,top3/day,540,0.1259,0.1006,0.1222,180,3.0000,0.0000
kNN_U_k400,fresh,top10/day,1800,0.1156,0.1016,0.1078,180,10.0000,0.0000
kNN_U_k400,cont,top30 total,30,0.8667,0.7032,0.0667,26,0.1667,1.0000
kNN_U_k400,cont,top100 total,100,0.6400,0.5424,0.0400,66,0.5556,1.0000
kNN_U_k400,cont,top300 total,300,0.5733,0.5168,0.0733,123,1.6667,1.0000
kNN_U_k400,cont,top1000 total,1000,0.4800,0.4492,0.1710,174,5.5556,1.0000
kNN_U_k400,cont,top3000 total,3000,0.3597,0.3427,0.1927,180,16.6667,1.0000
kNN_U_k400,cont,top1/day,180,0.5667,0.4936,0.0944,180,1.0000,1.0000
kNN_U_k400,cont,top3/day,540,0.4981,0.4561,0.1481,180,3.0000,1.0000
kNN_U_k400,cont,top10/day,1800,0.3944,0.3721,0.1867,180,10.0000,0.9922
CENT_U,fresh,top30 total,30,0.2000,0.0950,0.2000,29,0.1667,0.0000
CENT_U,fresh,top100 total,100,0.1400,0.0853,0.1400,64,0.5556,0.0000
CENT_U,fresh,top300 total,300,0.1200,0.0880,0.1133,133,1.6667,0.0000
CENT_U,fresh,top1000 total,1000,0.0920,0.0756,0.0890,174,5.5556,0.0000
CENT_U,fresh,top3000 total,3000,0.0893,0.0796,0.0827,180,16.6667,0.0000
CENT_U,fresh,top1/day,180,0.1222,0.0821,0.1167,180,1.0000,0.0000
CENT_U,fresh,top3/day,540,0.0963,0.0742,0.0944,180,3.0000,0.0000
CENT_U,fresh,top10/day,1800,0.0917,0.0792,0.0878,180,10.0000,0.0000
CENT_U,cont,top30 total,30,0.7333,0.5555,0.1000,26,0.1667,1.0000
CENT_U,cont,top100 total,100,0.6200,0.5221,0.0600,62,0.5556,1.0000
CENT_U,cont,top300 total,300,0.5400,0.4835,0.1500,120,1.6667,1.0000
CENT_U,cont,top1000 total,1000,0.3770,0.3475,0.1490,170,5.5556,1.0000
CENT_U,cont,top3000 total,3000,0.3130,0.2967,0.1727,180,16.6667,1.0000
CENT_U,cont,top1/day,180,0.4889,0.4169,0.1444,180,1.0000,1.0000
CENT_U,cont,top3/day,540,0.4519,0.4104,0.1704,180,3.0000,1.0000
CENT_U,cont,top10/day,1800,0.3317,0.3103,0.1700,180,10.0000,0.9922
kNN_A_k25,all,top30 total,30,0.8000,0.6269,0.1333,27,0.1667,1.0000
kNN_A_k25,all,top100 total,100,0.6500,0.5525,0.1000,77,0.5556,1.0000
kNN_A_k25,all,top300 total,300,0.5700,0.5134,0.1267,131,1.6667,1.0000
kNN_A_k25,all,top1000 total,1000,0.4840,0.4531,0.1530,170,5.5556,0.9980
kNN_A_k25,all,top3000 total,3000,0.3483,0.3315,0.1813,180,16.6667,0.9743
kNN_A_k25,all,top1/day,180,0.6167,0.5439,0.1278,180,1.0000,1.0000
kNN_A_k25,all,top3/day,540,0.5111,0.4690,0.1537,180,3.0000,0.9963
kNN_A_k25,all,top10/day,1800,0.3878,0.3655,0.1744,180,10.0000,0.9483
kNN_A_k25,fresh,top30 total,30,0.0667,0.0185,0.0667,23,0.1667,0.0000
kNN_A_k25,fresh,top100 total,100,0.1000,0.0552,0.0900,73,0.5556,0.0000
kNN_A_k25,fresh,top300 total,300,0.1000,0.0709,0.0867,128,1.6667,0.0000
kNN_A_k25,fresh,top1000 total,1000,0.1230,0.1041,0.1120,172,5.5556,0.0000
kNN_A_k25,fresh,top3000 total,3000,0.1140,0.1031,0.1053,180,16.6667,0.0000
kNN_A_k25,fresh,top1/day,180,0.1000,0.0642,0.0833,180,1.0000,0.0000
kNN_A_k25,fresh,top3/day,540,0.1093,0.0857,0.1000,180,3.0000,0.0000
kNN_A_k25,fresh,top10/day,1800,0.1206,0.1063,0.1122,180,10.0000,0.0000
kNN_A_k25,cont,top30 total,30,0.7000,0.5212,0.1333,28,0.1667,1.0000
kNN_A_k25,cont,top100 total,100,0.6500,0.5525,0.1000,78,0.5556,1.0000
kNN_A_k25,cont,top300 total,300,0.5633,0.5068,0.1033,131,1.6667,1.0000
kNN_A_k25,cont,top1000 total,1000,0.4830,0.4522,0.1520,170,5.5556,1.0000
kNN_A_k25,cont,top3000 total,3000,0.3527,0.3358,0.1840,180,16.6667,1.0000
kNN_A_k25,cont,top1/day,180,0.6167,0.5439,0.1278,180,1.0000,1.0000
kNN_A_k25,cont,top3/day,540,0.5111,0.4690,0.1537,180,3.0000,1.0000
kNN_A_k25,cont,top10/day,1800,0.3933,0.3710,0.1778,180,10.0000,0.9922
kNN_A_k100,all,top30 total,30,0.6000,0.4232,0.0333,27,0.1667,1.0000
kNN_A_k100,all,top100 total,100,0.6400,0.5424,0.0700,75,0.5556,1.0000
kNN_A_k100,all,top300 total,300,0.5567,0.5001,0.0800,130,1.6667,1.0000
kNN_A_k100,all,top1000 total,1000,0.4760,0.4452,0.1400,175,5.5556,1.0000
kNN_A_k100,all,top3000 total,3000,0.3530,0.3361,0.1787,180,16.6667,1.0000
kNN_A_k100,all,top1/day,180,0.5667,0.4936,0.1000,180,1.0000,1.0000
kNN_A_k100,all,top3/day,540,0.5074,0.4653,0.1426,180,3.0000,1.0000
kNN_A_k100,all,top10/day,1800,0.3928,0.3705,0.1750,180,10.0000,0.9861
kNN_A_k100,fresh,top30 total,30,0.2000,0.0950,0.2000,25,0.1667,0.0000
kNN_A_k100,fresh,top100 total,100,0.1600,0.1010,0.1400,74,0.5556,0.0000
kNN_A_k100,fresh,top300 total,300,0.1467,0.1111,0.1367,127,1.6667,0.0000
kNN_A_k100,fresh,top1000 total,1000,0.1390,0.1189,0.1280,167,5.5556,0.0000
kNN_A_k100,fresh,top3000 total,3000,0.1303,0.1188,0.1193,179,16.6667,0.0000
kNN_A_k100,fresh,top1/day,180,0.1444,0.1005,0.1333,180,1.0000,0.0000
kNN_A_k100,fresh,top3/day,540,0.1352,0.1089,0.1259,180,3.0000,0.0000
kNN_A_k100,fresh,top10/day,1800,0.1289,0.1142,0.1200,180,10.0000,0.0000
kNN_A_k100,cont,top30 total,30,0.6000,0.4232,0.0333,27,0.1667,1.0000
kNN_A_k100,cont,top100 total,100,0.6700,0.5731,0.0800,76,0.5556,1.0000
kNN_A_k100,cont,top300 total,300,0.5533,0.4968,0.0800,130,1.6667,1.0000
kNN_A_k100,cont,top1000 total,1000,0.4750,0.4442,0.1370,175,5.5556,1.0000
kNN_A_k100,cont,top3000 total,3000,0.3553,0.3384,0.1817,180,16.6667,1.0000
kNN_A_k100,cont,top1/day,180,0.5667,0.4936,0.1000,180,1.0000,1.0000
kNN_A_k100,cont,top3/day,540,0.5074,0.4653,0.1426,180,3.0000,1.0000
kNN_A_k100,cont,top10/day,1800,0.3933,0.3710,0.1756,180,10.0000,0.9922
kNN_A_k400,all,top30 total,30,0.6333,0.4551,0.0000,24,0.1667,1.0000
kNN_A_k400,all,top100 total,100,0.6100,0.5120,0.0300,66,0.5556,1.0000
kNN_A_k400,all,top300 total,300,0.5600,0.5034,0.0767,127,1.6667,1.0000
kNN_A_k400,all,top1000 total,1000,0.4800,0.4492,0.1530,174,5.5556,1.0000
kNN_A_k400,all,top3000 total,3000,0.3620,0.3450,0.1847,180,16.6667,1.0000
kNN_A_k400,all,top1/day,180,0.5611,0.4881,0.1111,180,1.0000,1.0000
kNN_A_k400,all,top3/day,540,0.5111,0.4690,0.1519,180,3.0000,1.0000
kNN_A_k400,all,top10/day,1800,0.3994,0.3771,0.1778,180,10.0000,0.9911
kNN_A_k400,fresh,top30 total,30,0.1667,0.0734,0.1667,25,0.1667,0.0000
kNN_A_k400,fresh,top100 total,100,0.1200,0.0700,0.1200,67,0.5556,0.0000
kNN_A_k400,fresh,top300 total,300,0.1367,0.1024,0.1300,133,1.6667,0.0000
kNN_A_k400,fresh,top1000 total,1000,0.1430,0.1227,0.1320,164,5.5556,0.0000
kNN_A_k400,fresh,top3000 total,3000,0.1193,0.1082,0.1080,176,16.6667,0.0000
kNN_A_k400,fresh,top1/day,180,0.1167,0.0776,0.1167,180,1.0000,0.0000
kNN_A_k400,fresh,top3/day,540,0.1315,0.1056,0.1278,180,3.0000,0.0000
kNN_A_k400,fresh,top10/day,1800,0.1289,0.1142,0.1189,180,10.0000,0.0000
kNN_A_k400,cont,top30 total,30,0.7000,0.5212,0.0000,25,0.1667,1.0000
kNN_A_k400,cont,top100 total,100,0.6100,0.5120,0.0300,67,0.5556,1.0000
kNN_A_k400,cont,top300 total,300,0.5633,0.5068,0.0733,128,1.6667,1.0000
kNN_A_k400,cont,top1000 total,1000,0.4810,0.4502,0.1540,174,5.5556,1.0000
kNN_A_k400,cont,top3000 total,3000,0.3627,0.3456,0.1853,180,16.6667,1.0000
kNN_A_k400,cont,top1/day,180,0.5611,0.4881,0.1111,180,1.0000,1.0000
kNN_A_k400,cont,top3/day,540,0.5111,0.4690,0.1519,180,3.0000,1.0000
kNN_A_k400,cont,top10/day,1800,0.3994,0.3771,0.1778,180,10.0000,0.9922
CENT_A,fresh,top30 total,30,0.0667,0.0185,0.0667,29,0.1667,0.0000
CENT_A,fresh,top100 total,100,0.1200,0.0700,0.1200,81,0.5556,0.0000
CENT_A,fresh,top300 total,300,0.1000,0.0709,0.1000,146,1.6667,0.0000
CENT_A,fresh,top1000 total,1000,0.0870,0.0711,0.0840,179,5.5556,0.0000
CENT_A,fresh,top3000 total,3000,0.0790,0.0699,0.0743,180,16.6667,0.0000
CENT_A,fresh,top1/day,180,0.1111,0.0731,0.1056,180,1.0000,0.0000
CENT_A,fresh,top3/day,540,0.0907,0.0693,0.0889,180,3.0000,0.0000
CENT_A,fresh,top10/day,1800,0.0822,0.0704,0.0794,180,10.0000,0.0000
CENT_A,cont,top30 total,30,0.6333,0.4551,0.2333,25,0.1667,1.0000
CENT_A,cont,top100 total,100,0.5400,0.4426,0.2100,66,0.5556,1.0000
CENT_A,cont,top300 total,300,0.5200,0.4636,0.2200,107,1.6667,1.0000
CENT_A,cont,top1000 total,1000,0.4150,0.3848,0.1890,176,5.5556,1.0000
CENT_A,cont,top3000 total,3000,0.3267,0.3101,0.1877,180,16.6667,1.0000
CENT_A,cont,top1/day,180,0.5500,0.4770,0.2167,180,1.0000,1.0000
CENT_A,cont,top3/day,540,0.4593,0.4177,0.2130,180,3.0000,1.0000
CENT_A,cont,top10/day,1800,0.3528,0.3310,0.1911,180,10.0000,0.9922
kNN_T15_k25,all,top30 total,30,0.4667,0.3023,0.0667,28,0.1667,1.0000
kNN_T15_k25,all,top100 total,100,0.5100,0.4135,0.0800,73,0.5556,1.0000
kNN_T15_k25,all,top300 total,300,0.5400,0.4835,0.1100,133,1.6667,1.0000
kNN_T15_k25,all,top1000 total,1000,0.4770,0.4462,0.1560,172,5.5556,1.0000
kNN_T15_k25,all,top3000 total,3000,0.3473,0.3305,0.1813,180,16.6667,0.9867
kNN_T15_k25,all,top1/day,180,0.4889,0.4169,0.1222,180,1.0000,1.0000
kNN_T15_k25,all,top3/day,540,0.4759,0.4341,0.1537,180,3.0000,0.9926
kNN_T15_k25,all,top10/day,1800,0.3828,0.3606,0.1717,180,10.0000,0.9544
kNN_T15_k25,fresh,top30 total,30,0.0667,0.0185,0.0667,26,0.1667,0.0000
kNN_T15_k25,fresh,top100 total,100,0.1200,0.0700,0.1100,73,0.5556,0.0000
kNN_T15_k25,fresh,top300 total,300,0.1233,0.0908,0.1133,142,1.6667,0.0000
kNN_T15_k25,fresh,top1000 total,1000,0.1040,0.0866,0.0970,178,5.5556,0.0000
kNN_T15_k25,fresh,top3000 total,3000,0.1077,0.0971,0.0997,180,16.6667,0.0000
kNN_T15_k25,fresh,top1/day,180,0.1000,0.0642,0.1000,180,1.0000,0.0000
kNN_T15_k25,fresh,top3/day,540,0.1093,0.0857,0.1037,180,3.0000,0.0000
kNN_T15_k25,fresh,top10/day,1800,0.1078,0.0943,0.0989,180,10.0000,0.0000
kNN_T15_k25,cont,top30 total,30,0.5333,0.3614,0.1000,29,0.1667,1.0000
kNN_T15_k25,cont,top100 total,100,0.5000,0.4038,0.0900,71,0.5556,1.0000
kNN_T15_k25,cont,top300 total,300,0.5333,0.4768,0.1133,131,1.6667,1.0000
kNN_T15_k25,cont,top1000 total,1000,0.4730,0.4422,0.1520,173,5.5556,1.0000
kNN_T15_k25,cont,top3000 total,3000,0.3557,0.3387,0.1840,180,16.6667,1.0000
kNN_T15_k25,cont,top1/day,180,0.4889,0.4169,0.1222,180,1.0000,1.0000
kNN_T15_k25,cont,top3/day,540,0.4778,0.4360,0.1556,180,3.0000,1.0000
kNN_T15_k25,cont,top10/day,1800,0.3844,0.3622,0.1750,180,10.0000,0.9922
kNN_T15_k100,all,top30 total,30,0.6333,0.4551,0.1000,24,0.1667,1.0000
kNN_T15_k100,all,top100 total,100,0.5700,0.4722,0.0800,74,0.5556,1.0000
kNN_T15_k100,all,top300 total,300,0.5300,0.4735,0.0867,136,1.6667,1.0000
kNN_T15_k100,all,top1000 total,1000,0.4850,0.4541,0.1350,171,5.5556,1.0000
kNN_T15_k100,all,top3000 total,3000,0.3633,0.3463,0.1877,180,16.6667,1.0000
kNN_T15_k100,all,top1/day,180,0.5944,0.5215,0.1278,180,1.0000,1.0000
kNN_T15_k100,all,top3/day,540,0.5074,0.4653,0.1389,180,3.0000,1.0000
kNN_T15_k100,all,top10/day,1800,0.3911,0.3688,0.1694,180,10.0000,0.9856
kNN_T15_k100,fresh,top30 total,30,0.1000,0.0346,0.1000,27,0.1667,0.0000
kNN_T15_k100,fresh,top100 total,100,0.1500,0.0931,0.1400,77,0.5556,0.0000
kNN_T15_k100,fresh,top300 total,300,0.1400,0.1053,0.1300,139,1.6667,0.0000
kNN_T15_k100,fresh,top1000 total,1000,0.1220,0.1031,0.1140,176,5.5556,0.0000
kNN_T15_k100,fresh,top3000 total,3000,0.1177,0.1066,0.1083,180,16.6667,0.0000
kNN_T15_k100,fresh,top1/day,180,0.1333,0.0913,0.1222,180,1.0000,0.0000
kNN_T15_k100,fresh,top3/day,540,0.1259,0.1006,0.1185,180,3.0000,0.0000
kNN_T15_k100,fresh,top10/day,1800,0.1172,0.1032,0.1117,180,10.0000,0.0000
kNN_T15_k100,cont,top30 total,30,0.6667,0.4878,0.1000,25,0.1667,1.0000
kNN_T15_k100,cont,top100 total,100,0.5800,0.4821,0.0700,74,0.5556,1.0000
kNN_T15_k100,cont,top300 total,300,0.5333,0.4768,0.0900,137,1.6667,1.0000
kNN_T15_k100,cont,top1000 total,1000,0.4860,0.4551,0.1350,171,5.5556,1.0000
kNN_T15_k100,cont,top3000 total,3000,0.3613,0.3443,0.1863,180,16.6667,1.0000
kNN_T15_k100,cont,top1/day,180,0.5944,0.5215,0.1278,180,1.0000,1.0000
kNN_T15_k100,cont,top3/day,540,0.5074,0.4653,0.1389,180,3.0000,1.0000
kNN_T15_k100,cont,top10/day,1800,0.3883,0.3661,0.1678,180,10.0000,0.9922
kNN_T15_k400,all,top30 total,30,0.4667,0.3023,0.0000,27,0.1667,1.0000
kNN_T15_k400,all,top100 total,100,0.6000,0.5020,0.0400,67,0.5556,1.0000
kNN_T15_k400,all,top300 total,300,0.5500,0.4934,0.0633,131,1.6667,1.0000
kNN_T15_k400,all,top1000 total,1000,0.4760,0.4452,0.1260,172,5.5556,1.0000
kNN_T15_k400,all,top3000 total,3000,0.3570,0.3400,0.1793,180,16.6667,1.0000
kNN_T15_k400,all,top1/day,180,0.5222,0.4496,0.0889,180,1.0000,1.0000
kNN_T15_k400,all,top3/day,540,0.4852,0.4433,0.1259,180,3.0000,1.0000
kNN_T15_k400,all,top10/day,1800,0.3922,0.3699,0.1722,180,10.0000,0.9917
kNN_T15_k400,fresh,top30 total,30,0.1333,0.0531,0.1333,26,0.1667,0.0000
kNN_T15_k400,fresh,top100 total,100,0.1400,0.0853,0.1000,72,0.5556,0.0000
kNN_T15_k400,fresh,top300 total,300,0.1400,0.1053,0.1233,129,1.6667,0.0000
kNN_T15_k400,fresh,top1000 total,1000,0.1300,0.1106,0.1200,172,5.5556,0.0000
kNN_T15_k400,fresh,top3000 total,3000,0.1223,0.1111,0.1117,180,16.6667,0.0000
kNN_T15_k400,fresh,top1/day,180,0.1500,0.1052,0.1333,180,1.0000,0.0000
kNN_T15_k400,fresh,top3/day,540,0.1352,0.1089,0.1222,180,3.0000,0.0000
kNN_T15_k400,fresh,top10/day,1800,0.1267,0.1121,0.1178,180,10.0000,0.0000
kNN_T15_k400,cont,top30 total,30,0.4667,0.3023,0.0000,27,0.1667,1.0000
kNN_T15_k400,cont,top100 total,100,0.6100,0.5120,0.0300,70,0.5556,1.0000
kNN_T15_k400,cont,top300 total,300,0.5467,0.4901,0.0633,131,1.6667,1.0000
kNN_T15_k400,cont,top1000 total,1000,0.4770,0.4462,0.1260,172,5.5556,1.0000
kNN_T15_k400,cont,top3000 total,3000,0.3570,0.3400,0.1793,180,16.6667,1.0000
kNN_T15_k400,cont,top1/day,180,0.5222,0.4496,0.0889,180,1.0000,1.0000
kNN_T15_k400,cont,top3/day,540,0.4852,0.4433,0.1259,180,3.0000,1.0000
kNN_T15_k400,cont,top10/day,1800,0.3906,0.3683,0.1722,180,10.0000,0.9922
CENT_T15,fresh,top30 total,30,0.0000,-0.0000,0.0000,28,0.1667,0.0000
CENT_T15,fresh,top100 total,100,0.0700,0.0343,0.0700,70,0.5556,0.0000
CENT_T15,fresh,top300 total,300,0.0667,0.0436,0.0633,139,1.6667,0.0000
CENT_T15,fresh,top1000 total,1000,0.0780,0.0629,0.0670,177,5.5556,0.0000
CENT_T15,fresh,top3000 total,3000,0.0767,0.0677,0.0670,180,16.6667,0.0000
CENT_T15,fresh,top1/day,180,0.0722,0.0427,0.0667,180,1.0000,0.0000
CENT_T15,fresh,top3/day,540,0.0833,0.0629,0.0722,180,3.0000,0.0000
CENT_T15,fresh,top10/day,1800,0.0761,0.0647,0.0678,180,10.0000,0.0000
CENT_T15,cont,top30 total,30,0.4667,0.3023,0.0667,26,0.1667,1.0000
CENT_T15,cont,top100 total,100,0.4200,0.3280,0.1800,64,0.5556,1.0000
CENT_T15,cont,top300 total,300,0.3433,0.2919,0.1567,131,1.6667,1.0000
CENT_T15,cont,top1000 total,1000,0.3360,0.3074,0.1620,176,5.5556,1.0000
CENT_T15,cont,top3000 total,3000,0.2943,0.2783,0.1750,179,16.6667,1.0000
CENT_T15,cont,top1/day,180,0.3111,0.2480,0.1222,180,1.0000,1.0000
CENT_T15,cont,top3/day,540,0.3370,0.2984,0.1630,180,3.0000,1.0000
CENT_T15,cont,top10/day,1800,0.3050,0.2842,0.1694,180,10.0000,0.9922
GBDT_ALL_y,all,top30 total,30,0.7333,0.5555,0.1000,26,0.1667,1.0000
GBDT_ALL_y,all,top100 total,100,0.7200,0.6251,0.1400,62,0.5556,1.0000
GBDT_ALL_y,all,top300 total,300,0.5967,0.5403,0.1233,117,1.6667,1.0000
GBDT_ALL_y,all,top1000 total,1000,0.4810,0.4502,0.1660,174,5.5556,0.9900
GBDT_ALL_y,all,top3000 total,3000,0.3690,0.3519,0.2017,180,16.6667,0.9457
GBDT_ALL_y,all,top1/day,180,0.6000,0.5271,0.1278,180,1.0000,1.0000
GBDT_ALL_y,all,top3/day,540,0.5185,0.4764,0.1611,180,3.0000,0.9907
GBDT_ALL_y,all,top10/day,1800,0.4106,0.3880,0.1922,180,10.0000,0.9550
GBDT_ALL_y,fresh,top30 total,30,0.1333,0.0531,0.1000,9,0.1667,0.0000
GBDT_ALL_y,fresh,top100 total,100,0.1500,0.0931,0.1300,32,0.5556,0.0000
GBDT_ALL_y,fresh,top300 total,300,0.1400,0.1053,0.1200,82,1.6667,0.0000
GBDT_ALL_y,fresh,top1000 total,1000,0.1440,0.1236,0.1200,148,5.5556,0.0000
GBDT_ALL_y,fresh,top3000 total,3000,0.1353,0.1236,0.1147,178,16.6667,0.0000
GBDT_ALL_y,fresh,top1/day,180,0.1722,0.1241,0.1611,180,1.0000,0.0000
GBDT_ALL_y,fresh,top3/day,540,0.1463,0.1190,0.1389,180,3.0000,0.0000
GBDT_ALL_y,fresh,top10/day,1800,0.1344,0.1195,0.1206,180,10.0000,0.0000
GBDT_ALL_y,cont,top30 total,30,0.7333,0.5555,0.1000,26,0.1667,1.0000
GBDT_ALL_y,cont,top100 total,100,0.7200,0.6251,0.1400,62,0.5556,1.0000
GBDT_ALL_y,cont,top300 total,300,0.5967,0.5403,0.1233,117,1.6667,1.0000
GBDT_ALL_y,cont,top1000 total,1000,0.4830,0.4522,0.1670,174,5.5556,1.0000
GBDT_ALL_y,cont,top3000 total,3000,0.3767,0.3595,0.2050,180,16.6667,1.0000
GBDT_ALL_y,cont,top1/day,180,0.6000,0.5271,0.1278,180,1.0000,1.0000
GBDT_ALL_y,cont,top3/day,540,0.5185,0.4764,0.1630,180,3.0000,1.0000
GBDT_ALL_y,cont,top10/day,1800,0.4089,0.3864,0.1906,180,10.0000,0.9922
GBDTdv_ALL_y,all,top30 total,30,0.8333,0.6644,0.0333,24,0.1667,1.0000
GBDTdv_ALL_y,all,top100 total,100,0.7000,0.6041,0.1100,65,0.5556,1.0000
GBDTdv_ALL_y,all,top300 total,300,0.5667,0.5101,0.1233,124,1.6667,1.0000
GBDTdv_ALL_y,all,top1000 total,1000,0.4760,0.4452,0.1520,172,5.5556,0.9970
GBDTdv_ALL_y,all,top3000 total,3000,0.3587,0.3417,0.1947,180,16.6667,0.9820
GBDTdv_ALL_y,all,top1/day,180,0.5944,0.5215,0.1333,180,1.0000,1.0000
GBDTdv_ALL_y,all,top3/day,540,0.5315,0.4893,0.1630,180,3.0000,0.9870
GBDTdv_ALL_y,all,top10/day,1800,0.4061,0.3836,0.1922,180,10.0000,0.9589
GBDTdv_ALL_y,fresh,top30 total,30,0.2000,0.0950,0.1667,16,0.1667,0.0000
GBDTdv_ALL_y,fresh,top100 total,100,0.1800,0.1170,0.1600,46,0.5556,0.0000
GBDTdv_ALL_y,fresh,top300 total,300,0.1400,0.1053,0.1133,84,1.6667,0.0000
GBDTdv_ALL_y,fresh,top1000 total,1000,0.1510,0.1301,0.1300,151,5.5556,0.0000
GBDTdv_ALL_y,fresh,top3000 total,3000,0.1297,0.1181,0.1157,179,16.6667,0.0000
GBDTdv_ALL_y,fresh,top1/day,180,0.2111,0.1578,0.1944,180,1.0000,0.0000
GBDTdv_ALL_y,fresh,top3/day,540,0.1796,0.1495,0.1667,180,3.0000,0.0000
GBDTdv_ALL_y,fresh,top10/day,1800,0.1467,0.1311,0.1361,180,10.0000,0.0000
GBDTdv_ALL_y,cont,top30 total,30,0.8333,0.6644,0.0333,24,0.1667,1.0000
GBDTdv_ALL_y,cont,top100 total,100,0.7000,0.6041,0.1100,65,0.5556,1.0000
GBDTdv_ALL_y,cont,top300 total,300,0.5667,0.5101,0.1233,124,1.6667,1.0000
GBDTdv_ALL_y,cont,top1000 total,1000,0.4750,0.4442,0.1510,173,5.5556,1.0000
GBDTdv_ALL_y,cont,top3000 total,3000,0.3620,0.3450,0.1963,180,16.6667,1.0000
GBDTdv_ALL_y,cont,top1/day,180,0.5944,0.5215,0.1333,180,1.0000,1.0000
GBDTdv_ALL_y,cont,top3/day,540,0.5315,0.4893,0.1630,180,3.0000,1.0000
GBDTdv_ALL_y,cont,top10/day,1800,0.4072,0.3847,0.1928,180,10.0000,0.9922
GBDT_ALL_buy,all,top30 total,30,0.4000,0.2459,0.3667,24,0.1667,0.8333
GBDT_ALL_buy,all,top100 total,100,0.3600,0.2727,0.3000,57,0.5556,0.8100
GBDT_ALL_buy,all,top300 total,300,0.3200,0.2698,0.2400,128,1.6667,0.7833
GBDT_ALL_buy,all,top1000 total,1000,0.3100,0.2821,0.2260,172,5.5556,0.7890
GBDT_ALL_buy,all,top3000 total,3000,0.2883,0.2724,0.2083,179,16.6667,0.7310
GBDT_ALL_buy,all,top1/day,180,0.3500,0.2841,0.2500,180,1.0000,0.8944
GBDT_ALL_buy,all,top3/day,540,0.3278,0.2895,0.2519,180,3.0000,0.8741
GBDT_ALL_buy,all,top10/day,1800,0.3056,0.2847,0.2283,180,10.0000,0.8106
GBDT_ALL_buy,fresh,top30 total,30,0.2000,0.0950,0.1000,13,0.1667,0.0000
GBDT_ALL_buy,fresh,top100 total,100,0.2200,0.1500,0.1800,39,0.5556,0.0000
GBDT_ALL_buy,fresh,top300 total,300,0.1700,0.1317,0.1300,83,1.6667,0.0000
GBDT_ALL_buy,fresh,top1000 total,1000,0.1790,0.1565,0.1370,139,5.5556,0.0000
GBDT_ALL_buy,fresh,top3000 total,3000,0.1507,0.1383,0.1253,179,16.6667,0.0000
GBDT_ALL_buy,fresh,top1/day,180,0.2056,0.1530,0.1889,180,1.0000,0.0000
GBDT_ALL_buy,fresh,top3/day,540,0.1574,0.1291,0.1444,180,3.0000,0.0000
GBDT_ALL_buy,fresh,top10/day,1800,0.1483,0.1327,0.1350,180,10.0000,0.0000
GBDT_ALL_buy,cont,top30 total,30,0.4333,0.2738,0.4000,23,0.1667,1.0000
GBDT_ALL_buy,cont,top100 total,100,0.4000,0.3094,0.3200,62,0.5556,1.0000
GBDT_ALL_buy,cont,top300 total,300,0.3767,0.3237,0.2800,132,1.6667,1.0000
GBDT_ALL_buy,cont,top1000 total,1000,0.3390,0.3103,0.2450,172,5.5556,1.0000
GBDT_ALL_buy,cont,top3000 total,3000,0.3277,0.3111,0.2283,180,16.6667,1.0000
GBDT_ALL_buy,cont,top1/day,180,0.3444,0.2789,0.2500,180,1.0000,1.0000
GBDT_ALL_buy,cont,top3/day,540,0.3185,0.2806,0.2389,180,3.0000,1.0000
GBDT_ALL_buy,cont,top10/day,1800,0.3178,0.2967,0.2267,180,10.0000,0.9922
GBDTdv_ALL_buy,all,top30 total,30,0.3333,0.1923,0.2000,23,0.1667,0.9000
GBDTdv_ALL_buy,all,top100 total,100,0.4100,0.3187,0.2700,61,0.5556,0.9100
GBDTdv_ALL_buy,all,top300 total,300,0.3767,0.3237,0.2533,122,1.6667,0.9267
GBDTdv_ALL_buy,all,top1000 total,1000,0.3550,0.3259,0.2460,168,5.5556,0.9330
GBDTdv_ALL_buy,all,top3000 total,3000,0.3263,0.3098,0.2237,180,16.6667,0.8777
GBDTdv_ALL_buy,all,top1/day,180,0.4056,0.3365,0.2667,180,1.0000,0.9611
GBDTdv_ALL_buy,all,top3/day,540,0.3833,0.3433,0.2611,180,3.0000,0.9463
GBDTdv_ALL_buy,all,top10/day,1800,0.3367,0.3152,0.2328,180,10.0000,0.8867
GBDTdv_ALL_buy,fresh,top30 total,30,0.1667,0.0734,0.1667,9,0.1667,0.0000
GBDTdv_ALL_buy,fresh,top100 total,100,0.1400,0.0853,0.1200,31,0.5556,0.0000
GBDTdv_ALL_buy,fresh,top300 total,300,0.1800,0.1407,0.1533,80,1.6667,0.0000
GBDTdv_ALL_buy,fresh,top1000 total,1000,0.1580,0.1367,0.1350,139,5.5556,0.0000
GBDTdv_ALL_buy,fresh,top3000 total,3000,0.1470,0.1348,0.1290,176,16.6667,0.0000
GBDTdv_ALL_buy,fresh,top1/day,180,0.2278,0.1726,0.2278,180,1.0000,0.0000
GBDTdv_ALL_buy,fresh,top3/day,540,0.1833,0.1530,0.1741,180,3.0000,0.0000
GBDTdv_ALL_buy,fresh,top10/day,1800,0.1528,0.1369,0.1422,180,10.0000,0.0000
GBDTdv_ALL_buy,cont,top30 total,30,0.4000,0.2459,0.2667,25,0.1667,1.0000
GBDTdv_ALL_buy,cont,top100 total,100,0.4200,0.3280,0.2600,66,0.5556,1.0000
GBDTdv_ALL_buy,cont,top300 total,300,0.3900,0.3365,0.2533,124,1.6667,1.0000
GBDTdv_ALL_buy,cont,top1000 total,1000,0.3700,0.3406,0.2550,169,5.5556,1.0000
GBDTdv_ALL_buy,cont,top3000 total,3000,0.3367,0.3200,0.2250,179,16.6667,1.0000
GBDTdv_ALL_buy,cont,top1/day,180,0.3944,0.3260,0.2556,180,1.0000,1.0000
GBDTdv_ALL_buy,cont,top3/day,540,0.3852,0.3451,0.2537,180,3.0000,1.0000
GBDTdv_ALL_buy,cont,top10/day,1800,0.3417,0.3201,0.2289,180,10.0000,0.9922
GBDT_CONT_y,cont,top30 total,30,0.7667,0.5907,0.0667,20,0.1667,1.0000
GBDT_CONT_y,cont,top100 total,100,0.7100,0.6146,0.0700,59,0.5556,1.0000
GBDT_CONT_y,cont,top300 total,300,0.5967,0.5403,0.1067,115,1.6667,1.0000
GBDT_CONT_y,cont,top1000 total,1000,0.4930,0.4621,0.1690,170,5.5556,1.0000
GBDT_CONT_y,cont,top3000 total,3000,0.3803,0.3631,0.2000,180,16.6667,1.0000
GBDT_CONT_y,cont,top1/day,180,0.5722,0.4992,0.1056,180,1.0000,1.0000
GBDT_CONT_y,cont,top3/day,540,0.5222,0.4801,0.1463,180,3.0000,1.0000
GBDT_CONT_y,cont,top10/day,1800,0.4217,0.3990,0.2006,180,10.0000,0.9922
GBDTdv_CONT_y,cont,top30 total,30,0.8667,0.7032,0.1333,22,0.1667,1.0000
GBDTdv_CONT_y,cont,top100 total,100,0.6800,0.5834,0.0900,59,0.5556,1.0000
GBDTdv_CONT_y,cont,top300 total,300,0.6133,0.5571,0.1067,118,1.6667,1.0000
GBDTdv_CONT_y,cont,top1000 total,1000,0.4870,0.4561,0.1660,171,5.5556,1.0000
GBDTdv_CONT_y,cont,top3000 total,3000,0.3810,0.3638,0.2037,179,16.6667,1.0000
GBDTdv_CONT_y,cont,top1/day,180,0.5611,0.4881,0.1000,180,1.0000,1.0000
GBDTdv_CONT_y,cont,top3/day,540,0.5352,0.4930,0.1556,180,3.0000,1.0000
GBDTdv_CONT_y,cont,top10/day,1800,0.4206,0.3979,0.1994,180,10.0000,0.9922
GBDT_CONT_buy,cont,top30 total,30,0.5000,0.3315,0.4000,26,0.1667,1.0000
GBDT_CONT_buy,cont,top100 total,100,0.4200,0.3280,0.3200,59,0.5556,1.0000
GBDT_CONT_buy,cont,top300 total,300,0.3933,0.3397,0.2967,115,1.6667,1.0000
GBDT_CONT_buy,cont,top1000 total,1000,0.3700,0.3406,0.2720,167,5.5556,1.0000
GBDT_CONT_buy,cont,top3000 total,3000,0.3373,0.3206,0.2263,179,16.6667,1.0000
GBDT_CONT_buy,cont,top1/day,180,0.3778,0.3102,0.2889,180,1.0000,1.0000
GBDT_CONT_buy,cont,top3/day,540,0.3685,0.3289,0.2796,180,3.0000,1.0000
GBDT_CONT_buy,cont,top10/day,1800,0.3322,0.3108,0.2378,180,10.0000,0.9922
GBDTdv_CONT_buy,cont,top30 total,30,0.4667,0.3023,0.3000,23,0.1667,1.0000
GBDTdv_CONT_buy,cont,top100 total,100,0.4700,0.3751,0.3700,58,0.5556,1.0000
GBDTdv_CONT_buy,cont,top300 total,300,0.4000,0.3462,0.3100,112,1.6667,1.0000
GBDTdv_CONT_buy,cont,top1000 total,1000,0.3820,0.3524,0.2760,165,5.5556,1.0000
GBDTdv_CONT_buy,cont,top3000 total,3000,0.3363,0.3196,0.2293,179,16.6667,1.0000
GBDTdv_CONT_buy,cont,top1/day,180,0.3833,0.3154,0.3000,180,1.0000,1.0000
GBDTdv_CONT_buy,cont,top3/day,540,0.3759,0.3361,0.2778,180,3.0000,1.0000
GBDTdv_CONT_buy,cont,top10/day,1800,0.3278,0.3065,0.2350,180,10.0000,0.9922
