score,scope,rule,DES_n,DES_prec,VAL_n,VAL_prec,TEST_n,TEST_prec,TEST_wlb,TEST_buy,TEST_days,TEST_ppd,TEST_cont,note
COUNT,all,top1/day,587.0000,0.4174,127.0000,0.4882,180.0000,0.4611,0.3899,0.1667,180.0000,1.0000,1.0000,
COUNT,all,top3/day,1761.0000,0.3407,381.0000,0.3780,540.0000,0.4704,0.4286,0.1556,180.0000,3.0000,1.0000,
COUNT,all,top10/day,5870.0000,0.2397,1270.0000,0.2591,1800.0000,0.3644,0.3425,0.1533,180.0000,10.0000,0.9922,
COUNT,all,VALID≥50% (θ=1004),997.0000,0.4313,250.0000,0.4520,1315.0000,0.4433,0.4167,0.1559,174.0000,7.3056,1.0000,
COUNT,all,VALID≥60% (θ=1006),415.0000,0.5181,78.0000,0.5769,591.0000,0.5110,0.4708,0.1692,140.0000,3.2833,1.0000,
COUNT,all,VALID≥70% (θ=1007),259.0000,0.5483,43.0000,0.6744,356.0000,0.5197,0.4678,0.1798,117.0000,1.9778,1.0000,
COUNT,all,VALID≥80%,,,,,,,,,,,,VALID 達不到
COUNT,all,VALID≥90%,,,,,,,,,,,,VALID 達不到
COUNT,fresh,top1/day,587.0000,0.0681,127.0000,0.0630,180.0000,0.1333,0.0913,0.1333,180.0000,1.0000,0.0000,
COUNT,fresh,top3/day,1761.0000,0.0761,381.0000,0.0735,540.0000,0.1278,0.1022,0.1167,180.0000,3.0000,0.0000,
COUNT,fresh,top10/day,5870.0000,0.0768,1270.0000,0.0787,1800.0000,0.1078,0.0943,0.0983,180.0000,10.0000,0.0000,
COUNT,fresh,VALID≥50%,,,,,,,,,,,,VALID 達不到
COUNT,fresh,VALID≥60%,,,,,,,,,,,,VALID 達不到
COUNT,fresh,VALID≥70%,,,,,,,,,,,,VALID 達不到
COUNT,fresh,VALID≥80%,,,,,,,,,,,,VALID 達不到
COUNT,fresh,VALID≥90%,,,,,,,,,,,,VALID 達不到
COUNT,cont,top1/day,586.0000,0.4181,127.0000,0.4882,180.0000,0.4611,0.3899,0.1667,180.0000,1.0000,1.0000,
COUNT,cont,top3/day,1754.0000,0.3404,381.0000,0.3780,540.0000,0.4704,0.4286,0.1556,180.0000,3.0000,1.0000,
COUNT,cont,top10/day,5586.0000,0.2476,1239.0000,0.2623,1786.0000,0.3667,0.3447,0.1540,180.0000,9.9222,1.0000,
COUNT,cont,VALID≥50% (θ=1004),997.0000,0.4313,250.0000,0.4520,1315.0000,0.4433,0.4167,0.1559,174.0000,7.3056,1.0000,
COUNT,cont,VALID≥60% (θ=1006),415.0000,0.5181,78.0000,0.5769,591.0000,0.5110,0.4708,0.1692,140.0000,3.2833,1.0000,
COUNT,cont,VALID≥70% (θ=1007),259.0000,0.5483,43.0000,0.6744,356.0000,0.5197,0.4678,0.1798,117.0000,1.9778,1.0000,
COUNT,cont,VALID≥80%,,,,,,,,,,,,VALID 達不到
COUNT,cont,VALID≥90%,,,,,,,,,,,,VALID 達不到
NB,all,top1/day,587.0000,0.0971,127.0000,0.1102,180.0000,0.1444,0.1005,0.1389,180.0000,1.0000,0.0000,
NB,all,top3/day,1761.0000,0.0937,381.0000,0.0735,540.0000,0.1296,0.1039,0.1241,180.0000,3.0000,0.0000,
NB,all,top10/day,5870.0000,0.0835,1270.0000,0.0756,1800.0000,0.1200,0.1058,0.1094,180.0000,10.0000,0.0000,
NB,all,VALID≥50%,,,,,,,,,,,,VALID 達不到
NB,all,VALID≥60%,,,,,,,,,,,,VALID 達不到
NB,all,VALID≥70%,,,,,,,,,,,,VALID 達不到
NB,all,VALID≥80%,,,,,,,,,,,,VALID 達不到
NB,all,VALID≥90%,,,,,,,,,,,,VALID 達不到
NB,fresh,top1/day,587.0000,0.0971,127.0000,0.1102,180.0000,0.1444,0.1005,0.1389,180.0000,1.0000,0.0000,
NB,fresh,top3/day,1761.0000,0.0937,381.0000,0.0735,540.0000,0.1296,0.1039,0.1241,180.0000,3.0000,0.0000,
NB,fresh,top10/day,5870.0000,0.0835,1270.0000,0.0756,1800.0000,0.1200,0.1058,0.1094,180.0000,10.0000,0.0000,
NB,fresh,VALID≥50%,,,,,,,,,,,,VALID 達不到
NB,fresh,VALID≥60%,,,,,,,,,,,,VALID 達不到
NB,fresh,VALID≥70%,,,,,,,,,,,,VALID 達不到
NB,fresh,VALID≥80%,,,,,,,,,,,,VALID 達不到
NB,fresh,VALID≥90%,,,,,,,,,,,,VALID 達不到
NB,cont,top1/day,586.0000,0.4283,127.0000,0.4488,180.0000,0.5611,0.4881,0.1500,180.0000,1.0000,1.0000,
NB,cont,top3/day,1754.0000,0.3523,381.0000,0.3465,540.0000,0.4926,0.4506,0.1648,180.0000,3.0000,1.0000,
NB,cont,top10/day,5586.0000,0.2671,1239.0000,0.2785,1786.0000,0.3863,0.3640,0.1820,180.0000,9.9222,1.0000,
NB,cont,VALID≥50% (θ=6.307),675.0000,0.4770,138.0000,0.5000,455.0000,0.5648,0.5189,0.1495,154.0000,2.5278,1.0000,
NB,cont,VALID≥60% (θ=9.586),246.0000,0.5772,48.0000,0.6042,147.0000,0.5918,0.5110,0.1088,86.0000,0.8167,1.0000,
NB,cont,VALID≥70% (θ=11.02),159.0000,0.6101,30.0000,0.7000,61.0000,0.6557,0.5305,0.1148,45.0000,0.3389,1.0000,
NB,cont,VALID≥80%,,,,,,,,,,,,VALID 達不到
NB,cont,VALID≥90%,,,,,,,,,,,,VALID 達不到
kNN_U_k25,all,top1/day,0.0000,,127.0000,0.4173,180.0000,0.5111,0.4386,0.1000,180.0000,1.0000,1.0000,
kNN_U_k25,all,top3/day,0.0000,,381.0000,0.3701,540.0000,0.4759,0.4341,0.1407,180.0000,3.0000,0.9981,
kNN_U_k25,all,top10/day,0.0000,,1270.0000,0.2567,1800.0000,0.3850,0.3628,0.1772,180.0000,10.0000,0.9722,
kNN_U_k25,all,VALID≥50% (θ=0.56),0.0000,,53.0000,0.4340,284.0000,0.5493,0.4912,0.0915,112.0000,1.5778,1.0000,
kNN_U_k25,all,VALID≥60%,,,,,,,,,,,,VALID 達不到
kNN_U_k25,all,VALID≥70%,,,,,,,,,,,,VALID 達不到
kNN_U_k25,all,VALID≥80%,,,,,,,,,,,,VALID 達不到
kNN_U_k25,all,VALID≥90%,,,,,,,,,,,,VALID 達不到
kNN_U_k25,fresh,top1/day,0.0000,,127.0000,0.1102,180.0000,0.1056,0.0686,0.1056,180.0000,1.0000,0.0000,
kNN_U_k25,fresh,top3/day,0.0000,,381.0000,0.0945,540.0000,0.1148,0.0906,0.1111,180.0000,3.0000,0.0000,
kNN_U_k25,fresh,top10/day,0.0000,,1270.0000,0.0882,1800.0000,0.1078,0.0943,0.1017,180.0000,10.0000,0.0000,
kNN_U_k25,fresh,VALID≥50%,,,,,,,,,,,,VALID 達不到
kNN_U_k25,fresh,VALID≥60%,,,,,,,,,,,,VALID 達不到
kNN_U_k25,fresh,VALID≥70%,,,,,,,,,,,,VALID 達不到
kNN_U_k25,fresh,VALID≥80%,,,,,,,,,,,,VALID 達不到
kNN_U_k25,fresh,VALID≥90%,,,,,,,,,,,,VALID 達不到
kNN_U_k25,cont,top1/day,0.0000,,127.0000,0.4173,180.0000,0.5111,0.4386,0.1000,180.0000,1.0000,1.0000,
kNN_U_k25,cont,top3/day,0.0000,,381.0000,0.3701,540.0000,0.4778,0.4360,0.1426,180.0000,3.0000,1.0000,
kNN_U_k25,cont,top10/day,0.0000,,1239.0000,0.2615,1786.0000,0.3880,0.3657,0.1764,180.0000,9.9222,1.0000,
kNN_U_k25,cont,VALID≥50% (θ=0.6),0.0000,,34.0000,0.4706,176.0000,0.5795,0.5057,0.0795,93.0000,0.9778,1.0000,
kNN_U_k25,cont,VALID≥60%,,,,,,,,,,,,VALID 達不到
kNN_U_k25,cont,VALID≥70%,,,,,,,,,,,,VALID 達不到
kNN_U_k25,cont,VALID≥80%,,,,,,,,,,,,VALID 達不到
kNN_U_k25,cont,VALID≥90%,,,,,,,,,,,,VALID 達不到
kNN_U_k100,all,top1/day,0.0000,,127.0000,0.4488,180.0000,0.5444,0.4715,0.0833,180.0000,1.0000,1.0000,
kNN_U_k100,all,top3/day,0.0000,,381.0000,0.4016,540.0000,0.4944,0.4525,0.1259,180.0000,3.0000,1.0000,
kNN_U_k100,all,top10/day,0.0000,,1270.0000,0.2811,1800.0000,0.3917,0.3694,0.1772,180.0000,10.0000,0.9900,
kNN_U_k100,all,VALID≥50% (θ=0.34),0.0000,,172.0000,0.4767,801.0000,0.4881,0.4537,0.1286,164.0000,4.4500,1.0000,
kNN_U_k100,all,VALID≥60% (θ=0.44),0.0000,,78.0000,0.5641,355.0000,0.5634,0.5114,0.0873,120.0000,1.9722,1.0000,
kNN_U_k100,all,VALID≥70%,,,,,,,,,,,,VALID 達不到
kNN_U_k100,all,VALID≥80%,,,,,,,,,,,,VALID 達不到
kNN_U_k100,all,VALID≥90%,,,,,,,,,,,,VALID 達不到
kNN_U_k100,fresh,top1/day,0.0000,,127.0000,0.0866,180.0000,0.1333,0.0913,0.1333,180.0000,1.0000,0.0000,
kNN_U_k100,fresh,top3/day,0.0000,,381.0000,0.0945,540.0000,0.1259,0.1006,0.1204,180.0000,3.0000,0.0000,
kNN_U_k100,fresh,top10/day,0.0000,,1270.0000,0.0898,1800.0000,0.1267,0.1121,0.1161,180.0000,10.0000,0.0000,
kNN_U_k100,fresh,VALID≥50%,,,,,,,,,,,,VALID 達不到
kNN_U_k100,fresh,VALID≥60%,,,,,,,,,,,,VALID 達不到
kNN_U_k100,fresh,VALID≥70%,,,,,,,,,,,,VALID 達不到
kNN_U_k100,fresh,VALID≥80%,,,,,,,,,,,,VALID 達不到
kNN_U_k100,fresh,VALID≥90%,,,,,,,,,,,,VALID 達不到
kNN_U_k100,cont,top1/day,0.0000,,127.0000,0.4488,180.0000,0.5444,0.4715,0.0833,180.0000,1.0000,1.0000,
kNN_U_k100,cont,top3/day,0.0000,,381.0000,0.4016,540.0000,0.4944,0.4525,0.1259,180.0000,3.0000,1.0000,
kNN_U_k100,cont,top10/day,0.0000,,1239.0000,0.2849,1786.0000,0.3953,0.3729,0.1792,180.0000,9.9222,1.0000,
kNN_U_k100,cont,VALID≥50% (θ=0.34),0.0000,,172.0000,0.4767,801.0000,0.4881,0.4537,0.1286,164.0000,4.4500,1.0000,
kNN_U_k100,cont,VALID≥60% (θ=0.44),0.0000,,78.0000,0.5641,355.0000,0.5634,0.5114,0.0873,120.0000,1.9722,1.0000,
kNN_U_k100,cont,VALID≥70%,,,,,,,,,,,,VALID 達不到
kNN_U_k100,cont,VALID≥80%,,,,,,,,,,,,VALID 達不到
kNN_U_k100,cont,VALID≥90%,,,,,,,,,,,,VALID 達不到
kNN_U_k400,all,top1/day,0.0000,,127.0000,0.4488,180.0000,0.5667,0.4936,0.0944,180.0000,1.0000,1.0000,
kNN_U_k400,all,top3/day,0.0000,,381.0000,0.3780,540.0000,0.4981,0.4561,0.1481,180.0000,3.0000,1.0000,
kNN_U_k400,all,top10/day,0.0000,,1270.0000,0.2843,1800.0000,0.3950,0.3727,0.1872,180.0000,10.0000,0.9922,
kNN_U_k400,all,VALID≥50% (θ=0.285),0.0000,,186.0000,0.4892,780.0000,0.5051,0.4701,0.1513,171.0000,4.3333,1.0000,
kNN_U_k400,all,VALID≥60% (θ=0.345),0.0000,,80.0000,0.6000,374.0000,0.5455,0.4948,0.0829,137.0000,2.0778,1.0000,
kNN_U_k400,all,VALID≥70%,,,,,,,,,,,,VALID 達不到
kNN_U_k400,all,VALID≥80%,,,,,,,,,,,,VALID 達不到
kNN_U_k400,all,VALID≥90%,,,,,,,,,,,,VALID 達不到
kNN_U_k400,fresh,top1/day,0.0000,,127.0000,0.1339,180.0000,0.1500,0.1052,0.1444,180.0000,1.0000,0.0000,
kNN_U_k400,fresh,top3/day,0.0000,,381.0000,0.0971,540.0000,0.1259,0.1006,0.1222,180.0000,3.0000,0.0000,
kNN_U_k400,fresh,top10/day,0.0000,,1270.0000,0.0890,1800.0000,0.1156,0.1016,0.1078,180.0000,10.0000,0.0000,
kNN_U_k400,fresh,VALID≥50%,,,,,,,,,,,,VALID 達不到
kNN_U_k400,fresh,VALID≥60%,,,,,,,,,,,,VALID 達不到
kNN_U_k400,fresh,VALID≥70%,,,,,,,,,,,,VALID 達不到
kNN_U_k400,fresh,VALID≥80%,,,,,,,,,,,,VALID 達不到
kNN_U_k400,fresh,VALID≥90%,,,,,,,,,,,,VALID 達不到
kNN_U_k400,cont,top1/day,0.0000,,127.0000,0.4488,180.0000,0.5667,0.4936,0.0944,180.0000,1.0000,1.0000,
kNN_U_k400,cont,top3/day,0.0000,,381.0000,0.3780,540.0000,0.4981,0.4561,0.1481,180.0000,3.0000,1.0000,
kNN_U_k400,cont,top10/day,0.0000,,1239.0000,0.2873,1786.0000,0.3975,0.3751,0.1881,180.0000,9.9222,1.0000,
kNN_U_k400,cont,VALID≥50% (θ=0.285),0.0000,,186.0000,0.4892,780.0000,0.5051,0.4701,0.1513,171.0000,4.3333,1.0000,
kNN_U_k400,cont,VALID≥60% (θ=0.345),0.0000,,80.0000,0.6000,374.0000,0.5455,0.4948,0.0829,137.0000,2.0778,1.0000,
kNN_U_k400,cont,VALID≥70%,,,,,,,,,,,,VALID 達不到
kNN_U_k400,cont,VALID≥80%,,,,,,,,,,,,VALID 達不到
kNN_U_k400,cont,VALID≥90%,,,,,,,,,,,,VALID 達不到
CENT_U,fresh,top1/day,0.0000,,127.0000,0.0472,180.0000,0.1222,0.0821,0.1167,180.0000,1.0000,0.0000,
CENT_U,fresh,top3/day,0.0000,,381.0000,0.0682,540.0000,0.0963,0.0742,0.0944,180.0000,3.0000,0.0000,
CENT_U,fresh,top10/day,0.0000,,1270.0000,0.0543,1800.0000,0.0917,0.0792,0.0878,180.0000,10.0000,0.0000,
CENT_U,fresh,VALID≥50%,,,,,,,,,,,,VALID 達不到
CENT_U,fresh,VALID≥60%,,,,,,,,,,,,VALID 達不到
CENT_U,fresh,VALID≥70%,,,,,,,,,,,,VALID 達不到
CENT_U,fresh,VALID≥80%,,,,,,,,,,,,VALID 達不到
CENT_U,fresh,VALID≥90%,,,,,,,,,,,,VALID 達不到
CENT_U,cont,top1/day,0.0000,,127.0000,0.4173,180.0000,0.4889,0.4169,0.1444,180.0000,1.0000,1.0000,
CENT_U,cont,top3/day,0.0000,,381.0000,0.3438,540.0000,0.4519,0.4104,0.1704,180.0000,3.0000,1.0000,
CENT_U,cont,top10/day,0.0000,,1239.0000,0.2534,1786.0000,0.3343,0.3128,0.1713,180.0000,9.9222,1.0000,
CENT_U,cont,VALID≥50% (θ=0.9256),0.0000,,158.0000,0.5000,502.0000,0.4542,0.4111,0.1414,143.0000,2.7889,1.0000,
CENT_U,cont,VALID≥60%,,,,,,,,,,,,VALID 達不到
CENT_U,cont,VALID≥70%,,,,,,,,,,,,VALID 達不到
CENT_U,cont,VALID≥80%,,,,,,,,,,,,VALID 達不到
CENT_U,cont,VALID≥90%,,,,,,,,,,,,VALID 達不到
kNN_A_k25,all,top1/day,0.0000,,127.0000,0.4803,180.0000,0.6167,0.5439,0.1278,180.0000,1.0000,1.0000,
kNN_A_k25,all,top3/day,0.0000,,381.0000,0.3701,540.0000,0.5111,0.4690,0.1537,180.0000,3.0000,0.9963,
kNN_A_k25,all,top10/day,0.0000,,1270.0000,0.2614,1800.0000,0.3878,0.3655,0.1744,180.0000,10.0000,0.9483,
kNN_A_k25,all,VALID≥50% (θ=0.4),0.0000,,247.0000,0.4413,963.0000,0.4891,0.4576,0.1506,170.0000,5.3500,0.9979,
kNN_A_k25,all,VALID≥60%,,,,,,,,,,,,VALID 達不到
kNN_A_k25,all,VALID≥70%,,,,,,,,,,,,VALID 達不到
kNN_A_k25,all,VALID≥80%,,,,,,,,,,,,VALID 達不到
kNN_A_k25,all,VALID≥90%,,,,,,,,,,,,VALID 達不到
kNN_A_k25,fresh,top1/day,0.0000,,127.0000,0.0945,180.0000,0.1000,0.0642,0.0833,180.0000,1.0000,0.0000,
kNN_A_k25,fresh,top3/day,0.0000,,381.0000,0.0945,540.0000,0.1093,0.0857,0.1000,180.0000,3.0000,0.0000,
kNN_A_k25,fresh,top10/day,0.0000,,1270.0000,0.0803,1800.0000,0.1206,0.1063,0.1122,180.0000,10.0000,0.0000,
kNN_A_k25,fresh,VALID≥50%,,,,,,,,,,,,VALID 達不到
kNN_A_k25,fresh,VALID≥60%,,,,,,,,,,,,VALID 達不到
kNN_A_k25,fresh,VALID≥70%,,,,,,,,,,,,VALID 達不到
kNN_A_k25,fresh,VALID≥80%,,,,,,,,,,,,VALID 達不到
kNN_A_k25,fresh,VALID≥90%,,,,,,,,,,,,VALID 達不到
kNN_A_k25,cont,top1/day,0.0000,,127.0000,0.4803,180.0000,0.6167,0.5439,0.1278,180.0000,1.0000,1.0000,
kNN_A_k25,cont,top3/day,0.0000,,381.0000,0.3806,540.0000,0.5111,0.4690,0.1537,180.0000,3.0000,1.0000,
kNN_A_k25,cont,top10/day,0.0000,,1239.0000,0.2785,1786.0000,0.3964,0.3740,0.1792,180.0000,9.9222,1.0000,
kNN_A_k25,cont,VALID≥50% (θ=0.4),0.0000,,245.0000,0.4449,961.0000,0.4901,0.4586,0.1509,170.0000,5.3389,1.0000,
kNN_A_k25,cont,VALID≥60%,,,,,,,,,,,,VALID 達不到
kNN_A_k25,cont,VALID≥70%,,,,,,,,,,,,VALID 達不到
kNN_A_k25,cont,VALID≥80%,,,,,,,,,,,,VALID 達不到
kNN_A_k25,cont,VALID≥90%,,,,,,,,,,,,VALID 達不到
kNN_A_k100,all,top1/day,0.0000,,127.0000,0.4488,180.0000,0.5667,0.4936,0.1000,180.0000,1.0000,1.0000,
kNN_A_k100,all,top3/day,0.0000,,381.0000,0.3963,540.0000,0.5074,0.4653,0.1426,180.0000,3.0000,1.0000,
kNN_A_k100,all,top10/day,0.0000,,1270.0000,0.2803,1800.0000,0.3928,0.3705,0.1750,180.0000,10.0000,0.9861,
kNN_A_k100,all,VALID≥50% (θ=0.35),0.0000,,198.0000,0.4899,838.0000,0.5012,0.4674,0.1277,172.0000,4.6556,1.0000,
kNN_A_k100,all,VALID≥60%,,,,,,,,,,,,VALID 達不到
kNN_A_k100,all,VALID≥70%,,,,,,,,,,,,VALID 達不到
kNN_A_k100,all,VALID≥80%,,,,,,,,,,,,VALID 達不到
kNN_A_k100,all,VALID≥90%,,,,,,,,,,,,VALID 達不到
kNN_A_k100,fresh,top1/day,0.0000,,127.0000,0.0945,180.0000,0.1444,0.1005,0.1333,180.0000,1.0000,0.0000,
kNN_A_k100,fresh,top3/day,0.0000,,381.0000,0.0709,540.0000,0.1352,0.1089,0.1259,180.0000,3.0000,0.0000,
kNN_A_k100,fresh,top10/day,0.0000,,1270.0000,0.0748,1800.0000,0.1289,0.1142,0.1200,180.0000,10.0000,0.0000,
kNN_A_k100,fresh,VALID≥50%,,,,,,,,,,,,VALID 達不到
kNN_A_k100,fresh,VALID≥60%,,,,,,,,,,,,VALID 達不到
kNN_A_k100,fresh,VALID≥70%,,,,,,,,,,,,VALID 達不到
kNN_A_k100,fresh,VALID≥80%,,,,,,,,,,,,VALID 達不到
kNN_A_k100,fresh,VALID≥90%,,,,,,,,,,,,VALID 達不到
kNN_A_k100,cont,top1/day,0.0000,,127.0000,0.4488,180.0000,0.5667,0.4936,0.1000,180.0000,1.0000,1.0000,
kNN_A_k100,cont,top3/day,0.0000,,381.0000,0.3963,540.0000,0.5074,0.4653,0.1426,180.0000,3.0000,1.0000,
kNN_A_k100,cont,top10/day,0.0000,,1239.0000,0.2849,1786.0000,0.3964,0.3740,0.1769,180.0000,9.9222,1.0000,
kNN_A_k100,cont,VALID≥50% (θ=0.35),0.0000,,198.0000,0.4899,838.0000,0.5012,0.4674,0.1277,172.0000,4.6556,1.0000,
kNN_A_k100,cont,VALID≥60%,,,,,,,,,,,,VALID 達不到
kNN_A_k100,cont,VALID≥70%,,,,,,,,,,,,VALID 達不到
kNN_A_k100,cont,VALID≥80%,,,,,,,,,,,,VALID 達不到
kNN_A_k100,cont,VALID≥90%,,,,,,,,,,,,VALID 達不到
kNN_A_k400,all,top1/day,0.0000,,127.0000,0.4094,180.0000,0.5611,0.4881,0.1111,180.0000,1.0000,1.0000,
kNN_A_k400,all,top3/day,0.0000,,381.0000,0.3885,540.0000,0.5111,0.4690,0.1519,180.0000,3.0000,1.0000,
kNN_A_k400,all,top10/day,0.0000,,1270.0000,0.2898,1800.0000,0.3994,0.3771,0.1778,180.0000,10.0000,0.9911,
kNN_A_k400,all,VALID≥50% (θ=0.3375),0.0000,,148.0000,0.4932,609.0000,0.5287,0.4890,0.1215,157.0000,3.3833,1.0000,
kNN_A_k400,all,VALID≥60% (θ=0.4175),0.0000,,76.0000,0.5921,336.0000,0.5536,0.5001,0.0863,131.0000,1.8667,1.0000,
kNN_A_k400,all,VALID≥70%,,,,,,,,,,,,VALID 達不到
kNN_A_k400,all,VALID≥80%,,,,,,,,,,,,VALID 達不到
kNN_A_k400,all,VALID≥90%,,,,,,,,,,,,VALID 達不到
kNN_A_k400,fresh,top1/day,0.0000,,127.0000,0.0709,180.0000,0.1167,0.0776,0.1167,180.0000,1.0000,0.0000,
kNN_A_k400,fresh,top3/day,0.0000,,381.0000,0.0787,540.0000,0.1315,0.1056,0.1278,180.0000,3.0000,0.0000,
kNN_A_k400,fresh,top10/day,0.0000,,1270.0000,0.0780,1800.0000,0.1289,0.1142,0.1189,180.0000,10.0000,0.0000,
kNN_A_k400,fresh,VALID≥50%,,,,,,,,,,,,VALID 達不到
kNN_A_k400,fresh,VALID≥60%,,,,,,,,,,,,VALID 達不到
kNN_A_k400,fresh,VALID≥70%,,,,,,,,,,,,VALID 達不到
kNN_A_k400,fresh,VALID≥80%,,,,,,,,,,,,VALID 達不到
kNN_A_k400,fresh,VALID≥90%,,,,,,,,,,,,VALID 達不到
kNN_A_k400,cont,top1/day,0.0000,,127.0000,0.4094,180.0000,0.5611,0.4881,0.1111,180.0000,1.0000,1.0000,
kNN_A_k400,cont,top3/day,0.0000,,381.0000,0.3885,540.0000,0.5111,0.4690,0.1519,180.0000,3.0000,1.0000,
kNN_A_k400,cont,top10/day,0.0000,,1239.0000,0.2938,1786.0000,0.4026,0.3801,0.1792,180.0000,9.9222,1.0000,
kNN_A_k400,cont,VALID≥50% (θ=0.3375),0.0000,,148.0000,0.4932,609.0000,0.5287,0.4890,0.1215,157.0000,3.3833,1.0000,
kNN_A_k400,cont,VALID≥60% (θ=0.425),0.0000,,70.0000,0.6000,316.0000,0.5570,0.5018,0.0759,129.0000,1.7556,1.0000,
kNN_A_k400,cont,VALID≥70%,,,,,,,,,,,,VALID 達不到
kNN_A_k400,cont,VALID≥80%,,,,,,,,,,,,VALID 達不到
kNN_A_k400,cont,VALID≥90%,,,,,,,,,,,,VALID 達不到
CENT_A,fresh,top1/day,0.0000,,127.0000,0.0394,180.0000,0.1111,0.0731,0.1056,180.0000,1.0000,0.0000,
CENT_A,fresh,top3/day,0.0000,,381.0000,0.0499,540.0000,0.0907,0.0693,0.0889,180.0000,3.0000,0.0000,
CENT_A,fresh,top10/day,0.0000,,1270.0000,0.0417,1800.0000,0.0822,0.0704,0.0794,180.0000,10.0000,0.0000,
CENT_A,fresh,VALID≥50%,,,,,,,,,,,,VALID 達不到
CENT_A,fresh,VALID≥60%,,,,,,,,,,,,VALID 達不到
CENT_A,fresh,VALID≥70%,,,,,,,,,,,,VALID 達不到
CENT_A,fresh,VALID≥80%,,,,,,,,,,,,VALID 達不到
CENT_A,fresh,VALID≥90%,,,,,,,,,,,,VALID 達不到
CENT_A,cont,top1/day,0.0000,,127.0000,0.3780,180.0000,0.5500,0.4770,0.2167,180.0000,1.0000,1.0000,
CENT_A,cont,top3/day,0.0000,,381.0000,0.2861,540.0000,0.4593,0.4177,0.2130,180.0000,3.0000,1.0000,
CENT_A,cont,top10/day,0.0000,,1239.0000,0.2405,1786.0000,0.3555,0.3337,0.1926,180.0000,9.9222,1.0000,
CENT_A,cont,VALID≥50% (θ=0.0224),0.0000,,42.0000,0.5000,292.0000,0.5240,0.4667,0.2226,106.0000,1.6222,1.0000,
CENT_A,cont,VALID≥60%,,,,,,,,,,,,VALID 達不到
CENT_A,cont,VALID≥70%,,,,,,,,,,,,VALID 達不到
CENT_A,cont,VALID≥80%,,,,,,,,,,,,VALID 達不到
CENT_A,cont,VALID≥90%,,,,,,,,,,,,VALID 達不到
kNN_T15_k25,all,top1/day,0.0000,,127.0000,0.5512,180.0000,0.4889,0.4169,0.1222,180.0000,1.0000,1.0000,
kNN_T15_k25,all,top3/day,0.0000,,381.0000,0.3780,540.0000,0.4759,0.4341,0.1537,180.0000,3.0000,0.9926,
kNN_T15_k25,all,top10/day,0.0000,,1270.0000,0.2567,1800.0000,0.3828,0.3606,0.1717,180.0000,10.0000,0.9544,
kNN_T15_k25,all,VALID≥50% (θ=0.44),0.0000,,174.0000,0.4885,832.0000,0.4904,0.4565,0.1514,168.0000,4.6222,1.0000,
kNN_T15_k25,all,VALID≥60% (θ=0.52),0.0000,,93.0000,0.5699,448.0000,0.5067,0.4605,0.1183,144.0000,2.4889,1.0000,
kNN_T15_k25,all,VALID≥70% (θ=0.6),0.0000,,43.0000,0.6047,161.0000,0.5155,0.4389,0.0870,99.0000,0.8944,1.0000,
kNN_T15_k25,all,VALID≥80%,,,,,,,,,,,,VALID 達不到
kNN_T15_k25,all,VALID≥90%,,,,,,,,,,,,VALID 達不到
kNN_T15_k25,fresh,top1/day,0.0000,,127.0000,0.0472,180.0000,0.1000,0.0642,0.1000,180.0000,1.0000,0.0000,
kNN_T15_k25,fresh,top3/day,0.0000,,381.0000,0.0472,540.0000,0.1093,0.0857,0.1037,180.0000,3.0000,0.0000,
kNN_T15_k25,fresh,top10/day,0.0000,,1270.0000,0.0654,1800.0000,0.1078,0.0943,0.0989,180.0000,10.0000,0.0000,
kNN_T15_k25,fresh,VALID≥50%,,,,,,,,,,,,VALID 達不到
kNN_T15_k25,fresh,VALID≥60%,,,,,,,,,,,,VALID 達不到
kNN_T15_k25,fresh,VALID≥70%,,,,,,,,,,,,VALID 達不到
kNN_T15_k25,fresh,VALID≥80%,,,,,,,,,,,,VALID 達不到
kNN_T15_k25,fresh,VALID≥90%,,,,,,,,,,,,VALID 達不到
kNN_T15_k25,cont,top1/day,0.0000,,127.0000,0.5512,180.0000,0.4889,0.4169,0.1222,180.0000,1.0000,1.0000,
kNN_T15_k25,cont,top3/day,0.0000,,381.0000,0.3806,540.0000,0.4778,0.4360,0.1556,180.0000,3.0000,1.0000,
kNN_T15_k25,cont,top10/day,0.0000,,1239.0000,0.2672,1786.0000,0.3875,0.3651,0.1764,180.0000,9.9222,1.0000,
kNN_T15_k25,cont,VALID≥50% (θ=0.44),0.0000,,174.0000,0.4885,832.0000,0.4904,0.4565,0.1514,168.0000,4.6222,1.0000,
kNN_T15_k25,cont,VALID≥60% (θ=0.52),0.0000,,93.0000,0.5699,448.0000,0.5067,0.4605,0.1183,144.0000,2.4889,1.0000,
kNN_T15_k25,cont,VALID≥70%,,,,,,,,,,,,VALID 達不到
kNN_T15_k25,cont,VALID≥80%,,,,,,,,,,,,VALID 達不到
kNN_T15_k25,cont,VALID≥90%,,,,,,,,,,,,VALID 達不到
kNN_T15_k100,all,top1/day,0.0000,,127.0000,0.4567,180.0000,0.5944,0.5215,0.1278,180.0000,1.0000,1.0000,
kNN_T15_k100,all,top3/day,0.0000,,381.0000,0.4016,540.0000,0.5074,0.4653,0.1389,180.0000,3.0000,1.0000,
kNN_T15_k100,all,top10/day,0.0000,,1270.0000,0.2803,1800.0000,0.3911,0.3688,0.1694,180.0000,10.0000,0.9856,
kNN_T15_k100,all,VALID≥50% (θ=0.36),0.0000,,213.0000,0.4977,953.0000,0.4890,0.4574,0.1343,170.0000,5.2944,1.0000,
kNN_T15_k100,all,VALID≥60% (θ=0.47),0.0000,,106.0000,0.5755,451.0000,0.5100,0.4640,0.0865,150.0000,2.5056,1.0000,
kNN_T15_k100,all,VALID≥70%,,,,,,,,,,,,VALID 達不到
kNN_T15_k100,all,VALID≥80%,,,,,,,,,,,,VALID 達不到
kNN_T15_k100,all,VALID≥90%,,,,,,,,,,,,VALID 達不到
kNN_T15_k100,fresh,top1/day,0.0000,,127.0000,0.0551,180.0000,0.1333,0.0913,0.1222,180.0000,1.0000,0.0000,
kNN_T15_k100,fresh,top3/day,0.0000,,381.0000,0.0787,540.0000,0.1259,0.1006,0.1185,180.0000,3.0000,0.0000,
kNN_T15_k100,fresh,top10/day,0.0000,,1270.0000,0.0780,1800.0000,0.1172,0.1032,0.1117,180.0000,10.0000,0.0000,
kNN_T15_k100,fresh,VALID≥50%,,,,,,,,,,,,VALID 達不到
kNN_T15_k100,fresh,VALID≥60%,,,,,,,,,,,,VALID 達不到
kNN_T15_k100,fresh,VALID≥70%,,,,,,,,,,,,VALID 達不到
kNN_T15_k100,fresh,VALID≥80%,,,,,,,,,,,,VALID 達不到
kNN_T15_k100,fresh,VALID≥90%,,,,,,,,,,,,VALID 達不到
kNN_T15_k100,cont,top1/day,0.0000,,127.0000,0.4567,180.0000,0.5944,0.5215,0.1278,180.0000,1.0000,1.0000,
kNN_T15_k100,cont,top3/day,0.0000,,381.0000,0.4016,540.0000,0.5074,0.4653,0.1389,180.0000,3.0000,1.0000,
kNN_T15_k100,cont,top10/day,0.0000,,1239.0000,0.2833,1786.0000,0.3914,0.3690,0.1691,180.0000,9.9222,1.0000,
kNN_T15_k100,cont,VALID≥50% (θ=0.36),0.0000,,213.0000,0.4977,953.0000,0.4890,0.4574,0.1343,170.0000,5.2944,1.0000,
kNN_T15_k100,cont,VALID≥60% (θ=0.47),0.0000,,106.0000,0.5755,451.0000,0.5100,0.4640,0.0865,150.0000,2.5056,1.0000,
kNN_T15_k100,cont,VALID≥70%,,,,,,,,,,,,VALID 達不到
kNN_T15_k100,cont,VALID≥80%,,,,,,,,,,,,VALID 達不到
kNN_T15_k100,cont,VALID≥90%,,,,,,,,,,,,VALID 達不到
kNN_T15_k400,all,top1/day,0.0000,,127.0000,0.4882,180.0000,0.5222,0.4496,0.0889,180.0000,1.0000,1.0000,
kNN_T15_k400,all,top3/day,0.0000,,381.0000,0.4304,540.0000,0.4852,0.4433,0.1259,180.0000,3.0000,1.0000,
kNN_T15_k400,all,top10/day,0.0000,,1270.0000,0.2913,1800.0000,0.3922,0.3699,0.1722,180.0000,10.0000,0.9917,
kNN_T15_k400,all,VALID≥50% (θ=0.28),0.0000,,263.0000,0.4943,1102.0000,0.4619,0.4326,0.1334,173.0000,6.1222,1.0000,
kNN_T15_k400,all,VALID≥60% (θ=0.435),0.0000,,101.0000,0.6040,404.0000,0.5347,0.4859,0.0842,153.0000,2.2444,1.0000,
kNN_T15_k400,all,VALID≥70%,,,,,,,,,,,,VALID 達不到
kNN_T15_k400,all,VALID≥80%,,,,,,,,,,,,VALID 達不到
kNN_T15_k400,all,VALID≥90%,,,,,,,,,,,,VALID 達不到
kNN_T15_k400,fresh,top1/day,0.0000,,127.0000,0.0945,180.0000,0.1500,0.1052,0.1333,180.0000,1.0000,0.0000,
kNN_T15_k400,fresh,top3/day,0.0000,,381.0000,0.0735,540.0000,0.1352,0.1089,0.1222,180.0000,3.0000,0.0000,
kNN_T15_k400,fresh,top10/day,0.0000,,1270.0000,0.0772,1800.0000,0.1267,0.1121,0.1178,180.0000,10.0000,0.0000,
kNN_T15_k400,fresh,VALID≥50%,,,,,,,,,,,,VALID 達不到
kNN_T15_k400,fresh,VALID≥60%,,,,,,,,,,,,VALID 達不到
kNN_T15_k400,fresh,VALID≥70%,,,,,,,,,,,,VALID 達不到
kNN_T15_k400,fresh,VALID≥80%,,,,,,,,,,,,VALID 達不到
kNN_T15_k400,fresh,VALID≥90%,,,,,,,,,,,,VALID 達不到
kNN_T15_k400,cont,top1/day,0.0000,,127.0000,0.4882,180.0000,0.5222,0.4496,0.0889,180.0000,1.0000,1.0000,
kNN_T15_k400,cont,top3/day,0.0000,,381.0000,0.4304,540.0000,0.4852,0.4433,0.1259,180.0000,3.0000,1.0000,
kNN_T15_k400,cont,top10/day,0.0000,,1239.0000,0.2954,1786.0000,0.3936,0.3712,0.1736,180.0000,9.9222,1.0000,
kNN_T15_k400,cont,VALID≥50% (θ=0.28),0.0000,,263.0000,0.4943,1102.0000,0.4619,0.4326,0.1334,173.0000,6.1222,1.0000,
kNN_T15_k400,cont,VALID≥60% (θ=0.4325),0.0000,,105.0000,0.5905,419.0000,0.5227,0.4749,0.0811,157.0000,2.3278,1.0000,
kNN_T15_k400,cont,VALID≥70%,,,,,,,,,,,,VALID 達不到
kNN_T15_k400,cont,VALID≥80%,,,,,,,,,,,,VALID 達不到
kNN_T15_k400,cont,VALID≥90%,,,,,,,,,,,,VALID 達不到
CENT_T15,fresh,top1/day,0.0000,,127.0000,0.0551,180.0000,0.0722,0.0427,0.0667,180.0000,1.0000,0.0000,
CENT_T15,fresh,top3/day,0.0000,,381.0000,0.0525,540.0000,0.0833,0.0629,0.0722,180.0000,3.0000,0.0000,
CENT_T15,fresh,top10/day,0.0000,,1270.0000,0.0354,1800.0000,0.0761,0.0647,0.0678,180.0000,10.0000,0.0000,
CENT_T15,fresh,VALID≥50%,,,,,,,,,,,,VALID 達不到
CENT_T15,fresh,VALID≥60%,,,,,,,,,,,,VALID 達不到
CENT_T15,fresh,VALID≥70%,,,,,,,,,,,,VALID 達不到
CENT_T15,fresh,VALID≥80%,,,,,,,,,,,,VALID 達不到
CENT_T15,fresh,VALID≥90%,,,,,,,,,,,,VALID 達不到
CENT_T15,cont,top1/day,0.0000,,127.0000,0.2835,180.0000,0.3111,0.2480,0.1222,180.0000,1.0000,1.0000,
CENT_T15,cont,top3/day,0.0000,,381.0000,0.2835,540.0000,0.3370,0.2984,0.1630,180.0000,3.0000,1.0000,
CENT_T15,cont,top10/day,0.0000,,1239.0000,0.2672,1786.0000,0.3074,0.2864,0.1708,180.0000,9.9222,1.0000,
CENT_T15,cont,VALID≥50%,,,,,,,,,,,,VALID 達不到
CENT_T15,cont,VALID≥60%,,,,,,,,,,,,VALID 達不到
CENT_T15,cont,VALID≥70%,,,,,,,,,,,,VALID 達不到
CENT_T15,cont,VALID≥80%,,,,,,,,,,,,VALID 達不到
CENT_T15,cont,VALID≥90%,,,,,,,,,,,,VALID 達不到
GBDT_ALL_y,all,top1/day,587.0000,0.5809,127.0000,0.4331,180.0000,0.6000,0.5271,0.1278,180.0000,1.0000,1.0000,
GBDT_ALL_y,all,top3/day,1761.0000,0.4855,381.0000,0.4042,540.0000,0.5185,0.4764,0.1611,180.0000,3.0000,0.9907,
GBDT_ALL_y,all,top10/day,5870.0000,0.3433,1270.0000,0.2906,1800.0000,0.4106,0.3880,0.1922,180.0000,10.0000,0.9550,
GBDT_ALL_y,all,VALID≥50% (θ=-0.3451),1432.0000,0.6166,204.0000,0.5000,1021.0000,0.4750,0.4445,0.1655,174.0000,5.6722,0.9902,
GBDT_ALL_y,all,VALID≥60% (θ=0.6003),420.0000,0.7357,58.0000,0.6034,339.0000,0.5929,0.5399,0.1239,125.0000,1.8833,1.0000,
GBDT_ALL_y,all,VALID≥70% (θ=0.9045),266.0000,0.7857,30.0000,0.7000,206.0000,0.6117,0.5436,0.1262,97.0000,1.1444,1.0000,
GBDT_ALL_y,all,VALID≥80%,,,,,,,,,,,,VALID 達不到
GBDT_ALL_y,all,VALID≥90%,,,,,,,,,,,,VALID 達不到
GBDT_ALL_y,fresh,top1/day,587.0000,0.3867,127.0000,0.0787,180.0000,0.1722,0.1241,0.1611,180.0000,1.0000,0.0000,
GBDT_ALL_y,fresh,top3/day,1761.0000,0.3072,381.0000,0.0971,540.0000,0.1463,0.1190,0.1389,180.0000,3.0000,0.0000,
GBDT_ALL_y,fresh,top10/day,5870.0000,0.2070,1270.0000,0.0976,1800.0000,0.1344,0.1195,0.1206,180.0000,10.0000,0.0000,
GBDT_ALL_y,fresh,VALID≥50%,,,,,,,,,,,,VALID 達不到
GBDT_ALL_y,fresh,VALID≥60%,,,,,,,,,,,,VALID 達不到
GBDT_ALL_y,fresh,VALID≥70%,,,,,,,,,,,,VALID 達不到
GBDT_ALL_y,fresh,VALID≥80%,,,,,,,,,,,,VALID 達不到
GBDT_ALL_y,fresh,VALID≥90%,,,,,,,,,,,,VALID 達不到
GBDT_ALL_y,cont,top1/day,586.0000,0.5751,127.0000,0.4331,180.0000,0.6000,0.5271,0.1278,180.0000,1.0000,1.0000,
GBDT_ALL_y,cont,top3/day,1754.0000,0.4738,381.0000,0.4042,540.0000,0.5185,0.4764,0.1630,180.0000,3.0000,1.0000,
GBDT_ALL_y,cont,top10/day,5586.0000,0.3238,1239.0000,0.2962,1786.0000,0.4121,0.3895,0.1920,180.0000,9.9222,1.0000,
GBDT_ALL_y,cont,VALID≥50% (θ=-0.3451),1160.0000,0.6078,204.0000,0.5000,1011.0000,0.4797,0.4491,0.1672,174.0000,5.6167,1.0000,
GBDT_ALL_y,cont,VALID≥60% (θ=0.6003),329.0000,0.7204,58.0000,0.6034,339.0000,0.5929,0.5399,0.1239,125.0000,1.8833,1.0000,
GBDT_ALL_y,cont,VALID≥70% (θ=0.9045),206.0000,0.7816,30.0000,0.7000,206.0000,0.6117,0.5436,0.1262,97.0000,1.1444,1.0000,
GBDT_ALL_y,cont,VALID≥80%,,,,,,,,,,,,VALID 達不到
GBDT_ALL_y,cont,VALID≥90%,,,,,,,,,,,,VALID 達不到
GBDTdv_ALL_y,all,top1/day,0.0000,,0.0000,,180.0000,0.5944,0.5215,0.1333,180.0000,1.0000,1.0000,
GBDTdv_ALL_y,all,top3/day,0.0000,,0.0000,,540.0000,0.5315,0.4893,0.1630,180.0000,3.0000,0.9870,
GBDTdv_ALL_y,all,top10/day,0.0000,,0.0000,,1800.0000,0.4061,0.3836,0.1922,180.0000,10.0000,0.9589,
GBDTdv_ALL_y,fresh,top1/day,0.0000,,0.0000,,180.0000,0.2111,0.1578,0.1944,180.0000,1.0000,0.0000,
GBDTdv_ALL_y,fresh,top3/day,0.0000,,0.0000,,540.0000,0.1796,0.1495,0.1667,180.0000,3.0000,0.0000,
GBDTdv_ALL_y,fresh,top10/day,0.0000,,0.0000,,1800.0000,0.1467,0.1311,0.1361,180.0000,10.0000,0.0000,
GBDTdv_ALL_y,cont,top1/day,0.0000,,0.0000,,180.0000,0.5944,0.5215,0.1333,180.0000,1.0000,1.0000,
GBDTdv_ALL_y,cont,top3/day,0.0000,,0.0000,,540.0000,0.5315,0.4893,0.1630,180.0000,3.0000,1.0000,
GBDTdv_ALL_y,cont,top10/day,0.0000,,0.0000,,1786.0000,0.4104,0.3878,0.1943,180.0000,9.9222,1.0000,
GBDT_ALL_buy,all,top1/day,587.0000,0.5690,127.0000,0.3071,180.0000,0.3500,0.2841,0.2500,180.0000,1.0000,0.8944,
GBDT_ALL_buy,all,top3/day,1761.0000,0.4691,381.0000,0.2782,540.0000,0.3278,0.2895,0.2519,180.0000,3.0000,0.8741,
GBDT_ALL_buy,all,top10/day,5870.0000,0.3453,1270.0000,0.2370,1800.0000,0.3056,0.2847,0.2283,180.0000,10.0000,0.8106,
GBDT_ALL_buy,all,VALID≥50%,,,,,,,,,,,,VALID 達不到
GBDT_ALL_buy,all,VALID≥60%,,,,,,,,,,,,VALID 達不到
GBDT_ALL_buy,all,VALID≥70%,,,,,,,,,,,,VALID 達不到
GBDT_ALL_buy,all,VALID≥80%,,,,,,,,,,,,VALID 達不到
GBDT_ALL_buy,all,VALID≥90%,,,,,,,,,,,,VALID 達不到
GBDT_ALL_buy,fresh,top1/day,587.0000,0.4685,127.0000,0.1181,180.0000,0.2056,0.1530,0.1889,180.0000,1.0000,0.0000,
GBDT_ALL_buy,fresh,top3/day,1761.0000,0.3606,381.0000,0.1155,540.0000,0.1574,0.1291,0.1444,180.0000,3.0000,0.0000,
GBDT_ALL_buy,fresh,top10/day,5870.0000,0.2373,1270.0000,0.0976,1800.0000,0.1483,0.1327,0.1350,180.0000,10.0000,0.0000,
GBDT_ALL_buy,fresh,VALID≥50%,,,,,,,,,,,,VALID 達不到
GBDT_ALL_buy,fresh,VALID≥60%,,,,,,,,,,,,VALID 達不到
GBDT_ALL_buy,fresh,VALID≥70%,,,,,,,,,,,,VALID 達不到
GBDT_ALL_buy,fresh,VALID≥80%,,,,,,,,,,,,VALID 達不到
GBDT_ALL_buy,fresh,VALID≥90%,,,,,,,,,,,,VALID 達不到
GBDT_ALL_buy,cont,top1/day,586.0000,0.5307,127.0000,0.3228,180.0000,0.3444,0.2789,0.2500,180.0000,1.0000,1.0000,
GBDT_ALL_buy,cont,top3/day,1754.0000,0.4424,381.0000,0.2966,540.0000,0.3185,0.2806,0.2389,180.0000,3.0000,1.0000,
GBDT_ALL_buy,cont,top10/day,5586.0000,0.3009,1239.0000,0.2526,1786.0000,0.3203,0.2990,0.2284,180.0000,9.9222,1.0000,
GBDT_ALL_buy,cont,VALID≥50%,,,,,,,,,,,,VALID 達不到
GBDT_ALL_buy,cont,VALID≥60%,,,,,,,,,,,,VALID 達不到
GBDT_ALL_buy,cont,VALID≥70%,,,,,,,,,,,,VALID 達不到
GBDT_ALL_buy,cont,VALID≥80%,,,,,,,,,,,,VALID 達不到
GBDT_ALL_buy,cont,VALID≥90%,,,,,,,,,,,,VALID 達不到
GBDTdv_ALL_buy,all,top1/day,0.0000,,0.0000,,180.0000,0.4056,0.3365,0.2667,180.0000,1.0000,0.9611,
GBDTdv_ALL_buy,all,top3/day,0.0000,,0.0000,,540.0000,0.3833,0.3433,0.2611,180.0000,3.0000,0.9463,
GBDTdv_ALL_buy,all,top10/day,0.0000,,0.0000,,1800.0000,0.3367,0.3152,0.2328,180.0000,10.0000,0.8867,
GBDTdv_ALL_buy,fresh,top1/day,0.0000,,0.0000,,180.0000,0.2278,0.1726,0.2278,180.0000,1.0000,0.0000,
GBDTdv_ALL_buy,fresh,top3/day,0.0000,,0.0000,,540.0000,0.1833,0.1530,0.1741,180.0000,3.0000,0.0000,
GBDTdv_ALL_buy,fresh,top10/day,0.0000,,0.0000,,1800.0000,0.1528,0.1369,0.1422,180.0000,10.0000,0.0000,
GBDTdv_ALL_buy,cont,top1/day,0.0000,,0.0000,,180.0000,0.3944,0.3260,0.2556,180.0000,1.0000,1.0000,
GBDTdv_ALL_buy,cont,top3/day,0.0000,,0.0000,,540.0000,0.3852,0.3451,0.2537,180.0000,3.0000,1.0000,
GBDTdv_ALL_buy,cont,top10/day,0.0000,,0.0000,,1786.0000,0.3443,0.3227,0.2307,180.0000,9.9222,1.0000,
GBDT_CONT_y,cont,top1/day,586.0000,0.6570,127.0000,0.4803,180.0000,0.5722,0.4992,0.1056,180.0000,1.0000,1.0000,
GBDT_CONT_y,cont,top3/day,1754.0000,0.5234,381.0000,0.4278,540.0000,0.5222,0.4801,0.1463,180.0000,3.0000,1.0000,
GBDT_CONT_y,cont,top10/day,5586.0000,0.3387,1239.0000,0.3132,1786.0000,0.4250,0.4022,0.2021,180.0000,9.9222,1.0000,
GBDT_CONT_y,cont,VALID≥50% (θ=-0.4525),936.0000,0.7137,226.0000,0.5000,1027.0000,0.4888,0.4583,0.1704,170.0000,5.7056,1.0000,
GBDT_CONT_y,cont,VALID≥60% (θ=-0.06456),432.0000,0.7940,116.0000,0.6034,572.0000,0.5507,0.5097,0.1276,151.0000,3.1778,1.0000,
GBDT_CONT_y,cont,VALID≥70%,,,,,,,,,,,,VALID 達不到
GBDT_CONT_y,cont,VALID≥80%,,,,,,,,,,,,VALID 達不到
GBDT_CONT_y,cont,VALID≥90%,,,,,,,,,,,,VALID 達不到
GBDTdv_CONT_y,cont,top1/day,0.0000,,0.0000,,180.0000,0.5611,0.4881,0.1000,180.0000,1.0000,1.0000,
GBDTdv_CONT_y,cont,top3/day,0.0000,,0.0000,,540.0000,0.5352,0.4930,0.1556,180.0000,3.0000,1.0000,
GBDTdv_CONT_y,cont,top10/day,0.0000,,0.0000,,1786.0000,0.4239,0.4011,0.2010,180.0000,9.9222,1.0000,
GBDT_CONT_buy,cont,top1/day,586.0000,0.5358,127.0000,0.2756,180.0000,0.3778,0.3102,0.2889,180.0000,1.0000,1.0000,
GBDT_CONT_buy,cont,top3/day,1754.0000,0.4515,381.0000,0.3018,540.0000,0.3685,0.3289,0.2796,180.0000,3.0000,1.0000,
GBDT_CONT_buy,cont,top10/day,5586.0000,0.2970,1239.0000,0.2494,1786.0000,0.3348,0.3133,0.2396,180.0000,9.9222,1.0000,
GBDT_CONT_buy,cont,VALID≥50%,,,,,,,,,,,,VALID 達不到
GBDT_CONT_buy,cont,VALID≥60%,,,,,,,,,,,,VALID 達不到
GBDT_CONT_buy,cont,VALID≥70%,,,,,,,,,,,,VALID 達不到
GBDT_CONT_buy,cont,VALID≥80%,,,,,,,,,,,,VALID 達不到
GBDT_CONT_buy,cont,VALID≥90%,,,,,,,,,,,,VALID 達不到
GBDTdv_CONT_buy,cont,top1/day,0.0000,,0.0000,,180.0000,0.3833,0.3154,0.3000,180.0000,1.0000,1.0000,
GBDTdv_CONT_buy,cont,top3/day,0.0000,,0.0000,,540.0000,0.3759,0.3361,0.2778,180.0000,3.0000,1.0000,
GBDTdv_CONT_buy,cont,top10/day,0.0000,,0.0000,,1786.0000,0.3303,0.3089,0.2368,180.0000,9.9222,1.0000,
