date,code,ens,y,y2,buy_lu,locked1,oneword_s,streak,otc,price,oc1
2026-04-27,4529,0.99790,1,0,0,1,1.00000,6.00000,1,5.47000,0.00000
2026-06-02,3288,0.99751,1,1,0,1,1.00000,3.00000,1,20.05000,0.00000
2026-07-16,4139,0.99744,1,0,0,1,1.00000,3.00000,1,34.55000,0.00000
2026-07-27,3018,0.99665,1,1,0,1,1.00000,2.00000,0,14.30000,0.00000
2026-06-03,5701,0.99659,1,1,0,1,1.00000,5.00000,1,5.32000,0.00000
2026-06-03,3288,0.99633,1,0,0,1,1.00000,4.00000,1,22.05000,0.00000
2026-01-26,1471,0.99633,1,0,0,1,1.00000,3.00000,0,13.35000,0.00000
2026-04-24,4529,0.99613,1,1,0,1,1.00000,5.00000,1,4.98000,0.00000
2026-04-28,4529,0.99606,0,0,0,0,1.00000,7.00000,1,6.01000,-0.13374
2026-01-16,6152,0.99600,0,0,0,0,1.00000,2.00000,0,14.10000,0.00000
2026-06-02,5701,0.99580,1,1,0,1,1.00000,4.00000,1,4.84000,0.00000
2026-08-12,6225,0.99567,1,1,0,1,1.00000,2.00000,0,33.45000,0.00000
2026-03-16,6226,0.99541,1,1,0,1,1.00000,2.00000,0,11.05000,0.00000
2026-04-17,3229,0.99534,1,1,0,1,1.00000,2.00000,0,30.70000,0.00000
2026-05-27,3191,0.99521,1,1,0,1,1.00000,3.00000,1,21.90000,0.00000
2026-09-07,6872,0.99501,1,1,0,1,1.00000,4.00000,1,20.40000,0.00000
2026-04-20,3229,0.99482,1,0,0,1,1.00000,3.00000,0,33.75000,0.00000
2026-04-16,3229,0.99469,1,1,0,1,1.00000,1.00000,0,27.95000,0.00000
2026-05-28,3021,0.99469,1,1,0,1,1.00000,5.00000,0,27.40000,0.00000
2026-05-27,3021,0.99442,1,1,0,1,1.00000,4.00000,0,24.95000,0.00000
2026-01-02,3623,0.99436,1,0,0,1,1.00000,2.00000,1,26.00000,0.00000
2026-06-12,3285,0.99436,1,0,0,1,1.00000,3.00000,1,41.40000,0.00000
2026-01-15,6152,0.99429,1,0,0,1,1.00000,1.00000,0,12.85000,0.00000
2026-03-17,6226,0.99409,1,1,0,1,1.00000,3.00000,0,12.15000,0.00000
2026-05-22,2911,0.99396,1,0,0,1,1.00000,4.00000,0,8.69000,0.00000
2026-08-13,6225,0.99383,1,1,0,1,1.00000,3.00000,0,36.75000,0.00000
2026-05-19,2911,0.99364,1,1,1,0,1.00000,1.00000,0,6.54000,0.03602
2026-05-25,2911,0.99357,0,0,0,1,1.00000,5.00000,0,9.55000,-0.09048
2026-08-26,4188,0.99350,1,0,0,1,1.00000,4.00000,1,14.60000,0.00000
2026-06-11,3285,0.99344,1,1,0,1,1.00000,2.00000,1,37.65000,0.00000
