crit,minsup,depth,rules,d_prec,v_prec,t_prec,avg_t_n,best_t_ge30
prec,30,1,20,0.4641772920461445,0.47601918465227816,0.4626578215279264,233.65,0.5692307692307692
prec,30,2,20,0.6914446002805049,0.5245901639344263,0.5273132664437012,44.85,0.5945945945945946
prec,30,3,20,0.8181818181818182,0.5882352941176471,0.5047923322683706,31.3,0.59375
prec,30,4,20,0.9067103109656302,0.6604938271604939,0.49894736842105264,23.75,0.475
prec,30,5,20,0.9345335515548282,0.578125,0.5191256830601093,27.45,0.6052631578947368
prec,30,6,20,0.9669421487603306,0.4329268292682927,0.5262483994878361,39.05,0.5581395348837209
prec,50,1,20,0.4623145400593472,0.47523584905660377,0.46236559139784944,241.8,0.5238095238095238
prec,50,2,20,0.6182336182336182,0.5175879396984925,0.49461358313817333,106.75,0.65
prec,50,3,20,0.7312734082397003,0.5551181102362205,0.5184782608695652,46.0,0.5625
prec,50,4,20,0.8122641509433962,0.4861111111111111,0.5313304721030043,58.25,0.6
prec,50,5,20,0.8634097706879362,0.5456989247311828,0.5155709342560554,57.8,0.58
prec,50,6,20,0.8966535433070866,0.5538461538461539,0.47249774571686204,55.45,0.515625
wlb_sp,50,1,20,0.4495548961424332,0.46551724137931033,0.463571889103804,232.65,0.5238095238095238
wlb_sp,50,2,20,0.6120481927710844,0.5213675213675214,0.4893203883495146,103.0,0.65
wlb_sp,50,3,20,0.7359705611775529,0.6033755274261603,0.5261472785485592,46.85,0.6
wlb_sp,50,4,20,0.8156028368794326,0.49838187702265374,0.5386178861788617,73.8,0.6304347826086957
wlb_sp,50,5,20,0.8795411089866156,0.46629213483146065,0.5404304828388597,85.95,0.5952380952380952
wlb_sp,50,6,20,0.9245837414299706,0.4,0.5501618122977346,92.7,0.5862068965517241
