run,selector,crit,depth,d_n,d_prec,v_n,v_prec,t_n,t_pos,t_prec,t_days,t_picks_per_day,t_maxshare,t_wlb,t_buyprec,t_luprec,t_recall,text
a,a:D-top1[prec],prec,4.0,50,0.68,1,0.0,121,24,0.19834710743801653,23,0.6722222222222223,0.36363636363636365,0.13706713532662643,0.03305785123966942,0.19834710743801653,0.003601440576230492,f_bb_pctb < 0.01355 AND f_vol60 ≥ 0.04647 AND f_day_range ≥ 0.1102 AND f_mkt_near_hi < 0.1493
a,a:D-top1[prec200],prec200,4.0,202,0.4900990099009901,0,,0,0,,0,0.0,,0.0,,,0.0,f_range60 ≥ 0.5284 AND f_close_pos < 0.5 AND f_day_range ≥ 0.1102 AND f_mkt_breadth_ma20 < 0.1044
a,a:D-top1[wlb],wlb,4.0,53,0.6792452830188679,0,,60,7,0.11666666666666667,2,0.3333333333333333,0.55,0.057676474034500484,0.05,0.11666666666666667,0.0010504201680672268,f_ma60_slope10 ≥ 0.08426 AND f_macd_hist < 0.01002 AND f_trust_5 ≥ 0 AND f_mkt_r20 < -0.1467
a,a:D-top1[prec_sp],prec_sp,4.0,51,0.45098039215686275,2,0.0,18,2,0.1111111111111111,12,0.1,0.16666666666666666,0.031018868453582777,0.1111111111111111,0.1111111111111111,0.00030012004801920766,f_ma_tight < 0.1967 AND f_n_lu_60 ≥ 10 AND f_mkt_r20 < -0.05958 AND f_rk_r20 ≥ 0.9883
a,a:D-top1[wlb_sp],wlb_sp,4.0,52,0.4423076923076923,2,0.5,89,6,0.06741573033707865,16,0.49444444444444446,0.14606741573033707,0.03126095907688764,0.056179775280898875,0.06741573033707865,0.000900360144057623,f_ma_tight4 ≥ 0.2699 AND f_n_lu_60 ≥ 10 AND f_v5_20 ≥ 1.221 AND f_mkt_r20 < -0.05958
a,a:DV-top1,wlb_sp,3.0,167,0.2634730538922156,21,0.19047619047619047,137,9,0.06569343065693431,16,0.7611111111111111,0.0948905109489051,0.034942942220888625,0.043795620437956206,0.06569343065693431,0.0013505402160864347,f_up_days5 < 4 AND f_mkt_r20 < -0.05958 AND f_rk_r20 ≥ 0.9883
a,a:DV-top1[spread],wlb_sp,3.0,167,0.2634730538922156,21,0.19047619047619047,137,9,0.06569343065693431,16,0.7611111111111111,0.0948905109489051,0.034942942220888625,0.043795620437956206,0.06569343065693431,0.0013505402160864347,f_up_days5 < 4 AND f_mkt_r20 < -0.05958 AND f_rk_r20 ≥ 0.9883
a,a:DV-top5-union,union,,710,0.18028169014084508,97,0.18556701030927836,1126,135,0.11989342806394317,148,6.2555555555555555,0.05595026642984014,0.10220037308615426,0.09857904085257549,0.11989342806394317,0.020258103241296517,DV 前 5 條規則任一命中
a,a:DV-top10-union,union,,1229,0.15703824247355574,179,0.16759776536312848,2055,228,0.11094890510948906,169,11.416666666666666,0.032116788321167884,0.09808887719370891,0.09537712895377129,0.11094890510948906,0.034213685474189674,DV 前 10 條規則任一命中
a,a:DV-top20-union,union,,2440,0.13401639344262295,288,0.14930555555555555,2998,350,0.11674449633088725,172,16.655555555555555,0.0400266844563042,0.10573705256182828,0.09606404269513008,0.11674449633088725,0.052521008403361345,DV 前 20 條規則任一命中
a,a:TEST-oracle(≥30),prec,2.0,113,0.20353982300884957,7,0.0,118,54,0.4576271186440678,27,0.6555555555555556,0.635593220338983,0.3704897254617516,0.1694915254237288,0.4576271186440678,0.008103241296518607,f_ma5_ma20 < -0.1421 AND f_upper_shadow ≥ 0.05446
c,c:D-top1[prec],prec,4.0,51,0.7058823529411765,0,,29,2,0.06896551724137931,2,0.16111111111111112,0.6896551724137931,0.019120864097994437,0.06896551724137931,0.13793103448275862,0.0002591344908007256,f_ma60_slope10 ≥ 0.08659 AND f_fgn_streak ≥ 1 AND f_rev_yoy_acc < 98.28 AND f_mkt_r20 < -0.1467
c,c:D-top1[prec200],prec200,4.0,204,0.4803921568627451,0,,0,0,,0,0.0,,0.0,,,0.0,f_range60 ≥ 0.4915 AND f_close_pos < 0.5 AND f_day_range ≥ 0.1135 AND f_mkt_breadth_ma20 < 0.1044
c,c:D-top1[wlb],wlb,4.0,51,0.7058823529411765,0,,33,2,0.06060606060606061,2,0.18333333333333332,0.6666666666666666,0.016780530429070947,0.06060606060606061,0.12121212121212122,0.0002591344908007256,f_ma60_slope10 ≥ 0.08659 AND f_fgn_streak ≥ 1 AND f_rev_yoy_acc < 142.9 AND f_mkt_r20 < -0.1467
c,c:D-top1[prec_sp],prec_sp,4.0,50,0.5,4,0.25,19,4,0.21052631578947367,17,0.10555555555555556,0.10526315789473684,0.08507538491591575,0.21052631578947367,0.5263157894736842,0.0005182689816014512,f_gap ≥ 0.01379 AND f_macd_hist_d1 ≥ 0.007774 AND f_ml_chg20 ≥ 3.154 AND f_lend_to_v < 0.2009
c,c:D-top1[wlb_sp],wlb_sp,4.0,56,0.5178571428571429,13,0.15384615384615385,19,5,0.2631578947368421,17,0.10555555555555556,0.15789473684210525,0.11806238339540162,0.2631578947368421,0.3157894736842105,0.000647836227001814,f_vr5 ≥ 1.302 AND f_log_tv20 < 5.067 AND f_ms_to_v ≥ 0.3027 AND x_lu_streak ≥ 3
c,c:DV-top1,wlb_sp,3.0,64,0.390625,23,0.34782608695652173,109,26,0.23853211009174313,58,0.6055555555555555,0.09174311926605505,0.16829549205620983,0.23853211009174313,0.25688073394495414,0.0033687483804094327,f_c_ma60 ≥ 0.5336 AND f_body ≥ 0.08893 AND f_dt_ratio < 0.6284
c,c:DV-top1[spread],wlb_sp,3.0,64,0.390625,23,0.34782608695652173,109,26,0.23853211009174313,58,0.6055555555555555,0.09174311926605505,0.16829549205620983,0.23853211009174313,0.25688073394495414,0.0033687483804094327,f_c_ma60 ≥ 0.5336 AND f_body ≥ 0.08893 AND f_dt_ratio < 0.6284
c,c:DV-top5-union,union,,221,0.37104072398190047,80,0.3,395,84,0.21265822784810126,137,2.1944444444444446,0.027848101265822784,0.1751720139424706,0.21265822784810126,0.3012658227848101,0.010883648613630474,DV 前 5 條規則任一命中
c,c:DV-top10-union,union,,378,0.30952380952380953,117,0.26495726495726496,643,148,0.2301710730948678,152,3.5722222222222224,0.02332814930015552,0.19929412682451536,0.2301710730948678,0.3110419906687403,0.019175952319253693,DV 前 10 條規則任一命中
c,c:DV-top20-union,union,,1097,0.23883318140382861,252,0.2222222222222222,1269,266,0.20961386918833727,173,7.05,0.02206461780929866,0.18811174595166996,0.20961386918833727,0.3459416863672183,0.0344648872764965,DV 前 20 條規則任一命中
c,c:TEST-oracle(≥30),prec,2.0,52,0.2692307692307692,2,0.5,38,17,0.4473684210526316,18,0.2111111111111111,0.4473684210526316,0.3014616531155089,0.4473684210526316,0.5789473684210527,0.0022026431718061676,f_rsi14 < 32.29 AND x_lu_s ≥ 1
bd,bd:D-top1[prec],prec,4.0,30,0.9666666666666667,0,,16,9,0.5625,13,0.6956521739130435,0.125,0.3317819560677652,0.25,0.5625,0.04891304347826087,f_ma20_ma60 < 0.04061 AND f_v_dryup5 < 0.1385 AND f_macd_gold3 < 1 AND f_fgn_1 ≥ -0.05406
bd,bd:D-top1[wlb],wlb,4.0,32,0.96875,0,,9,5,0.5555555555555556,7,0.391304347826087,0.2222222222222222,0.26664734574402965,0.1111111111111111,0.5555555555555556,0.02717391304347826,f_ma20_ma60 < 0.04061 AND f_v_dryup5 < 0.1385 AND f_fgn_5 < 0.6484 AND f_mkt_vol_ratio < 0.752
bd,bd:D-top1[wlb_sp],wlb_sp,4.0,31,0.8709677419354839,0,,12,6,0.5,9,0.5217391304347826,0.16666666666666666,0.2537781703934222,0.25,0.5,0.03260869565217391,f_r3 ≥ 0.09375 AND f_gap ≥ 0.09764 AND f_dt_ratio 缺值 AND f_rev_yoy ≥ 58.66
bd,bd:TEST-oracle(≥30),wlb_sp,2.0,33,0.6060606060606061,0,,31,17,0.5483870967741935,21,1.3478260869565217,0.12903225806451613,0.37771879603669134,0.16129032258064516,0.5483870967741935,0.09239130434782608,f_ms_to_ml 缺值 AND x_vol20 < 114.4
