feature,med_pos,med_neg,nan_pos,nan_neg,lo,hi,nan_in,pos_share,neg_share,lift,prec,base_rate
f_vol10,0.0353444,0.0158166,0.00753419,0.0101676,0.0238032,inf,False,0.700025,0.27495,2.54601,0.0307221,0.0122962
f_days_since_lu,13,121,0,0,-inf,41,False,0.701499,0.285115,2.46041,0.0297199,0.0122962
f_day_range,0.0472441,0.0208768,0.00163787,0.00131415,0.03125,inf,True,0.70027,0.288796,2.42479,0.0293023,0.0122962
f_atr14,0.04339,0.0255371,0.00049136,0.000558692,0.0333851,inf,True,0.700025,0.316125,2.21439,0.0268279,0.0122962
f_range20,0.231795,0.124528,0.0152322,0.0189089,0.165816,inf,False,0.700025,0.323418,2.16446,0.0262389,0.0122962
f_bbw,0.221404,0.107188,0.00098272,0.00118977,0.149069,inf,False,0.700025,0.326158,2.14627,0.0260242,0.0122962
f_n_lu_60,2,0,0,0,1,inf,False,0.758824,0.358441,2.11701,0.0256785,0.0122962
f_vol60,0.031797,0.0201363,0,0,0.0253787,inf,False,0.700025,0.331209,2.11355,0.0256375,0.0122962
f_n_lu_250,5,1,0,0,3,inf,False,0.735812,0.354276,2.07694,0.0252047,0.0122962
f_lend_to_v,0.493487,2.07812,0.0580624,0.035268,-inf,1.09768,True,0.700025,0.345097,2.02848,0.0246311,0.0122962
f_range60,0.383251,0.234307,0,0,0.28739,inf,False,0.700025,0.37049,1.88945,0.0229817,0.0122962
f_v_rank120,0.831933,0.470588,0,0,0.613445,1,False,0.703218,0.377503,1.86282,0.0226651,0.0122962
f_ma_tight4,0.108526,0.0510033,0,0,0.0661066,inf,False,0.700025,0.386577,1.81083,0.0220464,0.0122962
f_ma_tight,0.0470185,0.0218085,0.00024568,0.0001672,0.0268293,inf,True,0.700025,0.415884,1.68322,0.0205247,0.0122962
f_ind_r5_rel,0.0216992,-0.00504179,0.549259,0.428804,0.0644224,inf,True,0.700025,0.461788,1.5159,0.0185223,0.0122962
f_ms_to_ml,0.0186398,0.00387382,0.181967,0.0984114,0.00775758,inf,True,0.700025,0.464411,1.50734,0.0184196,0.0122962
f_lend_chg20,0,0,0.0634674,0.0372733,-0.0930233,0.198212,True,0.700188,0.465025,1.5057,0.0184,0.0122962
f_c_ma20,0.045977,5.25238e-05,0.00098272,0.00118977,0.00253114,inf,True,0.700025,0.468978,1.49266,0.0182435,0.0122962
f_c_ma60,0.09076,0.00141236,0,0,0.00575721,inf,False,0.700025,0.470388,1.48818,0.0181898,0.0122962
f_rsi14,59.0775,49.9255,0,0,50.7852,inf,False,0.700025,0.470542,1.4877,0.0181839,0.0122962
f_c_ma120,0.137085,0.00656308,0,0,0.0129164,inf,False,0.700025,0.4714,1.48499,0.0181515,0.0122962
f_rsi10,60.5357,49.8422,0,0,50.8357,inf,False,0.700025,0.471787,1.48377,0.0181368,0.0122962
f_fgn_20,0.0849886,-0.0209399,0.0721481,0.0595548,-0.480256,0.897436,True,0.700025,0.476551,1.46894,0.0179588,0.0122962
f_bb_pctb,0.767858,0.500458,0.00098272,0.00118977,0.518875,inf,False,0.700025,0.483291,1.44845,0.0177128,0.0122962
f_n_above_ma,4,2,0,0,3,5,False,0.720088,0.499932,1.44037,0.0176157,0.0122962
f_vol_ratio_10_60,1.11213,0.849258,0.00753419,0.0101676,0.857933,inf,False,0.700025,0.486278,1.43956,0.0176059,0.0122962
f_rsi5,64.1524,49.5185,0,0,50.1412,inf,False,0.700025,0.488244,1.43376,0.0175362,0.0122962
f_bbw_rank120,0.722689,0.478992,0,0,0.487395,inf,False,0.701499,0.496834,1.41194,0.0172739,0.0122962
f_inst_pct_v1,0.0159638,-0.00342027,0.0403734,0.0388566,-0.0742741,0.176782,True,0.700025,0.49602,1.41128,0.0172661,0.0122962
f_c_ma10,0.0287184,-0.000205719,0.00114651,0.00143547,0,inf,True,0.700352,0.498002,1.40632,0.0172064,0.0122962
f_r120,0.233168,0.0272727,0.00212923,0.00144669,0.0284605,inf,True,0.700025,0.498025,1.4056,0.0171977,0.0122962
f_r60,0.148601,0.00731316,0.0012284,0.00112758,0.00793651,inf,True,0.700025,0.498421,1.40449,0.0171843,0.0122962
f_pos20,0.683333,0.45098,0.00098272,0.00118977,0.453333,inf,True,0.700025,0.498482,1.40431,0.0171823,0.0122962
f_r20,0.0824373,0.00126743,0.00147408,0.0012173,0.00150602,inf,True,0.700025,0.499111,1.40254,0.017161,0.0122962
f_rs20,0.068097,-0.00762916,0.00147408,0.0012173,-0.00852034,inf,True,0.700025,0.506577,1.38187,0.0169123,0.0122962
f_ml_to_v,1.6227,3.10863,0.079109,0.0493943,-inf,2.91982,True,0.700025,0.507493,1.37938,0.0168823,0.0122962
f_dt_ratio,0.378265,0.196151,0.6237,0.487274,0.543509,inf,True,0.700025,0.510225,1.37199,0.0167934,0.0122962
f_lend_chg5,0,0,0.0594546,0.0357451,-0.0347192,0.0656139,True,0.700025,0.511566,1.36839,0.0167501,0.0122962
f_r10,0.0517711,0,0.00098272,0.00132129,0,inf,False,0.702891,0.517058,1.3594,0.0166419,0.0122962
f_dt_ratio20,0.395697,0.226767,0.644747,0.498083,0.556229,inf,True,0.700025,0.517149,1.35362,0.0165723,0.0122962
f_vr20,1.22262,0.738198,8.18934e-05,0.000150888,0.713302,inf,False,0.700025,0.519502,1.34749,0.0164985,0.0122962
f_pos60,0.682963,0.463415,0,0,0.443412,inf,False,0.700025,0.521434,1.3425,0.0164384,0.0122962
f_obv_slope20,0.198324,0.0401081,0.00155597,0.00135391,0.012251,inf,True,0.700025,0.535393,1.3075,0.0160166,0.0122962
f_updown_vol20,1.51907,1.0905,8.18934e-05,0.000168219,1.02481,inf,False,0.700025,0.53573,1.30667,0.0160067,0.0122962
f_c_ma5,0.0168426,-0.000257666,0.000327573,0.000355809,-0.00139944,inf,True,0.700025,0.536645,1.30445,0.0159799,0.0122962
f_pos120,0.678571,0.466667,0,0,0.431681,inf,False,0.700025,0.538529,1.29988,0.0159249,0.0122962
f_ind_lu_cnt5,2,1,0.549013,0.428442,4,inf,True,0.721563,0.555372,1.29924,0.0159171,0.0122962
f_kd_k,59.2742,45.4471,0,0,42.2192,inf,False,0.700025,0.541842,1.29194,0.015829,0.0122962
f_r5,0.0340357,0,0.00098272,0.0013427,-0.00299401,inf,True,0.700025,0.544058,1.28667,0.0157656,0.0122962
f_ind_lu_share,0,0,0.549013,0.428442,0.0188679,inf,True,0.70027,0.545816,1.28298,0.015721,0.0122962
f_macd_dif,0.0160338,0.000279758,0,0,-0.00152475,inf,False,0.700025,0.549527,1.27387,0.0156111,0.0122962
f_fgn_5,0.0438596,-0.0059831,0.0547048,0.0498663,-0.180252,0.555182,True,0.700025,0.550858,1.27079,0.015574,0.0122962
f_ind_lu_cnt,0,0,0.549013,0.428442,1,inf,True,0.732618,0.577247,1.26916,0.0155543,0.0122962
f_ml_chg20,0.0415395,-0.0180354,0.183851,0.0994228,-0.019527,inf,True,0.700025,0.554886,1.26156,0.0154627,0.0122962
f_rk_r20,0.837902,0.496889,0.291213,0.429291,0.769561,inf,True,0.700025,0.558047,1.25442,0.0153765,0.0122962
f_r3,0.025849,0,0.00106461,0.0013427,-0.00324675,inf,True,0.700106,0.558599,1.25332,0.0153632,0.0122962
f_rk_r60,0.823025,0.496395,0.291459,0.429379,0.766355,inf,True,0.700106,0.559979,1.25024,0.015326,0.0122962
x_vol20,995.15,464.2,0,0,329.9,51025.8,False,0.700025,0.561986,1.24563,0.0152703,0.0122962
f_rk_log_tv20,0.559783,0.499502,0.291213,0.429291,0.00901713,0.993964,False,0.700025,0.562133,1.2453,0.0152664,0.0122962
f_rk_vr20,0.751546,0.497778,0.291213,0.429291,0.0113872,1,False,0.700434,0.5645,1.2408,0.0152121,0.0122962
f_rk_r5,0.810924,0.49763,0.291213,0.429291,0.000958773,1,False,0.707968,0.57058,1.24079,0.0152119,0.0122962
f_kd_kd,3.28952,-0.121621,0,0,-1.60073,inf,False,0.700025,0.566937,1.23475,0.015139,0.0122962
f_ms_to_v,0.030073,0.0107527,0.079109,0.0493943,0.00701385,inf,True,0.700025,0.568438,1.23149,0.0150996,0.0122962
f_ind_r5,0.0110072,0.00562865,0.549013,0.428442,0.0237731,inf,True,0.700025,0.56872,1.23088,0.0150922,0.0122962
f_vr5,1.14694,0.83545,0.00049136,0.000541361,0.746681,inf,True,0.700025,0.573337,1.22097,0.0149725,0.0122962
f_ma5_ma20,0.0237069,0.000317965,0.00106461,0.00137838,-0.00421941,inf,True,0.700025,0.574805,1.21785,0.0149349,0.0122962
f_kd_d,54.0966,45.5679,0,0,40.6144,inf,False,0.700025,0.578034,1.21104,0.0148527,0.0122962
f_ml_chg5,0.0143458,-0.00411817,0.181885,0.0985246,-0.00705597,inf,True,0.700025,0.578647,1.20976,0.0148372,0.0122962
f_ma20_slope5,0.0133839,0.000356888,0.00163787,0.00164549,-0.00245352,inf,True,0.700025,0.580511,1.20588,0.0147902,0.0122962
f_v5_20,1.15122,0.892667,0.000327573,0.000467956,0.810704,inf,True,0.700025,0.581431,1.20397,0.0147672,0.0122962
f_log_tv20,4.65613,4.30182,8.18934e-05,0.000136615,4.06965,6.82807,False,0.700025,0.587483,1.19157,0.0146173,0.0122962
f_ma60_slope10,0.016397,0.00129128,0,0,-0.00277931,inf,False,0.700025,0.590668,1.18514,0.0145396,0.0122962
f_fgn_1,0.0158009,-0.00257812,0.0404553,0.0389443,-0.0274725,inf,True,0.700025,0.602449,1.16197,0.0142593,0.0122962
f_mkt_lu_cnt5,16,14.6,0,0,13,191.4,False,0.704938,0.609633,1.15633,0.0141912,0.0122962
f_close_pos,0.538462,0.4,0.0292359,0.00698467,0.258065,1,True,0.717632,0.624946,1.14831,0.0140941,0.0122962
f_trust_20,0,0,0.0721481,0.0595548,-0.000653573,0,True,0.772009,0.674206,1.14506,0.0140548,0.0122962
f_ma20_ma60,0.030036,0.00152739,0.00098272,0.00118977,-0.0106744,inf,True,0.700025,0.618951,1.13098,0.0138844,0.0122962
f_up_days5,3,2,0.00466792,0.0060559,2,5,False,0.834166,0.737563,1.13098,0.0138843,0.0122962
f_ma60_ma120,0.0323532,0.0054844,0,0,-0.0085541,inf,False,0.700025,0.621387,1.12655,0.0138308,0.0122962
f_macd_hist,0.00391184,6.58429e-05,0,0,-0.00138587,inf,False,0.700025,0.625719,1.11875,0.0137363,0.0122962
f_trust_5,0,0,0.0547048,0.0498663,-0.00059122,0,False,0.765949,0.69096,1.10853,0.0136125,0.0122962
f_mkt_lu_cnt,16,13,0,0,11,inf,False,0.726149,0.656419,1.10623,0.0135846,0.0122962
f_r1,0.0107296,0,0.00163787,0.00131415,-0.00460123,inf,True,0.700025,0.645151,1.08506,0.0133281,0.0122962
f_macd_hist_d1,0.00101011,-6.23389e-06,0,0,-0.000444593,inf,False,0.700025,0.648731,1.07907,0.0132555,0.0122962
f_lower_shadow,0.00583658,0.00340136,0.00163787,0.00131415,0.00149031,inf,True,0.700025,0.65422,1.07001,0.0131458,0.0122962
f_trust_1,0,0,0.0404553,0.0389443,-0.000269088,0,False,0.833838,0.780513,1.06832,0.0131252,0.0122962
f_rev_yoy_acc,1.7,0,0.295062,0.33912,-6881.58,1281.17,False,0.70027,0.656315,1.06697,0.0131089,0.0122962
f_ms_chg5,0.0475562,0,0.352551,0.38059,0,inf,True,0.739497,0.695098,1.06388,0.0130713,0.0122962
f_gap,0.00555556,0,0.00163787,0.00131415,0,0.1,True,0.77856,0.734696,1.0597,0.0130208,0.0122962
f_macd_hist_d3,0.00210131,3.27332e-05,0,0,-0.00128667,inf,False,0.700025,0.665994,1.0511,0.0129164,0.0122962
f_mkt_vol_ratio,0.721601,0.712017,0,0,0.664321,inf,False,0.700516,0.666717,1.0507,0.0129115,0.0122962
f_rev_yoy,9.17,3.44,0.277455,0.308172,2.33,inf,True,0.70027,0.667448,1.04918,0.0128931,0.0122962
f_rev_mom,2.71,0.53,0.277455,0.308172,-51.28,859.76,False,0.700025,0.671226,1.0429,0.012817,0.0122962
f_mkt_r5,0.00233645,0,0,0,-0.00707547,inf,False,0.700352,0.67765,1.0335,0.0127029,0.0122962
f_mkt_breadth_ma20,0.545537,0.523759,0,0,0.411597,0.905093,False,0.703874,0.68507,1.02745,0.0126294,0.0122962
x_price,41.8,42.2,0,0,20.25,140,False,0.70068,0.683533,1.02508,0.0126007,0.0122962
f_trust_streak,0,0,0.0403734,0.0388566,0,1,True,0.949472,0.937171,1.01313,0.0124556,0.0122962
f_mkt_r1,0,0,0,0,-0.00501463,0.0170593,False,0.707886,0.699136,1.01252,0.0124482,0.0122962
f_fgn_streak,1,0,0.0403734,0.0388566,0,5,True,0.967488,0.963803,1.00382,0.0123426,0.0122962
f_n_lu_20,1,0,0,0,0,inf,False,1,1,1,0.0122962,0.0122962
f_upper_shadow,0.00571429,0.00389864,0.00163787,0.00131415,0,inf,True,1,1,1,0.0122962,0.0122962
x_lu_streak,0,0,0,0,0,inf,False,1,1,1,0.0122962,0.0122962
x_close_at_high,0,0,0,0,0,1,False,1,1,1,0.0122962,0.0122962
x_oneword_s,0,0,0,0,0,1,False,1,1,1,0.0122962,0.0122962
x_lu_s,0,0,0,0,0,1,False,1,1,1,0.0122962,0.0122962
f_brk20,0,0,0,0,-inf,1,False,1,1,1,0.0122962,0.0122962
f_brk60,0,0,0,0,0,1,False,1,1,1,0.0122962,0.0122962
f_bull_align,0,0,0,0,-inf,1,False,1,1,1,0.0122962,0.0122962
f_up_streak,1,0,0,0,0,inf,False,1,1,1,0.0122962,0.0122962
f_macd_gold10,0,0,0,0,-inf,1,False,1,1,1,0.0122962,0.0122962
f_macd_gold3,0,0,0,0,0,1,False,1,1,1,0.0122962,0.0122962
f_macd_hist_pos,1,1,0,0,-inf,1,False,1,1,1,0.0122962,0.0122962
f_kd_gold3,0,0,0,0,-inf,1,False,1,1,1,0.0122962,0.0122962
f_macd_dif_pos,1,1,0,0,-inf,1,False,1,1,1,0.0122962,0.0122962
f_pv_up_surge,0,0,0,0,-inf,1,False,1,1,1,0.0122962,0.0122962
f_mkt_r20,0.00680962,0.00579151,0,0,-0.0176675,0.0702703,False,0.701662,0.703701,0.997102,0.012261,0.0122962
f_body,0.00328228,-0.00170648,0.00163787,0.00131415,-0.00906002,inf,True,0.700025,0.70415,0.994141,0.012225,0.0122962
f_mkt_near_hi,0.208214,0.20679,0,0,0.139298,0.47744,False,0.701826,0.711215,0.986799,0.0121358,0.0122962
f_v_dryup5,0.428473,0.439932,0.000327573,0.000467956,-inf,0.58235,False,0.700025,0.720862,0.971094,0.011945,0.0122962
f_dist_hi240,-0.158192,-0.176438,0.0308738,0.0431549,-0.303521,0,False,0.715748,0.755798,0.947009,0.0116522,0.0122962
f_dist_hi20,-0.0583658,-0.0552326,0.00098272,0.00118977,-inf,-0.0265655,False,0.700025,0.752569,0.93018,0.0114475,0.0122962
f_dist_hi120,-0.123318,-0.136033,0,0,-0.225254,inf,False,0.700025,0.757667,0.923921,0.0113713,0.0122962
f_dist_hi60,-0.0934844,-0.0990991,0,0,-0.172603,inf,False,0.700025,0.764583,0.915564,0.0112696,0.0122962
