name,definition,design_picks,design_prec,design_buy,report_picks,report_hits,report_prec,report_lb,report_buy,report_days,report_ppd,opt_for
LU&q_v>=4.034,LU&q_v>=θ; θ=4.034 chosen on design to max m_y precision (min 20 design picks),31,0.5161290322580645,0.12903225806451613,16,5,0.3125,0.14164643765150897,0.0625,11,0.8888888888888888,m_y
LU&bidlim>=1.464e+04,LU&bidlim>=θ; θ=1.464e+04 chosen on design to max m_y precision (min 20 design picks),61,0.36065573770491804,0.21311475409836064,27,4,0.14814814814814814,0.0591592773507091,0.14814814814814814,12,1.5,m_y
LU&qv20>=5.66,LU&qv20>=θ; θ=5.66 chosen on design to max m_y precision (min 20 design picks),31,0.3548387096774194,0.03225806451612903,33,7,0.21212121212121213,0.10676021475084825,0.030303030303030304,14,1.8333333333333333,m_y
LU&qval>=16.73,LU&qval>=θ; θ=16.73 chosen on design to max m_y precision (min 20 design picks),122,0.2786885245901639,0.20491803278688525,50,4,0.08,0.03154951386931146,0.08,12,2.7777777777777777,m_y
LU&oneword&q_v>=5.879,LU&oneword&q_v>=θ; θ=5.879 chosen on design to max m_y precision (min 10 design picks),15,0.6666666666666666,0.13333333333333333,4,1,0.25,0.04558726029536886,0.0,4,0.2222222222222222,m_y
LU&streak>=2&q_v>=1.781,LU&streak>=2&q_v>=θ; θ=1.781 chosen on design to max m_y precision (min 20 design picks),30,0.43333333333333335,0.06666666666666667,18,5,0.2777777777777778,0.1249975330046966,0.1111111111111111,12,1.0,m_y
LU&streak>=3&q_v>=1.51,LU&streak>=3&q_v>=θ; θ=1.51 chosen on design to max m_y precision (min 10 design picks),17,0.5882352941176471,0.058823529411764705,5,2,0.4,0.11762077314099711,0.2,5,0.2777777777777778,m_y
LU&!oneword&q_v>=0.4004,LU&!oneword&q_v>=θ; θ=0.4004 chosen on design to max m_y precision (min 10 design picks),160,0.21875,0.1375,155,34,0.21935483870967742,0.16143242357856039,0.12903225806451613,18,8.61111111111111,m_y
LU&M_lu>=-0.4942,LU&M_lu>=θ; θ=-0.4942 chosen on design to max m_y precision (min 20 design picks),31,0.45161290322580644,0.06451612903225806,37,15,0.40540540540540543,0.263465180965674,0.16216216216216217,13,2.0555555555555554,m_y
LU&oneword&M_lu>=-0.6834,LU&oneword&M_lu>=θ; θ=-0.6834 chosen on design to max m_y precision (min 10 design picks),29,0.5517241379310345,0.06896551724137931,21,7,0.3333333333333333,0.17194752512289008,0.047619047619047616,10,1.1666666666666667,m_y
LU&q_v>=0.3714,LU&q_v>=θ; θ=0.3714 chosen on design to max m_buy_lu precision (min 20 design picks),243,0.3004115226337449,0.13991769547325103,200,44,0.22,0.1681653832242373,0.115,18,11.11111111111111,m_buy_lu
LU&bidlim>=6604,LU&bidlim>=θ; θ=6604 chosen on design to max m_buy_lu precision (min 20 design picks),122,0.3114754098360656,0.21311475409836064,89,17,0.19101123595505617,0.12281956445071363,0.14606741573033707,16,4.944444444444445,m_buy_lu
LU&qv20>=0,LU&qv20>=θ; θ=0 chosen on design to max m_buy_lu precision (min 20 design picks),606,0.21947194719471946,0.13861386138613863,492,123,0.25,0.2137742904721067,0.19715447154471544,18,27.333333333333332,m_buy_lu
LU&qval>=16.73,LU&qval>=θ; θ=16.73 chosen on design to max m_buy_lu precision (min 20 design picks),122,0.2786885245901639,0.20491803278688525,50,4,0.08,0.03154951386931146,0.08,12,2.7777777777777777,m_buy_lu
LU&oneword&q_v>=4.956,LU&oneword&q_v>=θ; θ=4.956 chosen on design to max m_buy_lu precision (min 10 design picks),22,0.6363636363636364,0.18181818181818182,5,1,0.2,0.03622410822563068,0.0,4,0.2777777777777778,m_buy_lu
LU&streak>=2&q_v>=0,LU&streak>=2&q_v>=θ; θ=0 chosen on design to max m_buy_lu precision (min 20 design picks),147,0.29931972789115646,0.1360544217687075,125,31,0.248,0.1805674712852525,0.176,18,6.944444444444445,m_buy_lu
LU&streak>=3&q_v>=0,LU&streak>=3&q_v>=θ; θ=0 chosen on design to max m_buy_lu precision (min 10 design picks),55,0.45454545454545453,0.12727272727272726,30,10,0.3333333333333333,0.19230497996726426,0.2,15,1.6666666666666667,m_buy_lu
LU&!oneword&q_v>=0,LU&!oneword&q_v>=θ; θ=0 chosen on design to max m_buy_lu precision (min 10 design picks),533,0.18198874296435272,0.13883677298311445,464,114,0.24568965517241378,0.20871274050218017,0.20474137931034483,18,25.77777777777778,m_buy_lu
LU&M_lu>=-3.892,LU&M_lu>=θ; θ=-3.892 chosen on design to max m_buy_lu precision (min 20 design picks),606,0.21947194719471946,0.13861386138613863,490,123,0.2510204081632653,0.21466585746302988,0.19795918367346937,18,27.22222222222222,m_buy_lu
LU&oneword&M_lu>=-2.569,LU&oneword&M_lu>=θ; θ=-2.569 chosen on design to max m_buy_lu precision (min 10 design picks),73,0.4931506849315068,0.136986301369863,28,9,0.32142857142857145,0.17933246836909303,0.07142857142857142,13,1.5555555555555556,m_buy_lu
"LU (all, has book)","LU (all, has book) (no threshold)",606,0.21947194719471946,0.13861386138613863,492,123,0.25,0.2137742904721067,0.19715447154471544,18,27.333333333333332,-
LU&oneword,LU&oneword (no threshold),73,0.4931506849315068,0.136986301369863,28,9,0.32142857142857145,0.17933246836909303,0.07142857142857142,13,1.5555555555555556,-
LU&oneword&streak>=2,LU&oneword&streak>=2 (no threshold),33,0.48484848484848486,0.030303030303030304,19,5,0.2631578947368421,0.11806412272087778,0.05263157894736842,9,1.0555555555555556,-
LU&streak>=3,LU&streak>=3 (no threshold),55,0.45454545454545453,0.12727272727272726,30,10,0.3333333333333333,0.19230497996726426,0.2,15,1.6666666666666667,-
top1/day by x_bd_q_v,each day top-1 LU_s stocks by x_bd_q_v,27,0.5555555555555556,0.037037037037037035,18,4,0.2222222222222222,0.09000928045845542,0.05555555555555555,18,1.0,-
top1/day by qv20,each day top-1 LU_s stocks by qv20,27,0.4074074074074074,0.07407407407407407,18,4,0.2222222222222222,0.09000928045845542,0.05555555555555555,18,1.0,-
top1/day by M_lu,each day top-1 LU_s stocks by M_lu,27,0.4074074074074074,0.037037037037037035,18,10,0.5555555555555556,0.3371641549342691,0.2222222222222222,18,1.0,-
top1/day by M_lu_buy,each day top-1 LU_s stocks by M_lu_buy,27,0.3333333333333333,0.2222222222222222,18,8,0.4444444444444444,0.24559518003796732,0.2777777777777778,18,1.0,-
top3/day by x_bd_q_v,each day top-3 LU_s stocks by x_bd_q_v,79,0.34177215189873417,0.10126582278481013,54,13,0.24074074074074073,0.14644291436565254,0.09259259259259259,18,3.0,-
top3/day by qv20,each day top-3 LU_s stocks by qv20,79,0.3291139240506329,0.11392405063291139,54,16,0.2962962962962963,0.1913742506373976,0.12962962962962962,18,3.0,-
top3/day by M_lu,each day top-3 LU_s stocks by M_lu,79,0.34177215189873417,0.10126582278481013,54,21,0.3888888888888889,0.27041933746990876,0.2037037037037037,18,3.0,-
top3/day by M_lu_buy,each day top-3 LU_s stocks by M_lu_buy,79,0.26582278481012656,0.20253164556962025,54,18,0.3333333333333333,0.22241416463223138,0.25925925925925924,18,3.0,-
