selector,DESIGN_prec,DESIGN_picks,VALID_prec,VALID_picks,TEST_prec,TEST_picks,TEST_days,TEST_ppd,TEST_lb,TEST_buy
ALL AND-top1 (+f_vol10),0.030722,278236,0.034067,59529,0.054849,139675,180,775.97,0.053667,0.046365
ALL AND-top2 (+f_days_since_lu),0.042097,173788,0.046154,37440,0.067866,101568,180,564.27,0.066335,0.05676
ALL AND-top3 (+f_day_range),0.050686,122815,0.053595,26775,0.071457,81658,180,453.66,0.06971,0.062896
ALL AND-top4 (+f_atr14),0.04883,113967,0.051243,24940,0.07108,79446,180,441.37,0.069314,0.063011
ALL AND-top5 (+f_range20),0.049791,106124,0.051551,22754,0.072217,75758,180,420.88,0.070395,0.064059
ALL AND-top6 (+f_bbw),0.051142,100642,0.053806,21113,0.074136,72596,180,403.31,0.072253,0.06572
ALL AND-top7 (+f_n_lu_60),0.051142,100642,0.053806,21113,0.074136,72596,180,403.31,0.072253,0.06572
ALL AND-top8 (+f_vol60),0.052211,93276,0.054993,19366,0.075266,70550,180,391.94,0.073342,0.066719
ALL AND-top9 (+f_n_lu_250),0.055841,81696,0.0559,18730,0.076664,67581,180,375.45,0.074682,0.067963
ALL AND-top10 (+f_lend_to_v),0.061291,68362,0.060446,14724,0.087283,48016,180,266.76,0.084792,0.076974
ALL AND-greedy1 (+f_vol10),0.030722,278236,0.034067,59529,0.054849,139675,180,775.97,0.053667,0.046365
ALL AND-greedy2 (+f_v_rank120),0.043886,157863,0.046714,36370,0.073085,72176,180,400.98,0.071209,0.061419
ALL AND-greedy3 (+f_n_lu_250),0.058781,94538,0.054344,28301,0.084768,56637,180,314.65,0.082502,0.071243
ALL AND-greedy4 (+f_macd_hist_d1),0.074885,52000,0.072743,15383,0.10975,31343,180,174.13,0.10634,0.088217
ALL AND-greedy5 (+f_rk_r20),0.092064,34237,0.088131,10473,0.13186,18535,180,102.97,0.12706,0.10154
ALL AND-greedy6 (+f_fgn_1),0.10502,22329,0.10064,6379,0.15132,12047,180,66.928,0.14504,0.11563
ALL AND-greedy7 (+f_trust_20),0.11945,16291,0.11295,4418,0.15728,8291,180,46.061,0.1496,0.11338
ALL AND-greedy8 (+f_r120),0.13159,12341,0.12036,2908,0.16883,6320,180,35.111,0.1598,0.12215
ALL AND-greedy9 (+f_days_since_lu),0.14187,11095,0.13218,2489,0.17696,5877,180,32.65,0.16742,0.12728
ALL AND-greedy10 (+f_gap),0.1516,8885,0.14307,2041,0.1849,4754,180,26.411,0.17412,0.12873
ALL COUNT10>=2,0.020526,535309,0.022667,120041,0.040653,212063,180,1178.1,0.039821,0.034711
ALL COUNT10>=3,0.023244,450862,0.025857,99623,0.044357,189869,180,1054.8,0.04344,0.0378
ALL COUNT10>=4,0.026112,383505,0.029073,83926,0.047954,171392,180,952.18,0.046953,0.040825
ALL COUNT10>=5,0.029325,323001,0.032253,70132,0.051649,154466,180,858.14,0.050556,0.043971
ALL COUNT10>=6,0.032568,269778,0.035448,58395,0.0555,138540,180,769.67,0.054307,0.047163
ALL COUNT10>=7,0.036345,220883,0.039011,47653,0.0602,121744,180,676.36,0.058878,0.051148
ALL COUNT10>=8,0.041233,172265,0.043672,37255,0.066199,102887,180,571.59,0.064696,0.056188
ALL COUNT10>=9,0.048394,122060,0.04952,26676,0.074898,81337,180,451.87,0.073109,0.064067
ALL COUNT10>=10,0.061291,68362,0.060446,14724,0.087283,48016,180,266.76,0.084792,0.076974
ALL COUNT25>=17,0.042854,171326,0.0477,37673,0.076695,80201,180,445.56,0.074873,0.064837
ALL COUNT25>=18,0.046371,145004,0.051035,32507,0.081548,69799,180,387.77,0.079541,0.068941
ALL COUNT25>=19,0.05067,121689,0.054242,27783,0.086711,60050,180,333.61,0.084487,0.073256
ALL COUNT25>=20,0.055101,100724,0.058419,23383,0.091932,51440,180,285.78,0.089466,0.077605
ALL COUNT25>=21,0.06012,81936,0.062319,19352,0.098197,43270,180,240.39,0.095429,0.08269
ALL COUNT25>=22,0.065605,65650,0.067765,15480,0.10455,34825,180,193.47,0.10138,0.088586
ALL COUNT25>=23,0.072331,49882,0.072545,11579,0.11401,25296,180,140.53,0.11015,0.096893
ALL COUNT25>=24,0.083373,33572,0.07969,7366,0.12362,15103,180,83.906,0.11846,0.10574
ALL COUNT25>=25,0.097498,16308,0.083285,3434,0.13202,5802,180,32.233,0.12356,0.11599
ALL COUNT91>=83,0.1228,13689,0.097189,3344,0.17196,6955,179,38.639,0.16328,0.13861
ALL COUNT91>=84,0.13097,10628,0.10565,2603,0.175,5343,177,29.683,0.16504,0.14262
ALL COUNT91>=85,0.13819,7989,0.10727,1911,0.18152,3939,174,21.883,0.16979,0.14826
ALL COUNT91>=86,0.14701,5748,0.11013,1353,0.18373,2754,173,15.3,0.16971,0.15251
ALL COUNT91>=87,0.14817,3982,0.11526,937,0.20142,1832,170,10.178,0.18369,0.16703
ALL COUNT91>=88,0.15687,2467,0.12413,572,0.21371,1109,157,6.1611,0.19059,0.17674
ALL COUNT91>=89,0.17728,1382,0.15385,286,0.21368,585,131,3.25,0.18238,0.18462
ALL COUNT91>=90,0.18349,545,0.14179,134,0.24891,229,87,1.2722,0.19736,0.20524
ALL COUNT91>=91,0.17593,108,0.14286,35,0.26923,52,36,0.28889,0.16769,0.21154
ALL LLR>=DESIGN q0.9,0.057085,99308,0.061827,23016,0.095742,49529,180,275.16,0.093182,0.079994
ALL LLR>=DESIGN q0.97,0.094854,29793,0.087248,7152,0.14109,15359,180,85.328,0.13567,0.11648
ALL LLR>=DESIGN q0.99,0.12798,9931,0.10036,2252,0.16659,4394,179,24.411,0.15587,0.14042
ALL LLR>=DESIGN q0.997,0.14799,2980,0.10535,617,0.19962,1062,164,5.9,0.17668,0.17043
ALL LLR>=DESIGN q0.999,0.17907,994,0.14948,194,0.22772,303,106,1.6833,0.18408,0.19472
ALL LLR>=DESIGN q0.9997,0.18627,306,0.10959,73,0.29787,94,61,0.52222,0.21484,0.24468
ALL LLR top1/day,0.18228,587,0.11024,127,0.19444,180,180,1,0.14326,0.16111
ALL COUNTall top1/day,0.17036,587,0.14173,127,0.2,180,180,1,0.14811,0.17222
ALL LLR top3/day,0.159,1761,0.12861,381,0.21296,540,180,3,0.18052,0.18148
ALL COUNTall top3/day,0.16411,1761,0.11549,381,0.21852,540,180,3,0.18572,0.18519
ALL LLR top10/day,0.13066,5870,0.10551,1270,0.17444,1800,180,10,0.15761,0.15333
ALL COUNTall top10/day,0.13424,5870,0.11575,1270,0.18389,1800,180,10,0.16667,0.15556
FRESH AND-top1 (+f_day_range),0.021753,311865,0.023101,71901,0.03796,144837,180,804.65,0.036988,0.03515
FRESH AND-top2 (+f_atr14),0.027451,206255,0.029061,47314,0.044048,116872,180,649.29,0.042887,0.040797
FRESH AND-top3 (+f_vol10),0.029482,178414,0.031418,39468,0.047026,105219,180,584.55,0.045763,0.0435
FRESH AND-top4 (+f_range20),0.031252,157302,0.033651,33253,0.049535,95791,180,532.17,0.048179,0.045756
FRESH AND-top5 (+f_n_lu_250),0.036291,114711,0.035848,28816,0.052864,84273,180,468.18,0.051373,0.048853
FRESH AND-top6 (+f_vol60),0.037192,107953,0.037206,25856,0.054032,81266,180,451.48,0.052499,0.04991
FRESH AND-top7 (+f_days_since_lu),0.038346,99516,0.03809,24048,0.055568,75907,180,421.71,0.053961,0.051247
FRESH AND-top8 (+f_bbw),0.039095,94719,0.039239,22401,0.056838,73120,180,406.22,0.055183,0.05238
FRESH AND-top9 (+f_range60),0.039484,89935,0.039854,20249,0.057865,69437,180,385.76,0.056153,0.053257
FRESH AND-top10 (+f_lend_to_v),0.043725,74946,0.04339,16248,0.066969,49844,180,276.91,0.064808,0.061632
FRESH AND-greedy1 (+f_day_range),0.021753,311865,0.023101,71901,0.03796,144837,180,804.65,0.036988,0.03515
FRESH AND-greedy2 (+f_lend_to_v),0.029586,179953,0.032386,33934,0.052699,74916,180,416.2,0.051122,0.048721
FRESH AND-greedy3 (+f_n_lu_250),0.035741,121680,0.035914,28290,0.058035,64117,180,356.21,0.056251,0.053652
FRESH AND-greedy4 (+f_v_rank120),0.042775,85190,0.041244,21215,0.066722,41321,180,229.56,0.064355,0.06222
FRESH AND-greedy5 (+f_inst_pct_v1),0.048065,62082,0.045954,14732,0.073249,27659,180,153.66,0.070238,0.068151
FRESH AND-greedy6 (+f_ind_r5_rel),0.052199,46840,0.047555,11145,0.075591,19751,180,109.73,0.071986,0.071186
FRESH AND-greedy7 (+f_ma_tight4),0.056187,38354,0.04956,9322,0.081463,16977,180,94.317,0.077442,0.07681
FRESH AND-greedy8 (+f_vr5),0.060553,25944,0.053894,6420,0.090789,12138,180,67.433,0.085807,0.08494
FRESH AND-greedy9 (+f_kd_d),0.064912,20474,0.057977,5209,0.09712,9792,180,54.4,0.091412,0.091401
FRESH AND-greedy10 (+f_trust_20),0.069496,15929,0.057609,3923,0.09468,7425,180,41.25,0.088229,0.089966
FRESH COUNT10>=2,0.015535,561366,0.016984,126646,0.029826,213335,180,1185.2,0.029113,0.027633
FRESH COUNT10>=3,0.017167,478075,0.019024,105813,0.032318,191381,180,1063.2,0.031535,0.029946
FRESH COUNT10>=4,0.018963,411278,0.021013,89943,0.034664,173638,180,964.66,0.033814,0.032136
FRESH COUNT10>=5,0.020865,351017,0.022874,76114,0.037239,156850,180,871.39,0.036314,0.034511
FRESH COUNT10>=6,0.023187,295511,0.024742,63939,0.03972,141315,180,785.08,0.038714,0.036797
FRESH COUNT10>=7,0.025707,243751,0.027365,52257,0.042765,125172,180,695.4,0.041658,0.03957
FRESH COUNT10>=8,0.029004,191563,0.03049,40767,0.046647,106910,180,593.94,0.045399,0.043083
FRESH COUNT10>=9,0.034217,135195,0.035601,29128,0.053515,83603,180,464.46,0.05201,0.049328
FRESH COUNT10>=10,0.043725,74946,0.04339,16248,0.066969,49844,180,276.91,0.064808,0.061632
FRESH COUNT25>=17,0.028381,211765,0.03115,43564,0.049578,96050,180,533.61,0.048223,0.045851
FRESH COUNT25>=18,0.030751,179313,0.033537,36706,0.053212,81955,180,455.31,0.051696,0.049173
FRESH COUNT25>=19,0.033865,148650,0.036135,30441,0.057206,68297,180,379.43,0.055489,0.052872
FRESH COUNT25>=20,0.036929,119826,0.039345,24425,0.062023,54238,180,301.32,0.060024,0.057248
FRESH COUNT25>=21,0.041134,92964,0.042148,18957,0.067947,40973,180,227.63,0.065551,0.063115
FRESH COUNT25>=22,0.046439,68305,0.046154,13845,0.073441,28649,180,159.16,0.070477,0.068344
FRESH COUNT25>=23,0.052693,46154,0.051758,9158,0.07902,17869,180,99.272,0.075154,0.073591
FRESH COUNT25>=24,0.060428,26428,0.056698,5009,0.086792,9010,180,50.056,0.081154,0.081465
FRESH COUNT25>=25,0.071862,10381,0.063185,1915,0.093706,2828,180,15.711,0.083509,0.089109
FRESH COUNT83>=75,0.062759,23678,0.060812,5443,0.093314,10245,180,56.917,0.087833,0.088531
FRESH COUNT83>=76,0.069482,18163,0.06083,4192,0.094035,7678,180,42.656,0.087708,0.089476
FRESH COUNT83>=77,0.072885,13295,0.061534,3104,0.099871,5417,180,30.094,0.092168,0.095071
FRESH COUNT83>=78,0.077519,9288,0.065468,2169,0.1084,3561,178,19.783,0.098604,0.10334
FRESH COUNT83>=79,0.083389,5972,0.069335,1399,0.11189,2136,172,11.867,0.099213,0.10768
FRESH COUNT83>=80,0.087668,3422,0.07625,800,0.11131,1132,157,6.2889,0.094284,0.10777
FRESH COUNT83>=81,0.086658,1604,0.053073,358,0.11268,497,127,2.7611,0.087795,0.10865
FRESH COUNT83>=82,0.084249,546,0.045872,109,0.10959,146,70,0.81111,0.068589,0.10959
FRESH COUNT83>=83,0.030612,98,0.076923,13,0.2,15,11,0.083333,0.070474,0.2
FRESH LLR>=DESIGN q0.9,0.039519,98079,0.044142,22156,0.066036,47459,180,263.66,0.063837,0.062285
FRESH LLR>=DESIGN q0.97,0.060053,29424,0.058364,7042,0.091212,13507,180,75.039,0.086472,0.085955
FRESH LLR>=DESIGN q0.99,0.078303,9808,0.06338,2272,0.10706,3624,179,20.133,0.09741,0.1021
FRESH LLR>=DESIGN q0.997,0.088345,2943,0.075802,686,0.11073,885,161,4.9167,0.091718,0.10847
FRESH LLR>=DESIGN q0.999,0.080448,982,0.061321,212,0.10101,198,82,1.1,0.066343,0.10101
FRESH LLR>=DESIGN q0.9997,0.079412,340,0.072727,55,0.098592,71,40,0.39444,0.048582,0.098592
FRESH LLR top1/day,0.076661,587,0.07874,127,0.10556,180,180,1,0.068622,0.1
FRESH COUNTall top1/day,0.078365,587,0.047244,127,0.11667,180,180,1,0.077585,0.11111
FRESH LLR top3/day,0.094265,1761,0.089239,381,0.10926,540,180,3,0.085655,0.10741
FRESH COUNTall top3/day,0.090857,1761,0.070866,381,0.1,540,180,3,0.077454,0.098148
FRESH LLR top10/day,0.082453,5870,0.072441,1270,0.10556,1800,180,10,0.092191,0.10111
FRESH COUNTall top10/day,0.085179,5870,0.073228,1270,0.10333,1800,180,10,0.090105,0.1
CONT AND-top1 (+f_rk_r20),0.23919,7379,0.23892,1737,0.29692,3900,180,21.667,0.28279,0.17949
CONT AND-top2 (+x_price),0.27227,4591,0.27628,1075,0.32676,1876,180,10.422,0.30591,0.17697
CONT AND-top3 (+f_lend_to_v),0.28963,3249,0.28694,582,0.3836,988,177,5.4889,0.35379,0.20445
CONT AND-top4 (+f_fgn_1),0.30735,2437,0.32487,394,0.42213,687,169,3.8167,0.38573,0.21106
CONT AND-top5 (+f_lend_chg20),0.31364,2184,0.31579,323,0.42525,602,166,3.3444,0.38635,0.201
CONT AND-top6 (+f_rk_r60),0.31926,1942,0.34507,284,0.43327,517,162,2.8722,0.3912,0.20696
CONT AND-top7 (+f_lend_chg5),0.32121,1787,0.33846,260,0.44835,484,161,2.6889,0.40462,0.21074
CONT AND-top8 (+f_trust_20),0.324,1750,0.3451,255,0.44662,459,160,2.55,0.40177,0.20915
CONT AND-top9 (+f_dist_hi120),0.32566,1216,0.32911,158,0.48016,252,134,1.4,0.41924,0.22619
CONT AND-top10 (+f_rk_r5),0.33168,1010,0.35338,133,0.49065,214,123,1.1889,0.42443,0.21028
CONT AND-greedy1 (+f_rk_r20),0.23919,7379,0.23892,1737,0.29692,3900,180,21.667,0.28279,0.17949
CONT AND-greedy2 (+x_price),0.27227,4591,0.27628,1075,0.32676,1876,180,10.422,0.30591,0.17697
CONT AND-greedy3 (+f_fgn_1),0.30013,3152,0.32037,643,0.37913,1121,174,6.2278,0.35118,0.18644
CONT AND-greedy4 (+f_vr5),0.32349,2099,0.3519,395,0.40309,841,168,4.6722,0.37045,0.18906
CONT AND-greedy5 (+f_mkt_r20),0.34703,1412,0.35629,334,0.40468,556,114,3.0889,0.36467,0.20144
CONT AND-greedy6 (+f_ms_chg5),0.36914,1024,0.38136,236,0.4372,414,111,2.3,0.39021,0.20531
CONT AND-greedy7 (+f_rev_yoy_acc),0.38769,650,0.37383,214,0.44,350,109,1.9444,0.38893,0.20857
CONT AND-greedy8 (+f_log_tv20),0.41093,494,0.4,175,0.42537,268,106,1.4889,0.36765,0.16045
CONT AND-greedy9 (+f_mkt_r5),0.437,373,0.39535,129,0.4486,107,44,0.59444,0.35777,0.18692
CONT AND-greedy10 (+f_rk_r60),0.45545,303,0.39815,108,0.45361,97,43,0.53889,0.35819,0.19588
CONT COUNT10>=2,0.21064,11840,0.21832,2904,0.26863,8320,180,46.222,0.25921,0.17608
CONT COUNT10>=3,0.21761,11208,0.22545,2688,0.27666,7388,180,41.044,0.26658,0.17962
CONT COUNT10>=4,0.22541,10288,0.23552,2365,0.29089,6298,180,34.989,0.2798,0.18561
CONT COUNT10>=5,0.23489,9264,0.24805,2048,0.30292,5140,180,28.556,0.29051,0.18833
CONT COUNT10>=6,0.24746,7884,0.26079,1668,0.32279,3795,180,21.083,0.3081,0.19605
CONT COUNT10>=7,0.26504,6316,0.27229,1234,0.33853,2567,179,14.261,0.32047,0.194
CONT COUNT10>=8,0.28361,4619,0.28482,797,0.36209,1646,179,9.1444,0.33922,0.19806
CONT COUNT10>=9,0.3161,2901,0.33176,425,0.41646,814,170,4.5222,0.38307,0.20885
CONT COUNT10>=10,0.33168,1010,0.35338,133,0.49065,214,123,1.1889,0.42443,0.21028
CONT COUNT25>=17,0.26251,6137,0.27724,1248,0.34908,2730,178,15.167,0.33143,0.19524
CONT COUNT25>=18,0.2685,5229,0.28261,1012,0.36047,2150,177,11.944,0.34044,0.19767
CONT COUNT25>=19,0.2802,4404,0.28878,793,0.36946,1624,176,9.0222,0.34632,0.19581
CONT COUNT25>=20,0.2906,3627,0.29883,599,0.37688,1194,175,6.6333,0.34983,0.19263
CONT COUNT25>=21,0.30373,2894,0.32394,426,0.40433,831,168,4.6167,0.37148,0.19615
CONT COUNT25>=22,0.31594,2127,0.31818,308,0.4291,543,154,3.0167,0.38811,0.18785
CONT COUNT25>=23,0.33787,1471,0.3299,194,0.46037,328,142,1.8222,0.40719,0.18902
CONT COUNT25>=24,0.33297,919,0.31148,122,0.51456,206,121,1.1444,0.44667,0.19417
CONT COUNT25>=25,0.3318,434,0.32609,46,0.54545,88,62,0.48889,0.4417,0.20455
CONT COUNT78>=70,0.33333,1350,0.33784,222,0.45844,397,135,2.2056,0.41006,0.21662
CONT COUNT78>=71,0.33795,1083,0.33143,175,0.46048,291,115,1.6167,0.4041,0.21306
CONT COUNT78>=72,0.34234,777,0.36066,122,0.47917,192,96,1.0667,0.40961,0.1875
CONT COUNT78>=73,0.34615,520,0.36782,87,0.45763,118,73,0.65556,0.37049,0.17797
CONT COUNT78>=74,0.38068,352,0.4,50,0.46575,73,50,0.40556,0.35592,0.16438
CONT COUNT78>=75,0.3945,218,0.375,32,0.55556,36,29,0.2,0.39581,0.22222
CONT COUNT78>=76,0.37963,108,0.3125,16,0.58333,12,11,0.066667,0.31951,0.33333
CONT COUNT78>=77,0.44186,43,0.4,5,0.5,2,2,0.011111,0.094529,0.5
CONT COUNT78>=78,0.38462,13,,0,,0,0,0,,
CONT LLR>=DESIGN q0.9,0.33496,1230,0.33526,173,0.46689,302,127,1.6778,0.41139,0.2053
CONT LLR>=DESIGN q0.97,0.3794,369,0.40816,49,0.50667,75,54,0.41667,0.39598,0.17333
CONT LLR>=DESIGN q0.99,0.4065,123,0.375,16,0.55,20,20,0.11111,0.34208,0.2
CONT LLR>=DESIGN q0.997,0.43243,37,0.66667,3,0.5,2,2,0.011111,0.094529,0.5
CONT LLR>=DESIGN q0.999,0.38462,13,,0,,0,0,0,,
CONT LLR>=DESIGN q0.9997,0.38462,13,,0,,0,0,0,,
CONT LLR top1/day,0.31399,586,0.30709,127,0.47222,180,180,1,0.40063,0.19444
CONT COUNTall top1/day,0.31399,586,0.27559,127,0.44444,180,180,1,0.37377,0.18889
CONT LLR top3/day,0.29818,1754,0.30446,381,0.40185,540,180,3,0.36133,0.18704
CONT COUNTall top3/day,0.28905,1754,0.27297,381,0.4037,540,180,3,0.36314,0.1963
CONT LLR top10/day,0.24472,5586,0.25585,1239,0.34546,1786,180,9.9222,0.32376,0.19149
CONT COUNTall top10/day,0.23863,5586,0.24213,1239,0.33539,1786,180,9.9222,0.31386,0.18421
FRESH+CONT LLR(calibrated) top1/day,0.31346,587,0.30709,127,0.47222,180,180,1,0.40063,0.19444
FRESH+CONT LLR(calibrated) top3/day,0.29756,1761,0.30446,381,0.40185,540,180,3,0.36133,0.18704
FRESH+CONT LLR(calibrated) top10/day,0.2368,5870,0.25512,1270,0.34333,1800,180,10,0.32175,0.19056
