group,feature,auc,pos_med_pct,neg_med_pct,pos_med_raw,neg_med_raw,pos_share_top10,pos_share_bot10,sep
cont,f_log_tv20,0.4238,0.5764,0.6629,4.5464,4.7900,0.0472,0.1646,0.0762
cont,x_price,0.4247,0.4460,0.5504,37.9500,48.7000,0.0460,0.1222,0.0753
cont,f_lend_to_v,0.4366,0.1387,0.1877,0.2772,0.4755,0.0658,0.1519,0.0634
cont,f_gap,0.5576,0.9673,0.9416,0.0248,0.0191,0.2039,0.1051,0.0576
cont,f_body,0.4445,0.9885,0.9910,0.0744,0.0798,0.0972,0.2067,0.0555
cont,f_rk_vr20,0.4459,0.8119,0.8923,0.9289,0.9412,0.0777,0.0647,0.0541
cont,f_day_range,0.4462,0.9698,0.9755,0.0830,0.0874,0.1012,0.2110,0.0538
cont,f_ml_chg20,0.5538,0.9250,0.8733,0.1720,0.1146,0.0000,0.0916,0.0538
cont,x_oneword_s,0.5529,0.5000,0.5000,0.0000,0.0000,0.1789,0.0912,0.0529
cont,f_bbw_rank120,0.5522,0.8319,0.7803,0.8487,0.8067,0.1206,0.0738,0.0522
cont,x_vol20,0.4498,0.6134,0.6776,903.5000,1214.3250,0.0774,0.1547,0.0502
cont,f_vr5,0.4502,0.9312,0.9519,2.5729,3.0410,0.0857,0.1456,0.0498
cont,f_r20,0.5496,0.9510,0.9335,0.2167,0.1762,0.1321,0.0865,0.0496
cont,f_rs20,0.5496,0.9510,0.9335,0.1991,0.1608,0.1321,0.0865,0.0496
cont,f_rk_log_tv20,0.4521,0.5000,0.5000,0.5045,0.5783,0.0492,0.1138,0.0479
cont,f_macd_dif,0.5477,0.8916,0.8497,0.0285,0.0218,0.1309,0.0920,0.0477
cont,f_c_ma60,0.5475,0.9545,0.9381,0.2253,0.1849,0.1293,0.0920,0.0475
cont,f_ma20_slope5,0.5450,0.8763,0.8276,0.0256,0.0195,0.1265,0.0896,0.0450
cont,f_ma5_ma20,0.5443,0.8955,0.8576,0.0517,0.0407,0.1206,0.0885,0.0443
cont,f_brk60,0.5437,0.9486,0.9372,1.0000,1.0000,0.1170,0.0896,0.0437
cont,f_n_lu_20,0.5437,0.9554,0.9423,2.0000,2.0000,0.1495,0.0924,0.0437
cont,f_c_ma20,0.5434,0.9733,0.9671,0.1525,0.1347,0.1234,0.0785,0.0434
cont,f_rsi14,0.5432,0.9530,0.9409,71.7235,70.2454,0.1329,0.0833,0.0432
cont,f_pos120,0.5418,0.9815,0.9356,0.9701,0.8814,0.1150,0.1031,0.0418
cont,f_dt_ratio,0.4584,0.5000,0.5000,0.3561,0.3871,0.0750,0.0655,0.0416
cont,f_dist_hi120,0.5414,0.9656,0.8595,-0.0137,-0.0460,0.1131,0.0972,0.0414
cont,f_close_pos,0.4590,0.9422,0.9459,1.0000,1.0000,0.0952,0.1745,0.0410
cont,f_bbw,0.5399,0.9047,0.8793,0.2801,0.2581,0.1313,0.0845,0.0399
cont,f_vol10,0.5397,0.9497,0.9400,0.0454,0.0438,0.1384,0.0916,0.0397
cont,f_pos60,0.5397,0.9867,0.9799,1.0000,0.9739,0.1111,0.0916,0.0397
cont,f_r10,0.5394,0.9635,0.9551,0.1674,0.1483,0.1202,0.0817,0.0394
cont,f_rsi10,0.5390,0.9559,0.9471,75.6886,74.2215,0.1365,0.0845,0.0390
cont,f_dist_hi240,0.5379,0.8925,0.7506,-0.0381,-0.0885,0.1138,0.1039,0.0379
cont,f_ma_tight4,0.5374,0.8352,0.7996,0.1221,0.1100,0.1285,0.0952,0.0374
cont,f_dist_hi60,0.5367,0.9864,0.9700,0.0000,-0.0090,0.1099,0.0932,0.0367
cont,f_r5,0.5364,0.9766,0.9721,0.1443,0.1294,0.1384,0.0900,0.0364
cont,f_bull_align,0.5362,0.7953,0.4892,1.0000,0.0000,0.1099,0.1023,0.0362
cont,f_kd_d,0.5358,0.7607,0.7101,62.0300,58.9577,0.1123,0.0861,0.0358
cont,f_macd_hist,0.5357,0.9367,0.9188,0.0107,0.0094,0.1218,0.0972,0.0357
cont,f_kd_k,0.5357,0.8724,0.8403,73.9236,71.6220,0.1257,0.0881,0.0357
cont,f_r60,0.5355,0.9140,0.8900,0.2961,0.2483,0.1186,0.0900,0.0355
cont,f_c_ma120,0.5354,0.9317,0.9132,0.2837,0.2337,0.1297,0.1051,0.0354
cont,f_up_streak,0.5352,0.8512,0.8286,2.0000,2.0000,0.1325,0.0841,0.0352
cont,x_lu_streak,0.5338,0.9931,0.9927,1.0000,1.0000,0.1396,0.0964,0.0338
cont,f_range20,0.5335,0.8734,0.8507,0.2594,0.2464,0.1380,0.0964,0.0335
cont,f_dt_ratio20,0.4666,0.5000,0.5000,0.3923,0.4042,0.0841,0.0484,0.0334
cont,f_c_ma10,0.5331,0.9828,0.9797,0.1200,0.1117,0.1269,0.0861,0.0331
cont,f_r3,0.5328,0.9840,0.9813,0.1241,0.1176,0.1428,0.0885,0.0328
cont,f_vol_ratio_10_60,0.5316,0.8971,0.8821,1.4150,1.3684,0.1206,0.0825,0.0316
cont,f_ma20_ma60,0.5312,0.7912,0.7467,0.0439,0.0338,0.1305,0.0940,0.0312
cont,f_macd_dif_pos,0.5312,0.6804,0.6688,1.0000,1.0000,0.1039,0.0813,0.0312
cont,f_ma_tight,0.5311,0.8454,0.8074,0.0567,0.0511,0.1226,0.0920,0.0311
cont,f_lower_shadow,0.4699,0.5000,0.6000,0.0034,0.0047,0.1146,0.1460,0.0301
cont,f_c_ma5,0.5295,0.9892,0.9879,0.0917,0.0878,0.1412,0.0833,0.0295
cont,f_ms_to_v,0.4712,0.7173,0.7623,0.0503,0.0623,0.1111,0.1253,0.0288
cont,f_pv_up_surge,0.4716,0.9281,0.9313,1.0000,1.0000,0.0932,0.1369,0.0284
cont,f_up_days5,0.5283,0.7884,0.7656,3.0000,3.0000,0.1301,0.1051,0.0283
cont,f_rsi5,0.5281,0.9570,0.9509,84.7818,83.6408,0.1408,0.0920,0.0281
cont,f_n_lu_60,0.5276,0.9207,0.9058,3.0000,3.0000,0.1277,0.0988,0.0276
cont,f_bb_pctb,0.5272,0.9766,0.9712,1.1456,1.1169,0.1158,0.0857,0.0272
cont,f_ma60_slope10,0.5262,0.8094,0.7702,0.0227,0.0184,0.1214,0.0968,0.0262
cont,f_updown_vol20,0.5251,0.8717,0.8469,2.2862,2.1375,0.1146,0.1035,0.0251
cont,f_ml_to_v,0.4750,0.3313,0.3591,1.3670,1.6082,0.0976,0.1484,0.0250
cont,f_obv_slope20,0.5247,0.8811,0.8571,0.3803,0.3495,0.1182,0.1043,0.0247
cont,f_brk20,0.5246,0.9338,0.9256,1.0000,1.0000,0.1087,0.0928,0.0246
cont,f_vr20,0.4755,0.9532,0.9579,3.1651,3.4287,0.0908,0.1210,0.0245
cont,f_macd_hist_d3,0.5237,0.9554,0.9489,0.0080,0.0076,0.1444,0.1047,0.0237
cont,f_rk_r60,0.5229,0.8134,0.7899,0.9187,0.8800,0.1214,0.0480,0.0229
cont,f_v5_20,0.5227,0.8916,0.8754,1.6335,1.5550,0.1142,0.0992,0.0227
cont,f_mkt_r1,0.4774,0.5989,0.6159,0.0017,0.0021,0.0750,0.1103,0.0226
cont,f_atr14,0.5226,0.8533,0.8340,0.0443,0.0434,0.1293,0.1012,0.0226
cont,f_ms_chg5,0.4775,0.5000,0.7085,1.0187,0.7983,0.1035,0.0841,0.0225
cont,f_ms_to_ml,0.4783,0.7033,0.7623,0.0396,0.0370,0.1127,0.1138,0.0217
cont,f_macd_hist_pos,0.5216,0.7073,0.6890,1.0000,1.0000,0.1142,0.0940,0.0216
cont,f_upper_shadow,0.5214,0.1493,0.1475,0.0000,0.0000,0.1083,0.0936,0.0214
cont,f_pos20,0.5213,0.9863,0.9854,1.0000,1.0000,0.1067,0.0889,0.0213
cont,f_rk_r20,0.5204,0.8793,0.8581,0.9509,0.9218,0.1345,0.0504,0.0204
cont,f_n_lu_250,0.5198,0.8595,0.8446,7.0000,6.0000,0.1146,0.0908,0.0198
cont,f_mkt_lu_cnt5,0.5191,0.6968,0.6539,17.6000,16.8000,0.1015,0.0817,0.0191
cont,f_mkt_near_hi,0.5189,0.5637,0.5294,0.2268,0.2162,0.0869,0.0805,0.0189
cont,f_fgn_5,0.4820,0.5883,0.6208,0.1276,0.1405,0.0777,0.0738,0.0180
cont,f_dist_hi20,0.5172,0.9860,0.9852,0.0000,0.0000,0.1063,0.0861,0.0172
cont,f_macd_hist_d1,0.5166,0.9904,0.9897,0.0063,0.0062,0.1341,0.1047,0.0166
cont,f_fgn_1,0.4840,0.6651,0.7064,0.0683,0.0848,0.0690,0.0575,0.0160
cont,f_macd_gold3,0.4843,0.4616,0.4647,0.0000,0.0000,0.0932,0.0944,0.0157
cont,f_trust_20,0.4852,0.5000,0.5000,0.0000,0.0000,0.0496,0.0559,0.0148
cont,f_r1,0.5140,0.9937,0.9937,0.0992,0.0991,0.1095,0.0865,0.0140
cont,f_r120,0.5131,0.8655,0.8559,0.3867,0.3446,0.1178,0.1067,0.0131
cont,f_trust_1,0.4872,0.4969,0.4969,0.0000,0.0000,0.0436,0.0766,0.0128
cont,f_inst_pct_v1,0.4878,0.5688,0.5770,0.0280,0.0346,0.0718,0.0805,0.0122
cont,x_close_at_high,0.5114,0.9434,0.9436,1.0000,1.0000,0.1067,0.0817,0.0114
cont,f_trust_5,0.4890,0.5000,0.5000,0.0000,0.0000,0.0500,0.0611,0.0110
cont,f_n_above_ma,0.5110,0.8580,0.8564,5.0000,5.0000,0.1035,0.0896,0.0110
cont,f_ind_lu_cnt5,0.4890,0.5000,0.5000,3.0000,3.0000,0.0893,0.0980,0.0110
cont,f_lend_chg5,0.4893,0.5009,0.5130,0.0000,0.0008,0.0678,0.0698,0.0107
cont,f_range60,0.5105,0.7963,0.7838,0.3790,0.3762,0.1202,0.1087,0.0105
cont,f_rev_yoy,0.4909,0.8159,0.8219,10.0100,10.1100,0.0000,0.1107,0.0091
cont,f_vol60,0.5089,0.8719,0.8663,0.0342,0.0339,0.1190,0.1134,0.0089
cont,f_fgn_streak,0.4916,0.6108,0.6334,1.0000,1.0000,0.0952,0.0960,0.0084
cont,f_ind_r5_rel,0.4917,0.5000,0.5000,0.1253,0.1076,0.1146,0.0258,0.0083
cont,f_fgn_20,0.4932,0.5577,0.5711,0.1789,0.1778,0.0805,0.0718,0.0068
cont,f_macd_gold10,0.4932,0.6484,0.6684,1.0000,1.0000,0.0900,0.1107,0.0068
cont,f_trust_streak,0.4934,0.4536,0.4536,0.0000,0.0000,0.0448,0.0944,0.0066
cont,f_rev_mom,0.4935,0.7769,0.7852,3.7950,3.1100,0.0000,0.0992,0.0065
cont,f_mkt_breadth_ma20,0.5064,0.5852,0.5646,0.5646,0.5588,0.0853,0.0833,0.0064
cont,f_rk_r5,0.4943,0.9361,0.9371,0.9715,0.9632,0.1265,0.0349,0.0057
cont,f_mkt_r20,0.5052,0.5408,0.5322,0.0110,0.0090,0.0837,0.0861,0.0052
cont,f_rev_yoy_acc,0.4961,0.8157,0.8027,3.9100,2.0200,0.0000,0.1051,0.0039
cont,f_ind_lu_share,0.5033,0.5000,0.5000,0.0137,0.0137,0.0996,0.0920,0.0033
cont,f_ma60_ma120,0.4970,0.6691,0.6864,0.0344,0.0346,0.1000,0.1178,0.0030
cont,f_ml_chg5,0.5027,0.7764,0.8057,0.1031,0.0832,0.1150,0.0932,0.0027
cont,f_lend_chg20,0.5026,0.5180,0.5122,0.0000,0.0031,0.0718,0.0730,0.0026
cont,f_kd_gold3,0.4975,0.6870,0.6995,1.0000,1.0000,0.1000,0.0928,0.0025
cont,x_lu_s,0.4976,0.9931,0.9931,1.0000,1.0000,0.1115,0.1004,0.0024
cont,f_days_since_lu,0.5023,0.0075,0.0075,0.0000,0.0000,0.1004,0.1115,0.0023
cont,f_kd_kd,0.4977,0.8996,0.9021,10.3420,10.5914,0.1008,0.1071,0.0023
cont,f_mkt_r5,0.4980,0.5818,0.5904,0.0046,0.0050,0.0817,0.0817,0.0020
cont,f_mkt_lu_cnt,0.5019,0.6909,0.6909,18.0000,18.0000,0.0857,0.1067,0.0019
cont,f_ind_r5,0.4985,0.5000,0.5000,0.0188,0.0177,0.1067,0.0849,0.0015
cont,f_v_dryup5,0.4987,0.4223,0.4234,0.4033,0.4027,0.1071,0.1099,0.0013
cont,f_v_rank120,0.4991,0.9482,0.9483,0.9580,0.9580,0.0972,0.0968,0.0009
cont,f_mkt_vol_ratio,0.5007,0.5157,0.5141,0.7155,0.7152,0.1019,0.1119,0.0007
cont,f_ind_lu_cnt,0.5000,0.5000,0.5000,1.0000,1.0000,0.0912,0.0920,0.0000
fresh,f_atr14,0.7588,0.8280,0.4919,0.0431,0.0254,0.3691,0.0096,0.2588
fresh,f_day_range,0.7517,0.8233,0.4919,0.0419,0.0207,0.3710,0.0216,0.2517
fresh,f_vol60,0.7465,0.8119,0.4914,0.0312,0.0200,0.3502,0.0093,0.2465
fresh,f_vol10,0.7423,0.8107,0.4949,0.0306,0.0157,0.3571,0.0131,0.2423
fresh,f_range20,0.7420,0.8079,0.5000,0.2234,0.1237,0.3617,0.0128,0.2420
fresh,f_days_since_lu,0.2638,0.1980,0.5193,23.0000,124.0000,0.0209,0.3490,0.2362
fresh,f_n_lu_250,0.7338,0.7980,0.4722,5.0000,1.0000,0.3156,0.0211,0.2338
fresh,f_bbw,0.7320,0.8027,0.4911,0.2058,0.1061,0.3545,0.0164,0.2320
fresh,f_range60,0.7307,0.7926,0.4935,0.3843,0.2331,0.3270,0.0122,0.2307
fresh,f_n_lu_60,0.7094,0.8014,0.3613,1.0000,0.0000,0.3711,0.0479,0.2094
fresh,f_ma_tight4,0.7065,0.7845,0.4940,0.1053,0.0505,0.3349,0.0278,0.2065
fresh,f_lend_to_v,0.2974,0.2146,0.5000,0.5728,2.0938,0.0252,0.2917,0.2026
fresh,f_ma_tight,0.6871,0.7633,0.4937,0.0445,0.0216,0.3183,0.0354,0.1871
fresh,f_v_rank120,0.6699,0.7443,0.4928,0.7647,0.4622,0.2805,0.0452,0.1699
fresh,f_upper_shadow,0.6481,0.7446,0.5032,0.0098,0.0040,0.2956,0.0698,0.1481
fresh,f_rk_r60,0.6465,0.5582,0.5000,0.7848,0.4905,0.3281,0.0816,0.1465
fresh,f_c_ma120,0.6460,0.7793,0.4940,0.1034,0.0059,0.3486,0.1178,0.1460
fresh,f_n_lu_20,0.6454,0.4512,0.4334,0.0000,0.0000,0.3582,0.0697,0.1454
fresh,f_c_ma60,0.6423,0.7773,0.4939,0.0604,0.0009,0.3547,0.1191,0.1423
fresh,f_r120,0.6374,0.7555,0.4952,0.1963,0.0256,0.3120,0.1109,0.1374
fresh,f_r60,0.6354,0.7625,0.4948,0.1127,0.0065,0.3302,0.1188,0.1354
fresh,f_ms_to_ml,0.6275,0.6161,0.5000,0.0159,0.0038,0.2178,0.0433,0.1275
fresh,f_rsi14,0.6266,0.6972,0.4939,55.9915,49.8162,0.2455,0.0779,0.1266
fresh,f_n_above_ma,0.6264,0.6923,0.4879,4.0000,2.0000,0.1972,0.0581,0.1264
fresh,f_macd_dif,0.6262,0.7468,0.4945,0.0124,0.0002,0.3332,0.1218,0.1262
fresh,f_rk_r20,0.6236,0.5000,0.5000,0.7757,0.4914,0.3275,0.1015,0.1236
fresh,f_r20,0.6220,0.7390,0.4946,0.0520,0.0000,0.3365,0.1277,0.1220
fresh,f_rs20,0.6220,0.7390,0.4946,0.0372,-0.0082,0.3365,0.1277,0.1220
fresh,f_c_ma20,0.6202,0.7418,0.4943,0.0270,-0.0003,0.3327,0.1349,0.1202
fresh,f_rsi10,0.6193,0.6839,0.4939,56.4882,49.6979,0.2335,0.0783,0.1193
fresh,f_ma60_slope10,0.6178,0.7289,0.4954,0.0148,0.0012,0.3108,0.1235,0.1178
fresh,f_bb_pctb,0.6148,0.6762,0.4936,0.6798,0.4949,0.2273,0.0713,0.1148
fresh,f_ma20_slope5,0.6126,0.7206,0.4969,0.0104,0.0003,0.3198,0.1264,0.1126
fresh,f_dt_ratio,0.6085,0.5000,0.5000,0.3824,0.1956,0.2180,0.0218,0.1085
fresh,f_ma20_ma60,0.6061,0.7052,0.4981,0.0268,0.0014,0.2981,0.1232,0.1061
fresh,f_obv_slope20,0.6058,0.6493,0.4934,0.1499,0.0372,0.2164,0.0691,0.1058
fresh,f_r10,0.6055,0.7088,0.4946,0.0301,0.0000,0.3168,0.1399,0.1055
fresh,f_dt_ratio20,0.6050,0.5000,0.5000,0.3967,0.2261,0.2046,0.0178,0.1050
fresh,f_ma5_ma20,0.6040,0.7042,0.4962,0.0169,0.0001,0.3095,0.1326,0.1040
fresh,f_updown_vol20,0.6035,0.6441,0.4928,1.3695,1.0835,0.2042,0.0677,0.1035
fresh,f_c_ma10,0.6023,0.7152,0.4952,0.0149,-0.0004,0.3200,0.1505,0.1023
fresh,f_rsi5,0.6011,0.6584,0.4940,58.1979,49.2480,0.2083,0.0803,0.1011
fresh,f_ml_to_v,0.3991,0.3758,0.5000,1.6909,3.1198,0.0569,0.1452,0.1009
fresh,x_vol20,0.6003,0.6449,0.4970,1010.7000,460.9000,0.1727,0.0537,0.1003
fresh,f_pos120,0.5994,0.6609,0.4947,0.6133,0.4643,0.2045,0.0869,0.0994
fresh,f_pos60,0.5987,0.6621,0.4948,0.6111,0.4605,0.2011,0.0856,0.0987
fresh,f_lower_shadow,0.5977,0.6566,0.4977,0.0063,0.0034,0.2421,0.0910,0.0977
fresh,f_macd_dif_pos,0.5971,0.6570,0.5529,1.0000,1.0000,0.1623,0.0601,0.0971
fresh,f_ml_chg20,0.5970,0.7637,0.5521,0.0232,-0.0184,0.1746,0.0979,0.0970
fresh,f_vr20,0.5965,0.6521,0.4940,0.9900,0.7332,0.2410,0.0871,0.0965
fresh,f_bull_align,0.5962,0.4558,0.4280,0.0000,0.0000,0.1888,0.0746,0.0962
fresh,f_bbw_rank120,0.5944,0.6350,0.4957,0.6723,0.4706,0.2034,0.0725,0.0944
fresh,f_ma60_ma120,0.5924,0.6730,0.4966,0.0321,0.0053,0.2641,0.1249,0.0924
fresh,f_dist_hi20,0.4087,0.3665,0.4991,-0.0722,-0.0556,0.0729,0.2037,0.0913
fresh,f_r5,0.5899,0.6874,0.4958,0.0172,0.0000,0.2998,0.1527,0.0899
fresh,f_ms_to_v,0.5859,0.6109,0.5000,0.0265,0.0105,0.1418,0.0650,0.0859
fresh,f_pos20,0.5844,0.6405,0.4946,0.5988,0.4459,0.1832,0.0908,0.0844
fresh,f_log_tv20,0.5839,0.6305,0.4974,4.6877,4.2999,0.1606,0.0730,0.0839
fresh,f_vol_ratio_10_60,0.5831,0.6201,0.4985,1.0138,0.8439,0.1833,0.0787,0.0831
fresh,f_rk_r5,0.5813,0.5000,0.5000,0.7071,0.4929,0.2883,0.1420,0.0813
fresh,f_c_ma5,0.5804,0.6723,0.4941,0.0074,-0.0004,0.2888,0.1622,0.0804
fresh,f_v5_20,0.5798,0.6310,0.4963,1.0455,0.8900,0.2360,0.1088,0.0798
fresh,f_rk_vr20,0.5782,0.5000,0.5000,0.6646,0.4926,0.2522,0.1121,0.0782
fresh,f_macd_hist,0.5759,0.6528,0.4949,0.0023,0.0000,0.2832,0.1599,0.0759
fresh,f_r3,0.5743,0.6602,0.4953,0.0110,0.0000,0.2864,0.1635,0.0743
fresh,f_up_days5,0.5718,0.6067,0.4979,3.0000,2.0000,0.1721,0.0782,0.0718
fresh,f_vr5,0.5689,0.5947,0.4942,0.9788,0.8299,0.2073,0.0894,0.0689
fresh,f_ml_chg5,0.5654,0.5000,0.5000,0.0059,-0.0044,0.2109,0.0989,0.0654
fresh,f_kd_k,0.5650,0.6042,0.4962,54.9218,45.1844,0.1713,0.0989,0.0650
fresh,f_ind_lu_cnt,0.5640,0.5000,0.5000,0.0000,0.0000,0.1151,0.0674,0.0640
fresh,f_ind_lu_share,0.5635,0.5000,0.5000,0.0000,0.0000,0.1155,0.0674,0.0635
fresh,f_mkt_lu_cnt5,0.5629,0.5904,0.4986,15.6000,14.4000,0.1433,0.0614,0.0629
fresh,f_macd_hist_pos,0.5624,0.6049,0.5175,1.0000,1.0000,0.1420,0.0889,0.0624
fresh,f_gap,0.5612,0.6105,0.4908,0.0036,0.0000,0.2132,0.1388,0.0612
fresh,f_ind_lu_cnt5,0.5578,0.5000,0.5000,2.0000,1.0000,0.1185,0.0477,0.0578
fresh,f_kd_d,0.5575,0.5892,0.4963,51.7825,45.4248,0.1677,0.0931,0.0575
fresh,f_brk20,0.5574,0.4667,0.4621,0.0000,0.0000,0.2218,0.0938,0.0574
fresh,f_up_streak,0.5529,0.4876,0.4054,1.0000,0.0000,0.1586,0.0870,0.0529
fresh,f_dist_hi60,0.4476,0.4314,0.4980,-0.1149,-0.0995,0.0863,0.1792,0.0524
fresh,f_brk60,0.5519,0.4806,0.4783,0.0000,0.0000,0.2109,0.0933,0.0519
fresh,f_pv_up_surge,0.5434,0.4549,0.4524,0.0000,0.0000,0.2064,0.0950,0.0434
fresh,f_rk_log_tv20,0.5432,0.5000,0.5000,0.5735,0.4976,0.1641,0.0995,0.0432
fresh,f_macd_hist_d3,0.5429,0.5856,0.4966,0.0009,0.0000,0.2456,0.1804,0.0429
fresh,f_inst_pct_v1,0.5413,0.5373,0.5000,0.0108,-0.0053,0.0777,0.0406,0.0413
fresh,f_kd_kd,0.5408,0.5584,0.4948,1.2441,-0.2073,0.1386,0.0909,0.0408
fresh,f_ms_chg5,0.5403,0.5000,0.5000,0.0000,0.0000,0.1720,0.0793,0.0403
fresh,x_lu_s,0.4600,0.4943,0.4946,0.0000,0.0000,0.0736,0.1346,0.0400
fresh,x_lu_streak,0.4600,0.4943,0.4946,0.0000,0.0000,0.0736,0.1346,0.0400
fresh,f_mkt_lu_cnt,0.5390,0.5716,0.4996,15.0000,13.0000,0.1275,0.0586,0.0390
fresh,f_fgn_20,0.5385,0.5225,0.5000,0.0537,-0.0232,0.0537,0.0273,0.0385
fresh,f_r1,0.5373,0.5798,0.4958,0.0025,0.0000,0.2459,0.1888,0.0373
fresh,f_ind_r5_rel,0.5371,0.5000,0.5000,0.0063,-0.0052,0.1736,0.0963,0.0371
fresh,f_fgn_1,0.5350,0.5306,0.5000,0.0076,-0.0038,0.1151,0.0814,0.0350
fresh,f_macd_hist_d1,0.5348,0.5716,0.4949,0.0003,-0.0000,0.2363,0.1862,0.0348
fresh,f_dist_hi120,0.4667,0.4559,0.4974,-0.1470,-0.1365,0.1003,0.1733,0.0333
fresh,f_mkt_vol_ratio,0.5322,0.5398,0.5002,0.7230,0.7120,0.1405,0.0922,0.0322
fresh,f_fgn_5,0.5303,0.5179,0.5000,0.0233,-0.0059,0.0777,0.0512,0.0303
fresh,x_oneword_s,0.4716,0.5000,0.5000,0.0000,0.0000,0.0745,0.1222,0.0284
fresh,f_fgn_streak,0.5267,0.5000,0.3725,1.0000,0.0000,0.1102,0.0963,0.0267
fresh,f_ind_r5,0.5211,0.5000,0.5000,0.0091,0.0055,0.1001,0.0594,0.0211
fresh,f_trust_1,0.5166,0.4976,0.4953,0.0000,0.0000,0.1007,0.0703,0.0166
fresh,f_dist_hi240,0.4845,0.5000,0.5000,-0.1831,-0.1769,0.1120,0.1517,0.0155
fresh,f_macd_gold10,0.5153,0.4004,0.3881,0.0000,0.0000,0.1189,0.1112,0.0153
fresh,f_mkt_near_hi,0.4849,0.4903,0.5004,0.2057,0.2068,0.0963,0.1446,0.0151
fresh,f_lend_chg20,0.5140,0.5017,0.5000,0.0000,0.0000,0.0350,0.0437,0.0140
fresh,f_lend_chg5,0.5137,0.5000,0.5000,0.0000,0.0000,0.0467,0.0425,0.0137
fresh,f_rev_yoy,0.5126,0.8054,0.7192,8.8300,3.3800,0.0000,0.1098,0.0126
fresh,f_macd_gold3,0.5121,0.4570,0.4559,0.0000,0.0000,0.1203,0.1041,0.0121
fresh,f_trust_5,0.5114,0.5000,0.4990,0.0000,0.0000,0.0943,0.0551,0.0114
fresh,f_trust_streak,0.4891,0.4543,0.4548,0.0000,0.0000,0.0999,0.1176,0.0109
fresh,f_rev_yoy_acc,0.4891,0.7909,0.7545,0.9700,0.0000,0.0000,0.1335,0.0109
fresh,f_trust_20,0.5094,0.5000,0.5000,0.0000,0.0000,0.0792,0.0521,0.0094
fresh,f_body,0.5092,0.5079,0.4960,-0.0014,-0.0019,0.2255,0.2072,0.0092
fresh,f_kd_gold3,0.5076,0.4092,0.4067,0.0000,0.0000,0.1162,0.1069,0.0076
fresh,f_mkt_r5,0.5065,0.5139,0.5003,0.0014,0.0000,0.1071,0.1207,0.0065
fresh,f_mkt_r20,0.4937,0.4997,0.4997,0.0058,0.0058,0.0951,0.1385,0.0063
fresh,f_close_pos,0.5059,0.5030,0.4985,0.4118,0.4000,0.0776,0.0829,0.0059
fresh,x_close_at_high,0.4951,0.4492,0.4492,0.0000,0.0000,0.0641,0.0980,0.0049
fresh,f_mkt_r1,0.4952,0.5735,0.5735,0.0000,0.0000,0.1009,0.1088,0.0048
fresh,f_mkt_breadth_ma20,0.5046,0.5273,0.5004,0.5396,0.5238,0.1020,0.1250,0.0046
fresh,f_rev_mom,0.5038,0.7680,0.7214,2.4800,0.5300,0.0000,0.1103,0.0038
fresh,x_price,0.5016,0.5040,0.4988,43.0000,42.0000,0.1007,0.0996,0.0016
fresh,f_v_dryup5,0.5007,0.4873,0.5003,0.4346,0.4399,0.1527,0.1225,0.0007
