feat,q,th,half,n,prec,wlb,buy,base
q_v,0.5000,0.2625,first-half,255,0.2784,0.2270,0.1373,0.2275
q_v,0.5000,0.2625,second-half,292,0.2295,0.1849,0.1301,0.2381
q_v,0.7500,0.7517,first-half,128,0.3672,0.2887,0.1562,0.2275
q_v,0.7500,0.7517,second-half,127,0.2520,0.1845,0.0945,0.2381
q_v,0.9000,1.9506,first-half,51,0.4510,0.3227,0.1569,0.2275
q_v,0.9000,1.9506,second-half,46,0.2609,0.1560,0.0652,0.2381
q_v,0.9500,3.6770,first-half,26,0.5385,0.3546,0.1538,0.2275
q_v,0.9500,3.6770,second-half,25,0.3600,0.2025,0.0800,0.2381
bidlim,0.5000,663.5000,first-half,255,0.2588,0.2089,0.1686,0.2275
bidlim,0.5000,663.5000,second-half,297,0.2020,0.1603,0.1380,0.2381
bidlim,0.7500,5173.5000,first-half,128,0.3203,0.2457,0.2109,0.2275
bidlim,0.7500,5173.5000,second-half,127,0.1732,0.1173,0.1339,0.2381
bidlim,0.9000,15277.7998,first-half,51,0.3922,0.2703,0.2157,0.2275
bidlim,0.9000,15277.7998,second-half,35,0.1429,0.0626,0.1429,0.2381
bidlim,0.9500,26143.9492,first-half,26,0.3077,0.1650,0.1538,0.2275
bidlim,0.9500,26143.9492,second-half,20,0.2000,0.0807,0.2000,0.2381
