seg,depth,rule,D_prec,D_n,D_lb,V_prec,V_n,DV_lb,T_prec,T_n,T_days,T_ppd,T_lb,T_buy
CONT,1,f_day_range<=0,0.49606,635,0.45731,0.50761,197,0.46491,0.49711,865,169,4.8056,0.46388,0.13064
CONT,1,x_oneword_s>=1,0.48936,658,0.45134,0.50971,206,0.46097,0.4977,868,169,4.8222,0.46452,0.13018
CONT,1,f_body<=0,0.40237,1014,0.37261,0.42756,283,0.38143,0.44753,1296,177,7.2,0.42065,0.16744
CONT,1,f_day_range<=0.03418,0.38418,1226,0.35735,0.4097,371,0.36647,0.41159,1657,179,9.2056,0.38812,0.15812
CONT,1,f_gap>=0.09192,0.37847,1226,0.35174,0.40244,328,0.35967,0.4202,1535,179,8.5278,0.39573,0.16678
CONT,1,f_body<=0.006937,0.37684,1226,0.35013,0.40122,329,0.35816,0.42102,1532,179,8.5111,0.39652,0.16645
CONT,1,f_gap>=0.09892,0.38636,616,0.34873,0.42236,161,0.36007,0.42876,772,166,4.2889,0.39428,0.15933
CONT,1,f_gap>=0.09965,0.37805,246,0.31977,0.44068,59,0.33711,0.46026,302,121,1.6778,0.4049,0.16225
CONT,1,f_body<=0.02913,0.33225,1839,0.31109,0.36756,487,0.32067,0.37025,2185,180,12.139,0.35025,0.16522
CONT,1,f_gap>=0.06977,0.33207,1843,0.31093,0.36531,490,0.32012,0.36996,2184,180,12.133,0.34996,0.16575
CONT,1,f_dt_ratio<=0.08279,0.36052,233,0.30158,0.32432,74,0.3005,0.39322,295,124,1.6389,0.33919,0.14237
CONT,1,f_day_range<=0.04731,0.32246,1839,0.30148,0.35832,547,0.31209,0.36642,2257,180,12.539,0.34678,0.16349
CONT,1,f_log_tv20<=2.894,0.35366,246,0.29658,0.41176,68,0.31487,0.44094,127,86,0.70556,0.35759,0.18898
CONT,1,f_vr5<=0.4279,0.34553,246,0.28889,0.5,44,0.31548,0.43548,558,123,3.1,0.39492,0.20968
CONT,1,f_c_ma5>=0.1914,0.34553,246,0.28889,0.28889,45,0.28491,0.39535,344,127,1.9111,0.34511,0.17151
CONT,1,x_lu_streak>=3,0.32117,685,0.28728,0.26087,161,0.27945,0.38601,772,156,4.2889,0.35231,0.18394
CONT,1,f_dist_hi240<=-0.5719,0.3431,239,0.28582,0.36364,77,0.29769,0.38728,173,97,0.96111,0.31789,0.2659
CONT,1,f_r3>=0.3245,0.32085,614,0.28514,0.27068,133,0.27973,0.39851,670,152,3.7222,0.36211,0.19254
CONT,1,f_gap>=0.0552,0.3011,2451,0.28326,0.3078,692,0.28677,0.34287,2797,180,15.539,0.3255,0.16947
CONT,1,f_n_lu_20>=7,0.32958,355,0.28273,0.11364,44,0.26259,0.33809,491,139,2.7278,0.29764,0.19959
CONT,1,f_body<=0.0437,0.30029,2451,0.28246,0.30603,696,0.28577,0.34154,2802,180,15.567,0.32421,0.16881
CONT,1,f_n_lu_20>=6,0.31642,670,0.28233,0.16981,106,0.26533,0.32481,939,160,5.2167,0.29563,0.2098
CONT,1,f_c_ma5>=0.1749,0.31759,614,0.282,0.25532,141,0.27414,0.38428,687,152,3.8167,0.34864,0.18923
CONT,1,f_rev_yoy_acc>=125.6,0.31797,434,0.27592,0.19298,57,0.26445,0.32381,315,128,1.75,0.27453,0.19365
CONT,1,f_log_tv20<=3.438,0.30024,1229,0.27527,0.32456,342,0.28326,0.3517,617,175,3.4278,0.31505,0.16856
CONT,2,f_day_range<=0 & f_rsi5>=95.25,0.59589,146,0.51482,0.56098,41,0.51661,0.5036,139,76,0.77222,0.42151,0.064748
CONT,2,f_rsi5>=95.25 & x_oneword_s>=1,0.59459,148,0.51407,0.57143,42,0.51843,0.5036,139,76,0.77222,0.42151,0.064748
CONT,2,f_day_range<=0 & f_mkt_lu_cnt>=24,0.58201,189,0.51074,0.51667,60,0.50416,0.50991,757,124,4.2056,0.47434,0.14003
CONT,2,f_day_range<=0 & x_price<=26.25,0.57812,192,0.50741,0.60938,64,0.52476,0.5431,232,120,1.2889,0.47882,0.094828
CONT,2,f_c_ma60>=0.2422 & f_day_range<=0,0.56537,283,0.50712,0.54054,74,0.50836,0.53896,462,138,2.5667,0.49337,0.1342
CONT,2,f_mkt_lu_cnt>=24 & x_oneword_s>=1,0.57436,195,0.50418,0.52459,61,0.50125,0.51053,760,124,4.2222,0.47502,0.13947
CONT,2,f_c_ma60>=0.2712 & f_day_range<=0,0.56504,246,0.50256,0.56061,66,0.50863,0.54839,434,136,2.4111,0.50135,0.13364
CONT,2,f_day_range<=0 & f_mkt_lu_cnt>=16,0.55249,362,0.50098,0.48361,122,0.49059,0.50186,805,143,4.4722,0.4674,0.13292
CONT,2,f_c_ma120>=0.2799 & f_day_range<=0,0.56,275,0.5009,0.51515,66,0.49825,0.52802,464,142,2.5778,0.48255,0.13578
CONT,2,f_day_range<=0 & f_mkt_lu_cnt>=17,0.55331,347,0.50071,0.5045,111,0.49569,0.50311,803,141,4.4611,0.4686,0.13325
CONT,2,f_day_range<=0 & f_mkt_lu_cnt>=15,0.55065,385,0.5007,0.48529,136,0.49066,0.50306,817,146,4.5389,0.46884,0.13586
CONT,2,f_day_range<=0 & f_mkt_near_hi>=0.2048,0.55422,332,0.50043,0.6092,87,0.51779,0.53889,360,51,2,0.48726,0.11667
CONT,2,f_day_range<=0 & f_rev_yoy>=58.09,0.5913,115,0.49992,0.52174,23,0.49629,0.56098,205,93,1.1389,0.49254,0.18049
CONT,2,f_mkt_near_hi>=0.2048 & x_oneword_s>=1,0.55294,340,0.49979,0.61111,90,0.51789,0.53889,360,51,2,0.48726,0.11667
CONT,2,f_c_ma120>=0.2451 & f_day_range<=0,0.55556,306,0.49953,0.51282,78,0.49687,0.52429,494,148,2.7444,0.48023,0.12955
CONT,2,f_day_range<=0 & f_mkt_lu_cnt>=22,0.56502,223,0.4994,0.48571,70,0.48884,0.50582,773,130,4.2944,0.47063,0.13842
CONT,2,f_c_ma120>=0.2112 & f_day_range<=0,0.55352,327,0.49932,0.51136,88,0.49647,0.52273,528,151,2.9333,0.48011,0.13258
CONT,2,f_rev_yoy>=58.09 & x_oneword_s>=1,0.58974,117,0.49914,0.52174,23,0.49575,0.56098,205,93,1.1389,0.49254,0.18049
CONT,2,f_mkt_lu_cnt>=17 & x_oneword_s>=1,0.55056,356,0.49862,0.50862,116,0.49515,0.50372,806,141,4.4778,0.46927,0.13275
CONT,2,f_day_range<=0 & f_mkt_lu_cnt>=21,0.56098,246,0.49849,0.51282,78,0.49494,0.50515,776,132,4.3111,0.47004,0.13789
CONT,2,f_day_range<=0 & f_mkt_near_hi>=0.218,0.55446,303,0.49816,0.61429,70,0.51496,0.53145,318,44,1.7667,0.47655,0.11635
CONT,2,x_oneword_s>=1 & x_price<=26.25,0.5665,203,0.49772,0.60606,66,0.51649,0.5431,232,120,1.2889,0.47882,0.094828
CONT,2,f_mkt_lu_cnt>=16 & x_oneword_s>=1,0.54839,372,0.49758,0.48819,127,0.48921,0.50248,808,143,4.4889,0.46807,0.13243
CONT,2,f_mkt_lu_cnt>=15 & x_oneword_s>=1,0.54684,395,0.49753,0.48592,142,0.48845,0.50366,820,146,4.5556,0.4695,0.13537
CONT,2,f_mkt_near_hi>=0.218 & x_oneword_s>=1,0.55305,311,0.49748,0.61644,73,0.51512,0.53145,318,44,1.7667,0.47655,0.11635
CONT,3,f_c_ma60>=0.2712 & f_c_ma120<=0.4631 & f_day_range<=0,0.69811,106,0.60505,0.51429,35,0.57078,0.59542,131,82,0.72778,0.50981,0.099237
CONT,3,f_range60<=0.3981 & f_c_ma60>=0.2712 & f_day_range<=0,0.69903,103,0.6046,0.5,34,0.56666,0.60177,113,75,0.62778,0.5096,0.13274
CONT,3,f_c_ma60>=0.2712 & f_ma_tight4<=0.1696 & f_day_range<=0,0.6875,128,0.60273,0.5,32,0.57336,0.60645,155,85,0.86111,0.52786,0.12903
CONT,3,f_c_ma60>=0.2422 & f_ma5_ma20<=0.1153 & x_oneword_s>=1,0.68462,130,0.60041,0.42857,28,0.56188,0.54011,187,93,1.0389,0.46858,0.13369
CONT,3,f_c_ma60>=0.2422 & f_ma5_ma20<=0.1153 & f_day_range<=0,0.68217,129,0.59754,0.42857,28,0.55928,0.54011,187,93,1.0389,0.46858,0.13369
CONT,3,f_c_ma60>=0.2712 & f_bbw<=0.4051 & f_day_range<=0,0.69307,101,0.59742,0.5,26,0.56738,0.58779,131,75,0.72778,0.50216,0.12977
CONT,3,f_c_ma60>=0.2712 & f_day_range<=0 & f_macd_dif<=0.05397,0.67939,131,0.59534,0.51429,35,0.56925,0.57831,166,91,0.92222,0.50225,0.12048
CONT,3,f_c_ma60>=0.2422 & f_bbw<=0.4051 & x_oneword_s>=1,0.67647,136,0.59393,0.48571,35,0.56308,0.57143,154,83,0.85556,0.49247,0.13636
CONT,3,f_c_ma60>=0.2422 & f_bbw<=0.4051 & f_day_range<=0,0.67669,133,0.5932,0.46875,32,0.56063,0.57143,154,83,0.85556,0.49247,0.13636
CONT,3,f_c_ma60>=0.2712 & f_bbw<=0.4483 & f_day_range<=0,0.67742,124,0.59088,0.51515,33,0.56578,0.56742,178,92,0.98889,0.49397,0.11236
CONT,3,f_c_ma120>=0.1441 & f_day_range<=0 & x_price<=26.25,0.68627,102,0.59086,0.63158,38,0.58995,0.55714,140,88,0.77778,0.47443,0.085714
CONT,3,f_ma_tight>=0.04109 & f_day_range<=0 & f_mkt_vol_ratio<=0.703,0.66892,148,0.58967,0.44828,29,0.55963,0.51942,206,58,1.1444,0.45146,0.19417
CONT,3,f_range60<=0.4466 & f_c_ma60>=0.2712 & f_day_range<=0,0.66897,145,0.58888,0.5,44,0.55884,0.5858,169,93,0.93889,0.51043,0.11834
CONT,3,f_range20<=0.3408 & f_c_ma60>=0.2712 & f_day_range<=0,0.67826,115,0.58831,0.54286,35,0.56738,0.57895,152,83,0.84444,0.49946,0.13158
CONT,3,f_ma_tight>=0.04621 & f_day_range<=0 & f_mkt_vol_ratio<=0.703,0.66901,142,0.58806,0.46154,26,0.56188,0.52083,192,56,1.0667,0.45046,0.1875
CONT,3,f_c_ma60>=0.2422 & f_ma_tight<=0.08314 & x_oneword_s>=1,0.67857,112,0.5874,0.44444,27,0.55039,0.52761,163,85,0.90556,0.45121,0.1227
CONT,3,f_r60<=0.6286 & f_c_ma60>=0.2712 & f_day_range<=0,0.66667,144,0.58622,0.5,42,0.55765,0.57738,168,92,0.93333,0.50177,0.095238
CONT,3,f_c_ma60>=0.2422 & f_bbw<=0.4483 & x_oneword_s>=1,0.6625,160,0.58618,0.5,42,0.56026,0.55446,202,98,1.1222,0.48553,0.11881
CONT,3,f_c_ma60>=0.2422 & f_bbw<=0.4483 & f_day_range<=0,0.66242,157,0.58536,0.48718,39,0.55802,0.55446,202,98,1.1222,0.48553,0.11881
CONT,3,f_c_ma60<=0.4487 & f_c_ma120>=0.2799 & f_day_range<=0,0.66234,154,0.5845,0.46341,41,0.5507,0.53266,199,104,1.1056,0.46338,0.13065
CONT,3,f_pos120>=0.9051 & x_oneword_s>=1 & x_price<=26.25,0.67961,103,0.58444,0.56522,23,0.57234,0.59483,116,75,0.64444,0.50384,0.068966
CONT,3,f_c_ma60>=0.2422 & f_ma_tight<=0.08314 & f_day_range<=0,0.67568,111,0.58398,0.44444,27,0.54739,0.52761,163,85,0.90556,0.45121,0.1227
CONT,3,f_c_ma60>=0.2712 & f_vol10<=0.05329 & f_day_range<=0,0.66038,159,0.58376,0.6,40,0.57966,0.55825,206,96,1.1444,0.48999,0.12621
CONT,3,f_range20<=0.3187 & f_c_ma60>=0.2422 & f_day_range<=0,0.66929,127,0.58355,0.51613,31,0.56188,0.55906,127,77,0.70556,0.47223,0.14961
CONT,3,f_range20<=0.3187 & f_c_ma60>=0.2422 & x_oneword_s>=1,0.66929,127,0.58355,0.51613,31,0.56188,0.55906,127,77,0.70556,0.47223,0.14961
CONT,4,f_c_ma60>=0.2422 & f_ma_tight4<=0.1696 & f_day_range<=0 & f_mkt_lu_cnt>=16,0.76238,101,0.67072,0.46429,28,0.61365,0.57576,165,80,0.91667,0.49946,0.13333
CONT,4,f_r60<=0.7521 & f_ma_tight>=0.04621 & f_day_range<=0 & f_mkt_vol_ratio<=0.703,0.75676,111,0.66923,0.42857,21,0.62182,0.51908,131,48,0.72778,0.43421,0.19847
CONT,4,f_r60<=0.6286 & f_ma_tight>=0.04621 & f_day_range<=0 & f_mkt_vol_ratio<=0.703,0.75962,104,0.66919,0.4,20,0.61601,0.528,125,46,0.69444,0.44096,0.2
CONT,4,f_r60<=0.7521 & f_ma_tight>=0.04109 & f_day_range<=0 & f_mkt_vol_ratio<=0.703,0.75214,117,0.66672,0.41667,24,0.61471,0.52083,144,51,0.8,0.43976,0.20833
CONT,4,f_ma60_slope10<=0.05321 & f_ma_tight>=0.04621 & f_day_range<=0 & f_mkt_vol_ratio<=0.703,0.75455,110,0.66643,0.45,20,0.62445,0.54098,122,48,0.67778,0.45266,0.17213
CONT,4,f_ma_tight>=0.04621 & f_day_range<=0 & f_n_lu_60<=6 & f_mkt_vol_ratio<=0.703,0.75221,113,0.6652,0.4,20,0.61661,0.52632,95,42,0.52778,0.42685,0.15789
CONT,4,f_r60<=0.6286 & f_ma_tight>=0.04109 & f_day_range<=0 & f_mkt_vol_ratio<=0.703,0.75229,109,0.66359,0.3913,23,0.60604,0.52555,137,49,0.76111,0.44238,0.21168
CONT,4,f_ma60_ma120<=0.0747 & f_ma_tight>=0.04621 & f_day_range<=0 & f_mkt_vol_ratio<=0.703,0.7549,102,0.66318,0.38889,18,0.61285,0.55405,74,44,0.41111,0.44093,0.12162
CONT,4,f_c_ma60>=0.2422 & f_day_range<=0 & f_macd_dif<=0.05397 & f_mkt_lu_cnt>=16,0.7549,102,0.66318,0.46667,30,0.60604,0.54802,177,87,0.98333,0.47446,0.12429
CONT,4,f_ma_tight>=0.04109 & f_day_range<=0 & f_n_lu_60<=6 & f_mkt_vol_ratio<=0.703,0.7479,119,0.66297,0.3913,23,0.60991,0.52336,107,44,0.59444,0.42957,0.17757
CONT,4,f_ma60_slope10<=0.05321 & f_ma_tight>=0.04109 & f_day_range<=0 & f_mkt_vol_ratio<=0.703,0.74783,115,0.66133,0.43478,23,0.61444,0.54135,133,51,0.73889,0.4567,0.18797
CONT,4,f_ma60_ma120<=0.05902 & f_ma_tight>=0.04621 & f_day_range<=0 & f_mkt_vol_ratio<=0.703,0.75248,101,0.6601,0.4,15,0.6185,0.56522,69,43,0.38333,0.44788,0.11594
CONT,4,f_ma60_ma120<=0.1093 & f_ma_tight>=0.04621 & f_day_range<=0 & f_mkt_vol_ratio<=0.703,0.74775,111,0.6596,0.38095,21,0.60604,0.55556,90,49,0.5,0.45272,0.12222
CONT,4,f_ma60_slope10<=0.04452 & f_ma_tight>=0.04621 & f_day_range<=0 & f_mkt_vol_ratio<=0.703,0.75,104,0.65888,0.35294,17,0.6072,0.55046,109,44,0.60556,0.45694,0.16514
CONT,4,f_ma60_ma120<=0.0747 & f_ma_tight>=0.04109 & f_day_range<=0 & f_mkt_vol_ratio<=0.703,0.74766,107,0.65776,0.38095,21,0.60273,0.54217,83,48,0.46111,0.4355,0.15663
CONT,4,f_c_ma120<=0.4631 & f_ma_tight>=0.04109 & f_day_range<=0 & f_mkt_vol_ratio<=0.703,0.75,100,0.65695,0.35,20,0.59552,0.52632,133,47,0.73889,0.44191,0.21053
CONT,4,f_ma60_ma120<=0.04597 & f_ma_tight>=0.04109 & f_day_range<=0 & f_mkt_vol_ratio<=0.703,0.74757,103,0.65582,0.38889,18,0.6072,0.52778,72,45,0.4,0.414,0.097222
CONT,4,f_ma_tight>=0.04621 & f_day_range<=0 & f_n_lu_60<=5 & f_mkt_vol_ratio<=0.703,0.74757,103,0.65582,0.36842,19,0.60165,0.53247,77,39,0.42778,0.42215,0.14286
CONT,4,f_ma60_slope10<=0.06341 & f_ma_tight>=0.04621 & f_day_range<=0 & f_mkt_vol_ratio<=0.703,0.74336,113,0.65576,0.45,20,0.61661,0.53968,126,48,0.7,0.45277,0.18254
CONT,4,f_ma60_ma120<=0.1093 & f_ma_tight>=0.04109 & f_day_range<=0 & f_mkt_vol_ratio<=0.703,0.74138,116,0.65486,0.375,24,0.59733,0.54545,99,51,0.55,0.44751,0.15152
CONT,4,f_ma60_ma120<=0.05902 & f_ma_tight>=0.04109 & f_day_range<=0 & f_mkt_vol_ratio<=0.703,0.74528,106,0.65477,0.38889,18,0.6076,0.54545,77,47,0.42778,0.43473,0.14286
CONT,4,f_ma60_ma120<=0.09204 & f_ma_tight>=0.04621 & f_day_range<=0 & f_mkt_vol_ratio<=0.703,0.74528,106,0.65477,0.4,20,0.60512,0.575,80,47,0.44444,0.46569,0.1375
CONT,4,f_c_ma60>=0.2422 & f_ma_tight4<=0.1696 & f_day_range<=0 & f_mkt_lu_cnt>=15,0.74528,106,0.65477,0.46667,30,0.60154,0.57831,166,81,0.92222,0.50225,0.13855
CONT,4,f_ma60_slope10<=0.04452 & f_ma_tight>=0.04109 & f_day_range<=0 & f_mkt_vol_ratio<=0.703,0.74312,109,0.6538,0.35,20,0.59754,0.54237,118,47,0.65556,0.45256,0.17797
CONT,4,f_ma_tight>=0.04109 & f_day_range<=0 & f_n_lu_60<=5 & f_mkt_vol_ratio<=0.703,0.74312,109,0.6538,0.36364,22,0.59534,0.51724,87,41,0.48333,0.41375,0.14943
FRESH,1,f_n_lu_20>=3,0.067609,20367,0.064242,0.060119,5040,0.063133,0.086012,18695,180,103.86,0.082078,0.080075
FRESH,1,f_rk_r20>=0.9768,0.068389,11186,0.063858,0.070385,2259,0.06457,0.10661,3283,180,18.239,0.096509,0.099299
FRESH,1,f_c_ma60>=0.2961,0.063571,19616,0.060241,0.058867,5419,0.059619,0.092118,13461,180,74.783,0.087348,0.085655
FRESH,1,f_rk_r60>=0.9781,0.064634,11186,0.060226,0.062389,2260,0.060235,0.10369,3308,180,18.378,0.093755,0.094317
FRESH,1,f_day_range>=0.08669,0.062219,19592,0.058922,0.055294,3816,0.058094,0.084352,14641,180,81.339,0.079959,0.074039
FRESH,1,f_c_ma20>=0.1492,0.06191,19593,0.05862,0.061197,5180,0.058831,0.082683,12046,180,66.922,0.077897,0.077121
FRESH,1,f_rs20>=0.2869,0.061658,19592,0.058375,0.060053,5312,0.058403,0.087961,12551,180,69.728,0.083131,0.082225
FRESH,1,f_c_ma120>=0.4662,0.061633,19616,0.058353,0.055377,4984,0.057458,0.092915,14185,180,78.806,0.088247,0.086077
FRESH,1,f_rk_r5>=0.974,0.062215,11187,0.057888,0.06813,2187,0.059183,0.090484,2995,180,16.639,0.080728,0.082805
FRESH,1,f_range20>=0.4355,0.060737,19247,0.057449,0.055268,2515,0.057024,0.086153,16134,180,89.633,0.081922,0.076237
FRESH,1,f_macd_dif>=0.06151,0.060359,19616,0.057111,0.055792,5413,0.05651,0.086691,13900,180,77.222,0.082126,0.080935
FRESH,1,f_r20>=0.3072,0.059463,19592,0.056237,0.061245,5078,0.056938,0.08796,13040,180,72.444,0.083219,0.082822
FRESH,1,f_r10>=0.2,0.059076,19602,0.055861,0.058038,4945,0.055991,0.075392,12561,180,69.783,0.070904,0.069979
FRESH,1,f_c_ma10>=0.09453,0.058956,19591,0.055743,0.060871,4912,0.05645,0.078827,12039,180,66.883,0.074147,0.072016
FRESH,1,f_atr14>=0.07109,0.05871,19605,0.055504,0.051706,2785,0.054856,0.080147,25815,180,143.42,0.076897,0.072361
FRESH,1,f_ma_tight4>=0.2699,0.058677,19616,0.055473,0.054502,3743,0.055082,0.087762,14095,180,78.306,0.083202,0.078184
FRESH,1,f_ma20_slope5>=0.06852,0.058313,19584,0.055117,0.05606,5173,0.055002,0.082828,13534,180,75.189,0.078302,0.07773
FRESH,1,f_bbw>=0.4864,0.057929,19593,0.054744,0.056365,3708,0.054759,0.093054,13562,180,75.344,0.088279,0.083026
FRESH,1,f_n_lu_60>=6,0.057664,22163,0.054671,0.048701,5236,0.053291,0.078883,24923,180,138.46,0.075601,0.072463
FRESH,1,f_ma5_ma20>=0.1221,0.057685,19589,0.054506,0.054686,5175,0.054238,0.077002,12701,180,70.561,0.072492,0.072199
FRESH,1,f_ma20_ma60>=0.1952,0.057572,19593,0.054396,0.047912,5364,0.052723,0.08727,14564,180,80.911,0.082794,0.080541
FRESH,1,f_r60>=0.6263,0.057569,19594,0.054393,0.048506,5422,0.052832,0.089664,14309,180,79.494,0.085092,0.083164
FRESH,1,f_ma60_slope10>=0.08426,0.056586,19616,0.053439,0.049199,5244,0.052262,0.089661,14499,180,80.55,0.085119,0.083109
FRESH,1,f_ma_tight>=0.1344,0.054964,19613,0.05186,0.051617,3526,0.051603,0.079605,12763,180,70.906,0.075035,0.070046
FRESH,1,f_r5>=0.135,0.054668,19591,0.051571,0.056803,4542,0.052262,0.077693,11983,180,66.572,0.073035,0.071351
FRESH,2,f_n_lu_60>=6 & f_mkt_r20<=-0.1467,0.24202,376,0.20148,,0,,0.1875,368,2,2.0444,0.15092,0.070652
FRESH,2,f_n_lu_60>=6 & f_mkt_breadth_ma20<=0.1044,0.20127,472,0.16758,,0,,,0,0,0,,
FRESH,2,f_n_lu_60>=6 & f_mkt_near_hi<=0.03397,0.19255,483,0.15986,,0,,,0,0,0,,
FRESH,2,f_range20>=0.4355 & f_bb_pctb<=0.01355,0.17935,775,0.15395,0,48,0.14485,0.092708,960,106,5.3333,0.07595,0.055208
FRESH,2,f_ma60_slope10>=0.08426 & f_mkt_r20<=-0.05958,0.16837,588,0.1403,0.034483,87,0.12607,0.069767,774,16,4.3,0.053863,0.056848
FRESH,2,f_vol60>=0.04647 & f_mkt_breadth_ma20<=0.1044,0.16436,724,0.13915,,0,,,0,0,0,,
FRESH,2,f_vol60>=0.04647 & f_mkt_r20<=-0.1467,0.16129,744,0.13661,,0,,0.2305,577,2,3.2056,0.19799,0.081456
FRESH,2,f_mkt_r20<=-0.05958 & f_rk_r60>=0.9781,0.16211,512,0.13272,0.034483,58,0.12223,0.067278,327,16,1.8167,0.044846,0.051988
FRESH,2,f_ma20_ma60>=0.1952 & f_mkt_near_hi<=0.06914,0.15847,549,0.13031,0.036364,110,0.11384,0.24,150,2,0.83333,0.17869,0.18
FRESH,2,f_c_ma60>=0.2961 & f_mkt_near_hi<=0.06914,0.16522,345,0.12976,0.015152,66,0.11078,0.22414,116,2,0.64444,0.1578,0.17241
FRESH,2,f_vol60>=0.04647 & f_mkt_near_hi<=0.03397,0.15254,767,0.12883,,0,,,0,0,0,,
FRESH,2,f_r60>=0.6263 & f_mkt_r20<=-0.05958,0.15509,619,0.12871,0.030769,65,0.11901,0.055385,650,16,3.6111,0.040271,0.044615
FRESH,2,f_ma20_ma60>=0.1952 & f_mkt_r20<=-0.05958,0.15291,654,0.12736,0.057692,104,0.11696,0.064885,786,16,4.3667,0.049693,0.049618
FRESH,2,f_ma60_slope10>=0.08426 & f_mkt_near_hi<=0.06914,0.15341,528,0.12518,0.031915,94,0.11042,0.23121,173,2,0.96111,0.17464,0.17919
FRESH,2,f_macd_dif>=0.06151 & f_mkt_near_hi<=0.06914,0.15736,394,0.12473,0.036585,82,0.1086,0.22024,168,2,0.93333,0.16422,0.17857
FRESH,2,f_ma_tight>=0.1344 & f_bb_pctb<=0.01355,0.14959,615,0.12358,0,78,0.10951,0.094134,733,104,4.0722,0.075059,0.05457
FRESH,2,f_c_ma60>=0.2961 & f_mkt_breadth_ma20<=0.2263,0.15567,379,0.12265,0.015152,66,0.10621,0.14557,158,9,0.87778,0.099,0.13291
FRESH,2,f_n_lu_20>=3 & f_mkt_breadth_ma20<=0.1044,0.15038,532,0.12251,,0,,,0,0,0,,
FRESH,2,f_macd_dif>=0.06151 & f_mkt_r20<=-0.05958,0.15504,387,0.12239,0.043478,69,0.1095,0.072046,347,16,1.9278,0.049273,0.066282
FRESH,2,f_mkt_breadth_ma20<=0.1044 & f_rk_r60>=0.946,0.14828,580,0.12167,,0,,,0,0,0,,
FRESH,2,f_r60>=0.6263 & f_mkt_near_hi<=0.06914,0.14969,481,0.12059,0.026667,75,0.10736,0.23404,141,2,0.78333,0.17178,0.1773
FRESH,2,f_mkt_near_hi<=0.06914 & f_rk_r60>=0.9781,0.14808,520,0.12013,0.033898,59,0.11087,0.28889,45,2,0.25,0.1773,0.22222
FRESH,2,f_c_ma60>=0.2961 & f_mkt_r20<=-0.05958,0.14922,449,0.11924,0.037037,54,0.10985,0.068548,248,16,1.3778,0.043235,0.056452
FRESH,2,f_ma20_slope5>=0.06852 & f_mkt_breadth_ma20<=0.2263,0.15025,406,0.11878,0.043478,69,0.10694,0.1179,229,9,1.2722,0.082307,0.1048
FRESH,2,f_mkt_breadth_ma20<=0.2263 & f_rk_r60>=0.9781,0.14579,535,0.11842,0.033898,59,0.10956,0.1117,188,9,1.0444,0.074229,0.085106
FRESH,3,f_day_range>=0.08669 & f_mkt_r20<=-0.1467 & f_rk_r5<=0.1977,0.34824,313,0.29759,,0,,0.26621,293,2,1.6278,0.21887,0.078498
FRESH,3,f_r1<=-0.04724 & f_day_range>=0.08669 & f_mkt_r20<=-0.1467,0.3416,363,0.2947,,0,,0.12941,510,2,2.8333,0.10303,0.052941
FRESH,3,f_pos20<=0.125 & f_day_range>=0.08669 & f_mkt_r20<=-0.1467,0.33251,403,0.28828,,0,,0.14856,626,2,3.4778,0.12285,0.054313
FRESH,3,f_close_pos<=0.3333 & f_day_range>=0.08669 & f_mkt_r20<=-0.1467,0.31905,420,0.27628,,0,,0.18637,499,2,2.7722,0.15465,0.08016
FRESH,3,f_range20>=0.4355 & f_bb_pctb<=0.01355 & f_mkt_r20<=-0.1467,0.32298,322,0.27425,,0,,0.16119,335,2,1.8611,0.12569,0.059701
FRESH,3,f_r1<=-0.03196 & f_day_range>=0.08669 & f_mkt_r20<=-0.1467,0.30286,525,0.2651,,0,,0.1227,652,2,3.6222,0.099702,0.052147
FRESH,3,f_day_range>=0.08669 & f_macd_hist_d1<=-0.004667 & f_mkt_r20<=-0.1467,0.29962,524,0.26197,,0,,0.15497,342,2,1.9,0.12047,0.052632
FRESH,3,f_range20>=0.4355 & f_bb_pctb<=0.01355 & f_day_range>=0.08669,0.30792,341,0.26129,0,15,0.24996,0.12267,375,42,2.0833,0.093237,0.045333
FRESH,3,f_close_pos<=0.4 & f_day_range>=0.08669 & f_mkt_r20<=-0.1467,0.2972,535,0.26003,,0,,0.15994,619,2,3.4389,0.13317,0.067851
FRESH,3,f_body<=-0.04767 & f_day_range>=0.08669 & f_mkt_r20<=-0.1467,0.2973,481,0.25819,,0,,0.049485,485,2,2.6944,0.033476,0.035052
FRESH,3,f_day_range>=0.08669 & f_mkt_r20<=-0.1467 & f_rk_r5<=0.247,0.30051,396,0.25744,,0,,0.23729,354,2,1.9667,0.19594,0.073446
FRESH,3,f_ma60_slope10>=0.02719 & f_day_range>=0.08669 & f_mkt_r20<=-0.1467,0.30492,305,0.25594,,0,,0.19643,224,2,1.2444,0.14971,0.080357
FRESH,3,f_ma60_ma120>=0.09829 & f_day_range>=0.08669 & f_mkt_r20<=-0.1467,0.29193,322,0.24495,,0,,0.21111,450,2,2.5,0.17593,0.075556
FRESH,3,f_n_lu_60>=6 & f_mkt_r1>=-0.01852 & f_mkt_breadth_ma20<=0.1044,0.28939,311,0.2418,,0,,,0,0,0,,
FRESH,3,f_close_pos<=0.4667 & f_day_range>=0.08669 & f_mkt_r20<=-0.1467,0.27427,649,0.24135,,0,,0.15051,691,2,3.8389,0.12578,0.063676
FRESH,3,f_day_range>=0.08669 & f_n_lu_60>=4 & f_mkt_r20<=-0.1467,0.28896,308,0.24118,,0,,0.20672,387,2,2.15,0.16935,0.077519
FRESH,3,f_close_pos<=0.2857 & f_day_range>=0.08669 & f_mkt_r20<=-0.1467,0.28531,354,0.24077,,0,,0.22392,393,2,2.1833,0.18549,0.099237
FRESH,3,f_ma60_slope10>=0.008852 & f_n_lu_60>=6 & f_mkt_r20<=-0.1467,0.28808,302,0.23992,,0,,0.18836,292,2,1.6222,0.14766,0.075342
FRESH,3,f_close_pos<=0.2353 & f_day_range>=0.08669 & f_mkt_r20<=-0.1467,0.28758,306,0.23975,,0,,0.25078,319,2,1.7722,0.20637,0.11599
FRESH,3,f_day_range>=0.08669 & f_mkt_r20<=-0.1467 & f_rk_r5<=0.2963,0.27743,483,0.23938,,0,,0.21707,410,2,2.2778,0.17989,0.070732
FRESH,3,f_vol60>=0.04647 & f_kd_kd<=3.183 & f_mkt_r20<=-0.1467,0.28527,319,0.2385,,0,,0.23285,554,2,3.0778,0.19957,0.077617
FRESH,3,f_ma60_slope10>=0.02072 & f_day_range>=0.08669 & f_mkt_r20<=-0.1467,0.2815,373,0.23827,,0,,0.19697,264,2,1.4667,0.15349,0.075758
FRESH,3,f_n_lu_60>=6 & f_mkt_r1>=-0.01852 & f_mkt_r20<=-0.1467,0.28435,313,0.23722,,0,,,0,0,0,,
FRESH,3,f_r1<=-0.02183 & f_day_range>=0.08669 & f_mkt_r20<=-0.1467,0.2675,643,0.23474,,0,,0.12227,687,2,3.8167,0.099852,0.050946
FRESH,3,f_range20>=0.4355 & f_bb_pctb<=0.01355 & f_lower_shadow>=0.01434,0.28012,332,0.23454,0,13,,0.066502,406,41,2.2556,0.046103,0.044335
FRESH,4,f_close_pos<=0.3333 & f_day_range>=0.08669 & f_mkt_r5<=-0.02753 & f_mkt_r20<=-0.1467,0.40328,305,0.34976,,0,,0.18637,499,2,2.7722,0.15465,0.08016
FRESH,4,f_close_pos<=0.3333 & f_day_range>=0.08669 & f_mkt_r5<=-0.01118 & f_mkt_r20<=-0.1467,0.40328,305,0.34976,,0,,0.18637,499,2,2.7722,0.15465,0.08016
FRESH,4,f_close_pos<=0.3333 & f_day_range>=0.08669 & f_mkt_r5<=-0.01551 & f_mkt_r20<=-0.1467,0.40328,305,0.34976,,0,,0.18637,499,2,2.7722,0.15465,0.08016
FRESH,4,f_close_pos<=0.3333 & f_day_range>=0.08669 & f_mkt_r5<=-0.04149 & f_mkt_r20<=-0.1467,0.40328,305,0.34976,,0,,0.18637,499,2,2.7722,0.15465,0.08016
FRESH,4,f_close_pos<=0.3333 & f_day_range>=0.08669 & f_mkt_r5<=-0.02089 & f_mkt_r20<=-0.1467,0.40328,305,0.34976,,0,,0.18637,499,2,2.7722,0.15465,0.08016
FRESH,4,f_close_pos<=0.4 & f_day_range>=0.08669 & f_mkt_r20<=-0.1467 & f_mkt_lu_cnt5<=12,0.39936,313,0.34664,,0,,0.15994,619,2,3.4389,0.13317,0.067851
FRESH,4,f_close_pos<=0.4 & f_day_range>=0.08669 & f_mkt_r20<=-0.1467 & f_mkt_lu_cnt5<=13,0.39936,313,0.34664,,0,,0.15994,619,2,3.4389,0.13317,0.067851
FRESH,4,f_close_pos<=0.4 & f_day_range>=0.08669 & f_mkt_r20<=-0.1467 & f_mkt_lu_cnt5<=13.8,0.39936,313,0.34664,,0,,0.15994,619,2,3.4389,0.13317,0.067851
FRESH,4,f_range60>=0.4306 & f_day_range>=0.08669 & f_macd_hist_d1<=-0.004667 & f_mkt_r20<=-0.1467,0.39542,349,0.34552,,0,,0.16825,315,2,1.75,0.13099,0.057143
FRESH,4,f_r1<=-0.04724 & f_day_range>=0.08669 & f_mkt_r5<=-0.02089 & f_mkt_r20<=-0.1467,0.39803,304,0.3446,,0,,0.12941,510,2,2.8333,0.10303,0.052941
FRESH,4,f_r1<=-0.04724 & f_day_range>=0.08669 & f_mkt_r5<=-0.01118 & f_mkt_r20<=-0.1467,0.39803,304,0.3446,,0,,0.12941,510,2,2.8333,0.10303,0.052941
FRESH,4,f_r1<=-0.04724 & f_day_range>=0.08669 & f_mkt_r5<=-0.01551 & f_mkt_r20<=-0.1467,0.39803,304,0.3446,,0,,0.12941,510,2,2.8333,0.10303,0.052941
FRESH,4,f_r1<=-0.04724 & f_day_range>=0.08669 & f_mkt_r5<=-0.04149 & f_mkt_r20<=-0.1467,0.39803,304,0.3446,,0,,0.12941,510,2,2.8333,0.10303,0.052941
FRESH,4,f_r1<=-0.04724 & f_day_range>=0.08669 & f_mkt_r5<=-0.02753 & f_mkt_r20<=-0.1467,0.39803,304,0.3446,,0,,0.12941,510,2,2.8333,0.10303,0.052941
FRESH,4,f_r1<=-0.04724 & f_day_range>=0.08669 & f_macd_hist_d1<=-0.003133 & f_mkt_r20<=-0.1467,0.39672,305,0.34343,,0,,0.12201,418,2,2.3222,0.094029,0.045455
FRESH,4,f_close_pos<=0.4 & f_day_range>=0.08669 & f_macd_hist_d1<=-0.003133 & f_mkt_r20<=-0.1467,0.39394,330,0.34273,,0,,0.14412,451,2,2.5056,0.11471,0.055432
FRESH,4,f_vol60>=0.02842 & f_day_range>=0.08669 & f_macd_hist_d1<=-0.004667 & f_mkt_r20<=-0.1467,0.3913,345,0.34127,,0,,0.15916,333,2,1.85,0.12379,0.054054
FRESH,4,f_day_range>=0.08669 & f_n_lu_250>=3 & f_macd_hist_d1<=-0.004667 & f_mkt_r20<=-0.1467,0.39264,326,0.34117,,0,,0.16258,326,2,1.8111,0.12649,0.055215
FRESH,4,f_close_pos<=0.3333 & f_day_range>=0.08669 & f_mkt_r20<=-0.1467 & f_mkt_vol_ratio>=0.6676,0.39404,302,0.34059,,0,,0.18637,499,2,2.7722,0.15465,0.08016
FRESH,4,f_close_pos<=0.3333 & f_day_range>=0.08669 & f_mkt_r20<=-0.1467 & f_mkt_vol_ratio>=0.6815,0.39404,302,0.34059,,0,,0.18637,499,2,2.7722,0.15465,0.08016
FRESH,4,f_close_pos<=0.3333 & f_day_range>=0.08669 & f_mkt_r20<=-0.1467 & f_mkt_vol_ratio>=0.6972,0.39404,302,0.34059,,0,,0.18637,499,2,2.7722,0.15465,0.08016
FRESH,4,f_atr14>=0.06034 & f_day_range>=0.08669 & f_macd_hist_d1<=-0.004667 & f_mkt_r20<=-0.1467,0.39104,335,0.34031,,0,,0.16719,317,2,1.7611,0.13015,0.056782
FRESH,4,f_ma_tight4>=0.1063 & f_day_range>=0.08669 & f_macd_hist_d1<=-0.004667 & f_mkt_r20<=-0.1467,0.39144,327,0.34009,,0,,0.17708,288,2,1.6,0.13733,0.0625
FRESH,4,f_pos20<=0.125 & f_day_range>=0.08669 & f_mkt_r20<=-0.1467 & f_rk_r5>=0.02028,0.39286,308,0.33995,,0,,0.15299,536,2,2.9778,0.12499,0.059701
FRESH,4,f_bbw>=0.2747 & f_day_range>=0.08669 & f_macd_hist_d1<=-0.004667 & f_mkt_r20<=-0.1467,0.39274,303,0.33942,,0,,0.19476,267,2,1.4833,0.15172,0.067416
