score,top,n,prec,wlb,locked_open,buyable,p_buy_given_lu,cont_share
COUNT,0.01%,32,0.4688,0.3087,0.2188,0.3125,0.6667,1.0000
COUNT,0.03%,97,0.4639,0.3679,0.4021,0.1753,0.3778,1.0000
COUNT,0.10%,323,0.5170,0.4627,0.4334,0.1796,0.3473,1.0000
COUNT,0.30%,971,0.4779,0.4466,0.4006,0.1607,0.3362,1.0000
COUNT,1.00%,3239,0.3263,0.3104,0.2010,0.1676,0.5137,1.0000
COUNT,3.00%,9717,0.2512,0.2427,0.1043,0.1688,0.6719,0.9273
NB,0.01%,32,0.1250,0.0497,0.0000,0.1250,1.0000,0.0000
NB,0.03%,97,0.1546,0.0960,0.0000,0.1546,1.0000,0.0000
NB,0.10%,323,0.1486,0.1140,0.0186,0.1300,0.8750,0.0000
NB,0.30%,971,0.1256,0.1063,0.0113,0.1153,0.9180,0.0000
NB,1.00%,3239,0.1108,0.1005,0.0142,0.1006,0.9081,0.0000
NB,3.00%,9717,0.1005,0.0947,0.0098,0.0932,0.9273,0.0000
kNN_U_k100,0.01%,32,0.6250,0.4525,0.7188,0.0312,0.0500,1.0000
kNN_U_k100,0.03%,97,0.6392,0.5400,0.7629,0.0206,0.0323,1.0000
kNN_U_k100,0.10%,323,0.5820,0.5276,0.6223,0.0743,0.1277,1.0000
kNN_U_k100,0.30%,971,0.4696,0.4384,0.4099,0.1483,0.3158,1.0000
kNN_U_k100,1.00%,3239,0.3529,0.3366,0.2072,0.1889,0.5354,1.0000
kNN_U_k100,3.00%,9717,0.2496,0.2411,0.1032,0.1679,0.6726,0.8731
kNN_A_k100,0.01%,32,0.5938,0.4226,0.7812,0.0312,0.0526,1.0000
kNN_A_k100,0.03%,97,0.6392,0.5400,0.6907,0.0722,0.1129,1.0000
kNN_A_k100,0.10%,323,0.5573,0.5027,0.6037,0.0805,0.1444,1.0000
kNN_A_k100,0.30%,971,0.4799,0.4486,0.4305,0.1370,0.2854,1.0000
kNN_A_k100,1.00%,3239,0.3513,0.3351,0.2081,0.1849,0.5264,1.0000
kNN_A_k100,3.00%,9717,0.2467,0.2382,0.1018,0.1663,0.6742,0.8148
kNN_T15_k100,0.01%,32,0.6562,0.4831,0.7188,0.0938,0.1429,1.0000
kNN_T15_k100,0.03%,97,0.5567,0.4576,0.6598,0.0722,0.1296,1.0000
kNN_T15_k100,0.10%,323,0.5263,0.4719,0.5728,0.0929,0.1765,1.0000
kNN_T15_k100,0.30%,971,0.4871,0.4558,0.4470,0.1329,0.2727,1.0000
kNN_T15_k100,1.00%,3239,0.3538,0.3375,0.2069,0.1886,0.5332,1.0000
kNN_T15_k100,3.00%,9717,0.2463,0.2378,0.1030,0.1652,0.6707,0.8563
GBDT_ALL_y,0.01%,32,0.7188,0.5463,0.6562,0.0938,0.1304,1.0000
GBDT_ALL_y,0.03%,97,0.7216,0.6253,0.6495,0.1340,0.1857,1.0000
GBDT_ALL_y,0.10%,323,0.5944,0.5401,0.5635,0.1207,0.2031,1.0000
GBDT_ALL_y,0.30%,971,0.4820,0.4507,0.4006,0.1679,0.3483,0.9918
GBDT_ALL_y,1.00%,3239,0.3618,0.3455,0.1994,0.2013,0.5563,0.9416
GBDT_ALL_y,3.00%,9717,0.2441,0.2357,0.1022,0.1637,0.6707,0.6593
GBDT_ALL_buy,0.01%,32,0.4062,0.2552,0.0312,0.3750,0.9231,0.8438
GBDT_ALL_buy,0.03%,97,0.3608,0.2722,0.0619,0.3093,0.8571,0.8041
GBDT_ALL_buy,0.10%,323,0.3344,0.2851,0.0991,0.2477,0.7407,0.7864
GBDT_ALL_buy,0.30%,971,0.3090,0.2807,0.0999,0.2245,0.7267,0.7889
GBDT_ALL_buy,1.00%,3239,0.2884,0.2730,0.1003,0.2081,0.7216,0.7206
GBDT_ALL_buy,3.00%,9717,0.2212,0.2130,0.0764,0.1607,0.7268,0.5164
GBDT_CONT_y,0.01%,1,1.0000,0.2065,1.0000,0.0000,0.0000,1.0000
GBDT_CONT_y,0.03%,2,1.0000,0.3424,1.0000,0.0000,0.0000,1.0000
GBDT_CONT_y,0.10%,9,0.7778,0.4526,0.7778,0.0000,0.0000,1.0000
GBDT_CONT_y,0.30%,27,0.7778,0.5924,0.7407,0.0741,0.0952,1.0000
GBDT_CONT_y,1.00%,90,0.7333,0.6338,0.7444,0.0778,0.1061,1.0000
GBDT_CONT_y,3.00%,270,0.6185,0.5593,0.6593,0.1000,0.1617,1.0000
GBDT_CONT_buy,0.01%,1,0.0000,0.0000,0.0000,0.0000,,1.0000
GBDT_CONT_buy,0.03%,2,0.0000,0.0000,0.0000,0.0000,,1.0000
GBDT_CONT_buy,0.10%,9,0.5556,0.2666,0.2222,0.3333,0.6000,1.0000
GBDT_CONT_buy,0.30%,27,0.4815,0.3074,0.1111,0.3704,0.7692,1.0000
GBDT_CONT_buy,1.00%,90,0.4333,0.3358,0.1111,0.3222,0.7436,1.0000
GBDT_CONT_buy,3.00%,270,0.3926,0.3362,0.1074,0.3037,0.7736,1.0000
