d_n,d_pos,d_prec,text,d_days,v_n,v_prec,v_days,t_n,t_prec,t_days,t_buyprec
53,37,0.6981132075471698,f_close_pos 缺值 AND f_v5_20 ≥ 2.856,49,11,0.6363636363636364,8,30,0.43333333333333335,25,0.03333333333333333
53,37,0.6981132075471698,f_v5_20 ≥ 2.856 AND x_oneword_s ≥ 1,49,11,0.6363636363636364,8,30,0.43333333333333335,25,0.03333333333333333
52,35,0.6730769230769231,f_close_pos 缺值 AND f_rev_yoy_acc ≥ 125.6,43,7,0.5714285714285714,7,63,0.5079365079365079,42,0.1746031746031746
52,35,0.6730769230769231,f_rev_yoy_acc ≥ 125.6 AND x_oneword_s ≥ 1,43,7,0.5714285714285714,7,63,0.5079365079365079,42,0.1746031746031746
93,59,0.6344086021505376,f_close_pos 缺值 AND f_rev_mom < -13.09,80,33,0.42424242424242425,31,150,0.38666666666666666,83,0.08666666666666667
60,38,0.6333333333333333,f_close_pos 缺值 AND f_rev_mom < -25.27,52,12,0.5,12,89,0.4157303370786517,59,0.10112359550561797
54,34,0.6296296296296297,f_day_range < 0.02256 AND f_ind_lu_share ≥ 0.05882,41,16,0.4375,13,300,0.5033333333333333,83,0.20666666666666667
94,59,0.6276595744680851,f_rev_mom < -13.09 AND x_oneword_s ≥ 1,80,33,0.42424242424242425,31,150,0.38666666666666666,83,0.08666666666666667
61,38,0.6229508196721312,f_rev_mom < -25.27 AND x_oneword_s ≥ 1,52,12,0.5,12,89,0.4157303370786517,59,0.10112359550561797
50,31,0.62,f_dist_hi240 < -0.6187 AND f_macd_hist_d1 ≥ 0.007746,35,14,0.42857142857142855,14,65,0.49230769230769234,50,0.3076923076923077
50,31,0.62,f_close_pos 缺值 AND f_log_tv20 < 2.989,48,17,0.8823529411764706,15,40,0.65,36,0.125
50,31,0.62,f_log_tv20 < 2.989 AND x_oneword_s ≥ 1,48,17,0.8823529411764706,15,40,0.65,36,0.125
50,31,0.62,f_dt_ratio < 0.01781 AND f_rev_mom ≥ -8.86,47,21,0.42857142857142855,20,94,0.5425531914893617,60,0.2127659574468085
67,41,0.6119402985074627,f_close_pos 缺值 AND f_obv_slope20 ≥ 0.7513,58,13,0.6923076923076923,13,43,0.46511627906976744,35,0.09302325581395349
67,41,0.6119402985074627,f_obv_slope20 ≥ 0.7513 AND x_oneword_s ≥ 1,58,13,0.6923076923076923,13,43,0.46511627906976744,35,0.09302325581395349
54,33,0.6111111111111112,f_close_pos 缺值 AND f_ind_lu_share ≥ 0.04545,45,14,0.42857142857142855,11,234,0.5170940170940171,89,0.15384615384615385
59,36,0.6101694915254238,f_pos120 < 0.3168 AND f_gap ≥ 0.09892,51,13,0.38461538461538464,13,63,0.5079365079365079,38,0.30158730158730157
59,36,0.6101694915254238,f_close_pos 缺值 AND f_rsi5 ≥ 97.88,50,19,0.5263157894736842,17,52,0.5192307692307693,34,0.057692307692307696
59,36,0.6101694915254238,f_rsi5 ≥ 97.88 AND x_oneword_s ≥ 1,50,19,0.5263157894736842,17,52,0.5192307692307693,34,0.057692307692307696
64,39,0.609375,f_close_pos 缺值 AND f_rev_yoy ≥ 143.1,54,8,0.5,7,92,0.5543478260869565,59,0.1956521739130435
64,39,0.609375,f_rev_yoy ≥ 143.1 AND x_oneword_s ≥ 1,54,8,0.5,7,92,0.5543478260869565,59,0.1956521739130435
87,53,0.6091954022988506,f_close_pos 缺值 AND f_rsi14 ≥ 88.17,71,26,0.5384615384615384,21,68,0.47058823529411764,51,0.08823529411764706
56,34,0.6071428571428571,f_r120 < -0.2654 AND f_gap ≥ 0.09796,48,15,0.4,14,32,0.53125,29,0.15625
122,74,0.6065573770491803,f_close_pos 缺值 AND f_rsi10 ≥ 89.84,97,37,0.5675675675675675,28,115,0.4956521739130435,71,0.0782608695652174
61,37,0.6065573770491803,f_close_pos 缺值 AND f_ind_lu_cnt ≥ 2,49,17,0.5882352941176471,16,222,0.527027027027027,91,0.18018018018018017
61,37,0.6065573770491803,f_dt_ratio < 0.01781 AND f_rev_yoy ≥ -40.94,56,25,0.4,23,116,0.4827586206896552,70,0.1896551724137931
66,40,0.6060606060606061,f_close_pos 缺值 AND f_rev_yoy_acc ≥ 90.35,54,9,0.5555555555555556,9,86,0.5581395348837209,56,0.1511627906976744
66,40,0.6060606060606061,f_rev_yoy_acc ≥ 90.35 AND x_oneword_s ≥ 1,54,9,0.5555555555555556,9,86,0.5581395348837209,56,0.1511627906976744
53,32,0.6037735849056604,f_dt_ratio < 0.01781 AND f_rev_yoy ≥ -23.71,49,25,0.4,23,113,0.48672566371681414,68,0.19469026548672566
58,35,0.603448275862069,f_dt_ratio < 0.01781 AND f_rev_yoy ≥ -34.6,54,25,0.4,23,116,0.4827586206896552,70,0.1896551724137931
63,38,0.6031746031746031,f_dt_ratio < 0.01781 AND f_rev_yoy ≥ -49.73,58,26,0.4230769230769231,24,118,0.4745762711864407,70,0.1864406779661017
68,41,0.6029411764705882,f_day_range < 0.02256 AND f_ind_lu_share ≥ 0.04545,53,27,0.4444444444444444,20,366,0.4644808743169399,102,0.18579234972677597
88,53,0.6022727272727273,f_rsi14 ≥ 88.17 AND x_oneword_s ≥ 1,71,26,0.5384615384615384,21,68,0.47058823529411764,51,0.08823529411764706
123,74,0.6016260162601627,f_rsi10 ≥ 89.84 AND x_oneword_s ≥ 1,97,37,0.5675675675675675,28,115,0.4956521739130435,71,0.0782608695652174
95,57,0.6,f_close_pos 缺值 AND f_rev_yoy ≥ 78.05,75,16,0.5625,11,161,0.5279503105590062,79,0.16770186335403728
95,57,0.6,f_rev_yoy ≥ 78.05 AND x_oneword_s ≥ 1,75,16,0.5625,11,161,0.5279503105590062,79,0.16770186335403728
55,33,0.6,f_ind_lu_share ≥ 0.04545 AND x_oneword_s ≥ 1,45,14,0.42857142857142855,11,234,0.5170940170940171,89,0.15384615384615385
50,30,0.6,f_day_range < 0.02256 AND f_obv_slope20 ≥ 0.8487,44,6,0.6666666666666666,6,19,0.2631578947368421,16,0.0
147,88,0.5986394557823129,f_close_pos 缺值 AND f_rsi5 ≥ 95.25,114,42,0.5714285714285714,31,139,0.5035971223021583,76,0.06474820143884892
72,43,0.5972222222222222,f_close_pos 缺值 AND f_rev_mom < -18.19,61,20,0.45,20,120,0.39166666666666666,72,0.08333333333333333
67,40,0.5970149253731343,f_pos120 < 0.3168 AND f_close_pos 缺值,57,21,0.5238095238095238,18,69,0.5652173913043478,44,0.2318840579710145
67,40,0.5970149253731343,f_pos120 < 0.3168 AND x_oneword_s ≥ 1,57,21,0.5238095238095238,18,69,0.5652173913043478,44,0.2318840579710145
62,37,0.5967741935483871,f_ind_lu_cnt ≥ 2 AND x_oneword_s ≥ 1,49,17,0.5882352941176471,16,222,0.527027027027027,91,0.18018018018018017
57,34,0.5964912280701754,f_close_pos 缺值 AND f_macd_hist_pos < 1,43,13,0.46153846153846156,12,144,0.5416666666666666,60,0.19444444444444445
57,34,0.5964912280701754,f_macd_hist_pos < 1 AND x_oneword_s ≥ 1,43,13,0.46153846153846156,12,144,0.5416666666666666,60,0.19444444444444445
57,34,0.5964912280701754,f_dt_ratio < 0.01781 AND f_rev_yoy_acc < 69.51,52,24,0.375,22,112,0.48214285714285715,69,0.17857142857142858
126,75,0.5952380952380952,f_close_pos 缺值 AND f_rsi5 ≥ 96.06,97,35,0.4857142857142857,28,117,0.49572649572649574,69,0.05128205128205128
84,50,0.5952380952380952,f_close_pos 缺值 AND f_rev_yoy_acc ≥ 69.51,64,13,0.5384615384615384,13,104,0.5576923076923077,64,0.1346153846153846
84,50,0.5952380952380952,f_rev_yoy_acc ≥ 69.51 AND x_oneword_s ≥ 1,64,13,0.5384615384615384,13,104,0.5576923076923077,64,0.1346153846153846
79,47,0.5949367088607594,f_close_pos 缺值 AND f_lend_chg5 缺值,71,14,0.42857142857142855,13,21,0.5238095238095238,19,0.0
148,88,0.5945945945945946,f_rsi5 ≥ 95.25 AND x_oneword_s ≥ 1,114,42,0.5714285714285714,31,139,0.5035971223021583,76,0.06474820143884892
64,38,0.59375,f_dist_hi240 < -0.427 AND x_oneword_s ≥ 1,50,29,0.5517241379310345,24,75,0.5866666666666667,46,0.22666666666666666
64,38,0.59375,f_dist_hi240 < -0.427 AND f_close_pos 缺值,50,29,0.5517241379310345,24,75,0.5866666666666667,46,0.22666666666666666
64,38,0.59375,f_dt_ratio < 0.01781 AND f_rev_yoy ≥ -58.74,59,26,0.4230769230769231,24,119,0.4789915966386555,71,0.18487394957983194
64,38,0.59375,f_dt_ratio < 0.01781 AND f_rev_mom ≥ -48.8,59,23,0.391304347826087,22,120,0.475,72,0.18333333333333332
59,35,0.5932203389830508,f_dist_hi240 < -0.472 AND f_gap ≥ 0.09796,51,28,0.39285714285714285,25,71,0.6197183098591549,35,0.36619718309859156
59,35,0.5932203389830508,f_dt_ratio < 0.01781 AND f_rev_yoy_acc < 90.35,54,25,0.4,23,113,0.48672566371681414,70,0.17699115044247787
54,32,0.5925925925925926,f_dt_ratio < 0.01781 AND f_rev_yoy_acc ≥ -51.81,49,26,0.4230769230769231,24,116,0.49137931034482757,72,0.1810344827586207
120,71,0.5916666666666667,f_close_pos 缺值 AND x_price < 20.45,108,41,0.6829268292682927,29,141,0.524822695035461,92,0.09929078014184398
71,42,0.5915492957746479,f_close_pos 缺值 AND f_rev_yoy ≥ 109.9,59,12,0.5833333333333334,9,117,0.5811965811965812,67,0.19658119658119658
71,42,0.5915492957746479,f_dt_ratio < 0.04038 AND f_rev_yoy ≥ -16.4,65,31,0.3548387096774194,28,158,0.4810126582278481,89,0.189873417721519
71,42,0.5915492957746479,f_rev_yoy ≥ 109.9 AND x_oneword_s ≥ 1,59,12,0.5833333333333334,9,117,0.5811965811965812,67,0.19658119658119658
93,55,0.5913978494623656,f_close_pos 缺值 AND f_rsi5 ≥ 96.97,72,28,0.4642857142857143,23,76,0.5263157894736842,46,0.039473684210526314
127,75,0.5905511811023622,f_rsi5 ≥ 96.06 AND x_oneword_s ≥ 1,97,35,0.4857142857142857,28,117,0.49572649572649574,69,0.05128205128205128
61,36,0.5901639344262295,f_dt_ratio < 0.01781 AND f_rev_yoy_acc ≥ -88.61,56,26,0.4230769230769231,24,117,0.48717948717948717,72,0.1794871794871795
117,69,0.5897435897435898,f_close_pos 缺值 AND f_rev_yoy ≥ 58.09,87,23,0.5217391304347826,15,205,0.5609756097560976,93,0.18048780487804877
117,69,0.5897435897435898,f_rev_yoy ≥ 58.09 AND x_oneword_s ≥ 1,87,23,0.5217391304347826,15,205,0.5609756097560976,93,0.18048780487804877
78,46,0.5897435897435898,f_close_pos 缺值 AND f_lend_to_v 缺值,70,14,0.42857142857142855,13,21,0.5238095238095238,19,0.0
56,33,0.5892857142857143,f_ma_tight4 ≥ 0.3258 AND f_gap ≥ 0.09796,48,11,0.45454545454545453,11,159,0.46540880503144655,73,0.2830188679245283
56,33,0.5892857142857143,f_fgn_1 缺值 AND f_fgn_20 ≥ 0.1785,49,7,0.8571428571428571,6,23,0.391304347826087,16,0.17391304347826086
56,33,0.5892857142857143,f_trust_1 缺值 AND f_fgn_20 ≥ 0.1785,49,7,0.8571428571428571,6,23,0.391304347826087,16,0.17391304347826086
56,33,0.5892857142857143,f_fgn_20 ≥ 0.1785 AND f_inst_pct_v1 缺值,49,7,0.8571428571428571,6,23,0.391304347826087,16,0.17391304347826086
56,33,0.5892857142857143,f_fgn_20 ≥ 0.1785 AND f_fgn_streak 缺值,49,7,0.8571428571428571,6,23,0.391304347826087,16,0.17391304347826086
56,33,0.5892857142857143,f_fgn_20 ≥ 0.1785 AND f_trust_streak 缺值,49,7,0.8571428571428571,6,23,0.391304347826087,16,0.17391304347826086
56,33,0.5892857142857143,f_dt_ratio < 0.01781 AND f_rev_yoy_acc < 46.81,51,23,0.391304347826087,21,109,0.47706422018348627,67,0.1743119266055046
73,43,0.589041095890411,f_rev_mom < -18.19 AND x_oneword_s ≥ 1,61,20,0.45,20,120,0.39166666666666666,72,0.08333333333333333
85,50,0.5882352941176471,f_close_pos 缺值 AND f_obv_slope20 ≥ 0.7139,74,15,0.6,14,66,0.48484848484848486,46,0.13636363636363635
85,50,0.5882352941176471,f_close_pos 缺值 AND f_ind_lu_cnt5 ≥ 5,64,26,0.5769230769230769,26,265,0.5094339622641509,110,0.15849056603773584
85,50,0.5882352941176471,f_obv_slope20 ≥ 0.7139 AND x_oneword_s ≥ 1,74,15,0.6,14,66,0.48484848484848486,46,0.13636363636363635
51,30,0.5882352941176471,f_dist_hi240 < -0.6187 AND f_range60 ≥ 0.8039,38,12,0.5,12,66,0.5,44,0.3333333333333333
51,30,0.5882352941176471,f_day_range < 0.02256 AND f_rsi14 ≥ 91.64,43,12,0.5833333333333334,12,33,0.48484848484848486,26,0.0
63,37,0.5873015873015873,f_close_pos 缺值 AND f_ind_lu_share ≥ 0.03846,53,23,0.6086956521739131,19,248,0.5080645161290323,93,0.1532258064516129
63,37,0.5873015873015873,f_dt_ratio < 0.01781 AND f_rev_mom ≥ -38.11,58,23,0.391304347826087,22,120,0.475,72,0.18333333333333332
63,37,0.5873015873015873,f_dt_ratio < 0.01781 AND f_rev_yoy_acc < 1281,58,26,0.4230769230769231,24,121,0.4793388429752066,74,0.18181818181818182
63,37,0.5873015873015873,f_dt_ratio < 0.01781 AND f_rev_yoy_acc ≥ -1695,58,26,0.4230769230769231,24,121,0.4793388429752066,74,0.18181818181818182
63,37,0.5873015873015873,f_dt_ratio < 0.01781 AND f_rev_yoy_acc ≥ -595.2,58,26,0.4230769230769231,24,121,0.4793388429752066,74,0.18181818181818182
63,37,0.5873015873015873,f_dt_ratio < 0.01781 AND f_rev_yoy_acc ≥ -196.7,58,26,0.4230769230769231,24,118,0.4915254237288136,72,0.1864406779661017
63,37,0.5873015873015873,f_dt_ratio < 0.01781 AND f_rev_yoy_acc ≥ -127.2,58,26,0.4230769230769231,24,118,0.4915254237288136,72,0.1864406779661017
58,34,0.5862068965517241,f_close_pos 缺值 AND f_rsi10 ≥ 93.3,49,16,0.625,15,44,0.4772727272727273,32,0.06818181818181818
157,92,0.5859872611464968,f_close_pos 缺值 AND x_price < 23.3,134,53,0.6226415094339622,39,181,0.5580110497237569,104,0.09944751381215469
70,41,0.5857142857142857,f_day_range < 0.02256 AND f_rsi5 ≥ 97.88,60,21,0.47619047619047616,19,69,0.463768115942029,46,0.043478260869565216
94,55,0.5851063829787234,f_rsi5 ≥ 96.97 AND x_oneword_s ≥ 1,72,28,0.4642857142857143,23,76,0.5263157894736842,46,0.039473684210526314
53,31,0.5849056603773585,f_n_lu_20 ≥ 6 AND f_dt_ratio < 0.4265,44,17,0.11764705882352941,15,141,0.3900709219858156,85,0.22695035460992907
53,31,0.5849056603773585,f_dt_ratio < 0.01781 AND f_rev_mom ≥ -13.09,49,22,0.4090909090909091,21,100,0.53,65,0.21
65,38,0.5846153846153846,f_dt_ratio < 0.01781 AND f_rev_mom < 771.4,60,26,0.4230769230769231,24,123,0.4715447154471545,75,0.17886178861788618
65,38,0.5846153846153846,f_dt_ratio < 0.01781 AND f_rev_mom < 406.6,60,26,0.4230769230769231,24,123,0.4715447154471545,75,0.17886178861788618
65,38,0.5846153846153846,f_dt_ratio < 0.01781 AND f_rev_mom ≥ -57.33,60,25,0.44,23,120,0.475,72,0.18333333333333332
65,38,0.5846153846153846,f_dt_ratio < 0.01781 AND f_rev_yoy ≥ -68.66,60,26,0.4230769230769231,24,120,0.475,72,0.18333333333333332
65,38,0.5846153846153846,f_dt_ratio < 0.01781 AND f_rev_yoy ≥ -82.18,60,26,0.4230769230769231,24,122,0.47540983606557374,74,0.18032786885245902
65,38,0.5846153846153846,f_dt_ratio < 0.01781 AND f_rev_yoy ≥ -91.55,60,26,0.4230769230769231,24,122,0.47540983606557374,74,0.18032786885245902
65,38,0.5846153846153846,f_dt_ratio < 0.01781 AND f_rev_yoy < 2342,60,26,0.4230769230769231,24,123,0.4715447154471545,75,0.17886178861788618
65,38,0.5846153846153846,f_dt_ratio < 0.01781 AND f_rev_mom ≥ -84,60,26,0.4230769230769231,24,123,0.4715447154471545,75,0.17886178861788618
65,38,0.5846153846153846,f_dt_ratio < 0.01781 AND f_rev_mom ≥ -72.66,60,25,0.44,23,122,0.47540983606557374,74,0.18032786885245902
89,52,0.5842696629213483,f_close_pos 缺值 AND f_rsi10 ≥ 91.55,71,27,0.5185185185185185,21,71,0.4788732394366197,50,0.056338028169014086
60,35,0.5833333333333334,f_dt_ratio < 0.01781 AND f_rev_mom < 103.7,55,26,0.4230769230769231,24,118,0.4661016949152542,72,0.1694915254237288
91,53,0.5824175824175825,f_close_pos 缺值 AND f_v5_20 ≥ 2.612,82,21,0.47619047619047616,17,60,0.55,46,0.06666666666666667
91,53,0.5824175824175825,f_v5_20 ≥ 2.612 AND x_oneword_s ≥ 1,82,21,0.47619047619047616,17,60,0.55,46,0.06666666666666667
67,39,0.582089552238806,f_r120 < -0.2014 AND x_oneword_s ≥ 1,55,22,0.5454545454545454,19,43,0.6046511627906976,36,0.16279069767441862
67,39,0.582089552238806,f_r120 < -0.2014 AND f_close_pos 缺值,55,22,0.5454545454545454,19,43,0.6046511627906976,36,0.16279069767441862
55,32,0.5818181818181818,f_dist_hi240 < -0.6187 AND f_macd_hist_d3 ≥ 0.009432,42,19,0.3157894736842105,18,71,0.49295774647887325,51,0.323943661971831
55,32,0.5818181818181818,f_dt_ratio < 0.01781 AND f_rev_yoy < 42.87,51,19,0.42105263157894735,17,85,0.4588235294117647,57,0.1411764705882353
55,32,0.5818181818181818,f_dt_ratio < 0.01781 AND f_rev_yoy_acc ≥ -64.32,50,26,0.4230769230769231,24,117,0.48717948717948717,72,0.1794871794871795
55,32,0.5818181818181818,f_dt_ratio < 0.01781 AND f_rev_yoy_acc < 33.91,50,22,0.36363636363636365,20,102,0.4803921568627451,63,0.18627450980392157
196,114,0.5816326530612245,f_close_pos 缺值 AND x_price < 26.25,160,64,0.609375,44,231,0.5411255411255411,119,0.09523809523809523
62,36,0.5806451612903226,f_dt_ratio < 0.01781 AND f_rev_yoy < 143.1,57,24,0.4166666666666667,22,110,0.4636363636363636,70,0.14545454545454545
62,36,0.5806451612903226,f_dt_ratio < 0.01781 AND f_rev_yoy_acc < 711.5,57,26,0.4230769230769231,24,120,0.48333333333333334,73,0.18333333333333332
193,112,0.5803108808290155,f_close_pos 缺值 AND f_mkt_lu_cnt ≥ 24,81,61,0.5245901639344263,19,759,0.5111989459815547,124,0.13965744400527008
100,58,0.58,f_dist_hi240 < -0.3303 AND x_oneword_s ≥ 1,76,51,0.5294117647058824,38,152,0.5328947368421053,78,0.16447368421052633
100,58,0.58,f_dist_hi240 < -0.3303 AND f_close_pos 缺值,76,51,0.5294117647058824,38,152,0.5328947368421053,78,0.16447368421052633
50,29,0.58,f_r120 < -0.3234 AND f_body < 0.006937,41,11,0.5454545454545454,11,36,0.5,30,0.2222222222222222
50,29,0.58,f_dist_hi240 < -0.6187 AND f_v_rank120 < 0.7143,41,9,0.3333333333333333,8,44,0.4772727272727273,30,0.2727272727272727
50,29,0.58,f_day_range < 0.02256 AND f_updown_vol20 ≥ 13.99,44,9,0.6666666666666666,9,19,0.3157894736842105,16,0.0
50,29,0.58,f_dt_ratio < 0.01781 AND f_rev_yoy_acc ≥ -34.3,45,26,0.4230769230769231,24,110,0.5,70,0.18181818181818182
69,40,0.5797101449275363,f_r60 < -0.3315 AND f_mkt_near_hi ≥ 0.1092,60,16,0.5,15,77,0.4025974025974026,52,0.2727272727272727
69,40,0.5797101449275363,f_close_pos 缺值 AND f_updown_vol20 ≥ 7.773,61,14,0.6428571428571429,13,44,0.45454545454545453,35,0.09090909090909091
69,40,0.5797101449275363,f_updown_vol20 ≥ 7.773 AND x_oneword_s ≥ 1,61,14,0.6428571428571429,13,44,0.45454545454545453,35,0.09090909090909091
57,33,0.5789473684210527,f_dt_ratio < 0.01781 AND f_rev_mom ≥ -18.19,53,22,0.4090909090909091,21,103,0.5242718446601942,68,0.21359223300970873
83,48,0.5783132530120482,f_close_pos 缺值 AND f_updown_vol20 ≥ 6.558,73,18,0.5555555555555556,17,64,0.515625,44,0.140625
83,48,0.5783132530120482,f_close_pos 缺值 AND f_lend_chg20 缺值,75,15,0.4,14,23,0.5217391304347826,20,0.043478260869565216
83,48,0.5783132530120482,f_updown_vol20 ≥ 6.558 AND x_oneword_s ≥ 1,73,18,0.5555555555555556,17,64,0.515625,44,0.140625
64,37,0.578125,f_fgn_1 缺值 AND f_fgn_20 ≥ 0.07216,56,7,0.8571428571428571,6,25,0.36,18,0.16
64,37,0.578125,f_trust_1 缺值 AND f_fgn_20 ≥ 0.07216,56,7,0.8571428571428571,6,25,0.36,18,0.16
64,37,0.578125,f_fgn_20 ≥ 0.07216 AND f_inst_pct_v1 缺值,56,7,0.8571428571428571,6,25,0.36,18,0.16
64,37,0.578125,f_fgn_20 ≥ 0.07216 AND f_fgn_streak 缺值,56,7,0.8571428571428571,6,25,0.36,18,0.16
64,37,0.578125,f_fgn_20 ≥ 0.07216 AND f_trust_streak 缺值,56,7,0.8571428571428571,6,25,0.36,18,0.16
64,37,0.578125,f_dt_ratio < 0.01781 AND f_rev_yoy < 1198,59,26,0.4230769230769231,24,122,0.47540983606557374,74,0.18032786885245902
64,37,0.578125,f_dt_ratio < 0.01781 AND f_rev_yoy < 543,59,26,0.4230769230769231,24,118,0.4661016949152542,72,0.16101694915254236
64,37,0.578125,f_dt_ratio < 0.01781 AND f_rev_mom < 158.8,59,26,0.4230769230769231,24,119,0.47058823529411764,73,0.16806722689075632
64,37,0.578125,f_dt_ratio < 0.01781 AND f_rev_mom < 248.5,59,26,0.4230769230769231,24,120,0.475,74,0.175
64,37,0.578125,f_ind_lu_share ≥ 0.03846 AND x_oneword_s ≥ 1,53,23,0.6086956521739131,19,248,0.5080645161290323,93,0.1532258064516129
109,63,0.5779816513761468,f_day_range < 0.02256 AND f_rsi5 ≥ 96.97,85,31,0.41935483870967744,25,99,0.46464646464646464,60,0.030303030303030304
90,52,0.5777777777777777,f_rsi10 ≥ 91.55 AND x_oneword_s ≥ 1,71,27,0.5185185185185185,21,71,0.4788732394366197,50,0.056338028169014086
71,41,0.5774647887323944,f_dt_ratio < 0.04038 AND f_rev_mom ≥ -8.86,62,28,0.42857142857142855,27,138,0.5144927536231884,81,0.21014492753623187
104,60,0.5769230769230769,f_close_pos 缺值 AND f_ind_lu_cnt5 ≥ 4,81,33,0.6363636363636364,30,280,0.5178571428571429,114,0.16428571428571428
78,45,0.5769230769230769,f_day_range < 0.02256 AND f_ind_lu_cnt ≥ 2,57,30,0.5,25,360,0.4638888888888889,109,0.2
52,30,0.5769230769230769,f_c_ma5 ≥ 0.1749 AND f_fgn_1 缺值,45,6,0.5,6,20,0.65,19,0.1
52,30,0.5769230769230769,f_c_ma5 ≥ 0.1749 AND f_fgn_streak 缺值,45,6,0.5,6,20,0.65,19,0.1
52,30,0.5769230769230769,f_c_ma5 ≥ 0.1749 AND f_trust_1 缺值,45,6,0.5,6,20,0.65,19,0.1
52,30,0.5769230769230769,f_c_ma5 ≥ 0.1749 AND f_inst_pct_v1 缺值,45,6,0.5,6,20,0.65,19,0.1
52,30,0.5769230769230769,f_c_ma5 ≥ 0.1749 AND f_trust_streak 缺值,45,6,0.5,6,20,0.65,19,0.1
52,30,0.5769230769230769,f_ma_tight4 ≥ 0.3602 AND f_gap ≥ 0.09192,39,5,0.4,4,134,0.5149253731343284,61,0.31343283582089554
52,30,0.5769230769230769,f_ma_tight4 ≥ 0.3602 AND f_body < 0.006937,39,5,0.4,4,132,0.5227272727272727,60,0.3181818181818182
52,30,0.5769230769230769,f_gap ≥ 0.09892 AND f_v5_20 < 0.7142,48,15,0.26666666666666666,12,121,0.39669421487603307,60,0.2066115702479339
52,30,0.5769230769230769,f_dt_ratio < 0.04038 AND f_rev_mom ≥ -0.97,46,19,0.5263157894736842,19,123,0.5121951219512195,75,0.21138211382113822
111,64,0.5765765765765766,f_close_pos 缺值 AND f_rev_mom < -8.86,93,43,0.4883720930232558,38,190,0.39473684210526316,98,0.08421052631578947
59,34,0.576271186440678,f_rsi10 ≥ 93.3 AND x_oneword_s ≥ 1,50,16,0.625,15,44,0.4772727272727273,32,0.06818181818181818
59,34,0.576271186440678,f_dt_ratio < 0.01781 AND f_rev_mom ≥ -25.27,54,22,0.4090909090909091,21,111,0.4954954954954955,70,0.1981981981981982
66,38,0.5757575757575758,f_close_pos 缺值 AND f_rev_mom ≥ 71.69,57,10,0.1,9,87,0.5747126436781609,54,0.10344827586206896
66,38,0.5757575757575758,f_day_range < 0.02256 AND f_rev_yoy_acc ≥ 125.6,53,12,0.3333333333333333,11,82,0.47560975609756095,50,0.1951219512195122
66,38,0.5757575757575758,f_rev_mom ≥ 71.69 AND x_oneword_s ≥ 1,57,10,0.1,9,87,0.5747126436781609,54,0.10344827586206896
106,61,0.5754716981132075,f_close_pos 缺值 AND f_rev_yoy_acc ≥ 46.81,78,20,0.5,15,142,0.5422535211267606,78,0.11267605633802817
106,61,0.5754716981132075,f_rev_yoy_acc ≥ 46.81 AND x_oneword_s ≥ 1,78,20,0.5,15,142,0.5422535211267606,78,0.11267605633802817
73,42,0.5753424657534246,f_gap ≥ 0.09892 AND f_v5_20 < 0.8398,65,22,0.2727272727272727,17,169,0.4319526627218935,75,0.1834319526627219
120,69,0.575,f_close_pos 缺值 AND f_rsi14 ≥ 86.36,92,31,0.5483870967741935,23,107,0.5233644859813084,67,0.102803738317757
87,50,0.5747126436781609,f_dt_ratio < 0.04038 AND f_rev_yoy ≥ -40.94,74,34,0.38235294117647056,30,168,0.4583333333333333,94,0.17857142857142858
94,54,0.574468085106383,f_close_pos 缺值 AND f_ml_to_v 缺值,81,18,0.5,17,29,0.5517241379310345,28,0.10344827586206896
94,54,0.574468085106383,f_close_pos 缺值 AND f_ms_to_v 缺值,81,18,0.5,17,29,0.5517241379310345,28,0.10344827586206896
195,112,0.5743589743589743,f_mkt_lu_cnt ≥ 24 AND x_oneword_s ≥ 1,82,61,0.5245901639344263,19,760,0.5105263157894737,124,0.1394736842105263
54,31,0.5740740740740741,f_dist_hi240 < -0.6187 AND f_body < 0.07165,40,16,0.3125,16,54,0.48148148148148145,38,0.25925925925925924
54,31,0.5740740740740741,f_dist_hi240 < -0.6187 AND f_rs20 < -0.06706,42,8,0.625,8,73,0.4520547945205479,55,0.2876712328767123
54,31,0.5740740740740741,f_dist_hi240 < -0.6187 AND f_gap ≥ 0.02727,40,17,0.29411764705882354,17,53,0.4716981132075472,37,0.24528301886792453
54,31,0.5740740740740741,f_dt_ratio < 0.01781 AND f_rev_yoy < 33.85,51,18,0.4444444444444444,16,79,0.45569620253164556,55,0.12658227848101267
61,35,0.5737704918032787,f_dt_ratio < 0.01781 AND f_rev_yoy_acc < 334.8,56,26,0.4230769230769231,24,117,0.47863247863247865,71,0.17094017094017094
61,35,0.5737704918032787,f_dt_ratio < 0.01781 AND f_rev_yoy_acc < 199.4,56,26,0.4230769230769231,24,115,0.48695652173913045,71,0.17391304347826086
61,35,0.5737704918032787,f_dt_ratio < 0.01781 AND f_rev_yoy_acc < 125.6,56,25,0.4,23,113,0.48672566371681414,70,0.17699115044247787
68,39,0.5735294117647058,f_trust_streak 缺值 AND f_mkt_lu_cnt ≥ 27,41,14,0.6428571428571429,9,80,0.425,59,0.1625
68,39,0.5735294117647058,f_fgn_streak 缺值 AND f_mkt_lu_cnt ≥ 27,41,14,0.6428571428571429,9,80,0.425,59,0.1625
68,39,0.5735294117647058,f_inst_pct_v1 缺值 AND f_mkt_lu_cnt ≥ 27,41,14,0.6428571428571429,9,80,0.425,59,0.1625
75,43,0.5733333333333334,f_dist_hi240 < -0.3908 AND f_close_pos 缺值,57,36,0.5277777777777778,28,107,0.5420560747663551,62,0.16822429906542055
75,43,0.5733333333333334,f_dist_hi240 < -0.3908 AND x_oneword_s ≥ 1,57,36,0.5277777777777778,28,107,0.5420560747663551,62,0.16822429906542055
89,51,0.5730337078651685,f_dt_ratio < 0.04038 AND f_rev_yoy ≥ -49.73,75,35,0.4,31,171,0.4502923976608187,94,0.17543859649122806
145,83,0.5724137931034483,f_close_pos 缺值 AND f_rsi10 ≥ 88.57,110,45,0.5555555555555556,34,146,0.5,82,0.08904109589041095
154,88,0.5714285714285714,f_close_pos 缺值 AND f_ind_lu_cnt5 ≥ 2,120,56,0.5892857142857143,45,319,0.5047021943573667,123,0.15673981191222572
112,64,0.5714285714285714,f_rev_mom < -8.86 AND x_oneword_s ≥ 1,93,43,0.4883720930232558,38,190,0.39473684210526316,98,0.08421052631578947
77,44,0.5714285714285714,f_gap ≥ 0.09192 AND f_ind_lu_share ≥ 0.05882,55,20,0.4,15,384,0.4427083333333333,89,0.21875
70,40,0.5714285714285714,f_close_pos 缺值 AND f_up_streak ≥ 6,60,19,0.631578947368421,16,112,0.5625,68,0.11607142857142858
70,40,0.5714285714285714,f_up_streak ≥ 6 AND x_oneword_s ≥ 1,60,19,0.631578947368421,16,112,0.5625,68,0.11607142857142858
70,40,0.5714285714285714,f_fgn_1 缺值 AND f_mkt_lu_cnt ≥ 27,43,14,0.6428571428571429,9,81,0.41975308641975306,60,0.16049382716049382
70,40,0.5714285714285714,f_trust_1 缺值 AND f_mkt_lu_cnt ≥ 27,43,14,0.6428571428571429,9,81,0.41975308641975306,60,0.16049382716049382
63,36,0.5714285714285714,f_dist_hi120 < -0.5213 AND f_dist_hi240 < -0.6187,48,17,0.35294117647058826,17,67,0.5074626865671642,45,0.31343283582089554
63,36,0.5714285714285714,f_dist_hi120 < -0.3124 AND f_close_pos 缺值,52,16,0.625,15,114,0.5,54,0.21052631578947367
63,36,0.5714285714285714,f_dist_hi120 < -0.3124 AND x_oneword_s ≥ 1,52,16,0.625,15,114,0.5,54,0.21052631578947367
63,36,0.5714285714285714,f_dt_ratio < 0.01781 AND f_rev_yoy < 350.8,58,26,0.4230769230769231,24,116,0.47413793103448276,72,0.16379310344827586
63,36,0.5714285714285714,f_dt_ratio < 0.01781 AND f_rev_yoy < 211.2,58,25,0.4,23,113,0.4778761061946903,72,0.1592920353982301
56,32,0.5714285714285714,f_dt_ratio < 0.01781 AND f_rev_yoy < 58.09,51,20,0.4,18,92,0.45652173913043476,60,0.14130434782608695
121,69,0.5702479338842975,f_rsi14 ≥ 86.36 AND x_oneword_s ≥ 1,92,31,0.5483870967741935,23,107,0.5233644859813084,67,0.102803738317757
100,57,0.57,f_close_pos 缺值 AND f_rev_yoy_acc < -17.36,82,28,0.4642857142857143,24,161,0.4409937888198758,92,0.09316770186335403
193,110,0.5699481865284974,f_close_pos 缺值 AND f_rsi10 ≥ 86.27,140,52,0.5769230769230769,38,198,0.51010101010101,97,0.08585858585858586
151,86,0.5695364238410596,f_close_pos 缺值 AND f_trust_5 缺值,132,24,0.7083333333333334,21,43,0.5813953488372093,37,0.06976744186046512
151,86,0.5695364238410596,f_close_pos 缺值 AND f_fgn_5 缺值,132,24,0.7083333333333334,21,43,0.5813953488372093,37,0.06976744186046512
151,86,0.5695364238410596,f_day_range < 0.02256 AND f_rsi10 ≥ 89.84,114,41,0.5121951219512195,30,145,0.4413793103448276,82,0.06896551724137931
65,37,0.5692307692307692,f_r120 < -0.2654 AND f_day_range < 0.02256,51,19,0.47368421052631576,18,46,0.5217391304347826,38,0.15217391304347827
65,37,0.5692307692307692,f_day_range < 0.02256 AND f_rev_yoy ≥ 211.2,54,10,0.4,9,86,0.47674418604651164,51,0.23255813953488372
65,37,0.5692307692307692,f_dt_ratio < 0.04038 AND f_rev_mom ≥ -5.904,58,23,0.4782608695652174,22,137,0.5109489051094891,80,0.20437956204379562
65,37,0.5692307692307692,f_dt_ratio < 0.04038 AND f_rev_yoy ≥ -11.06,59,28,0.32142857142857145,26,148,0.4797297297297297,84,0.19594594594594594
58,33,0.5689655172413793,f_dist_hi240 < -0.6187 AND f_day_range < 0.08675,45,24,0.3333333333333333,24,57,0.49122807017543857,41,0.2631578947368421
58,33,0.5689655172413793,f_dt_ratio < 0.01781 AND f_rev_mom < 56.76,53,24,0.375,22,114,0.4649122807017544,69,0.17543859649122806
58,33,0.5689655172413793,f_dt_ratio < 0.01781 AND f_rev_mom < 71.69,53,25,0.4,23,117,0.46153846153846156,71,0.17094017094017094
58,33,0.5689655172413793,f_dt_ratio < 0.04038 AND f_rev_yoy_acc ≥ -3.49,54,24,0.4583333333333333,24,122,0.5163934426229508,77,0.19672131147540983
58,33,0.5689655172413793,f_dt_ratio < 0.08279 AND f_rk_r20 ≥ 0.9523,54,11,0.2727272727272727,10,50,0.54,39,0.22
51,29,0.5686274509803921,f_r60 < -0.3315 AND f_dist_hi240 < -0.6187,42,8,0.625,8,53,0.5471698113207547,39,0.3584905660377358
51,29,0.5686274509803921,f_ma_tight4 ≥ 0.3852 AND f_body < 0.02913,36,6,0.6666666666666666,6,140,0.45,57,0.2571428571428571
51,29,0.5686274509803921,f_ma_tight4 ≥ 0.3852 AND f_gap ≥ 0.06977,36,6,0.6666666666666666,6,140,0.44285714285714284,59,0.2571428571428571
146,83,0.5684931506849316,f_rsi10 ≥ 88.57 AND x_oneword_s ≥ 1,110,45,0.5555555555555556,34,146,0.5,82,0.08904109589041095
88,50,0.5681818181818182,f_ind_lu_cnt5 ≥ 5 AND x_oneword_s ≥ 1,66,27,0.5555555555555556,27,265,0.5094339622641509,110,0.15849056603773584
125,71,0.568,x_oneword_s ≥ 1 AND x_price < 20.45,112,42,0.6666666666666666,30,141,0.524822695035461,92,0.09929078014184398
287,163,0.5679442508710801,f_c_ma60 ≥ 0.2422 AND f_close_pos 缺值,201,78,0.5512820512820513,50,462,0.538961038961039,138,0.1341991341991342
118,67,0.5677966101694916,f_close_pos 缺值 AND f_log_tv20 < 3.313,106,30,0.7333333333333333,26,84,0.5238095238095238,61,0.10714285714285714
118,67,0.5677966101694916,f_log_tv20 < 3.313 AND x_oneword_s ≥ 1,106,30,0.7333333333333333,26,84,0.5238095238095238,61,0.10714285714285714
67,38,0.5671641791044776,f_ma60_ma120 < -0.1099 AND f_day_range < 0.02256,50,22,0.5454545454545454,20,53,0.4716981132075472,42,0.11320754716981132
194,110,0.5670103092783505,f_rsi10 ≥ 86.27 AND x_oneword_s ≥ 1,140,52,0.5769230769230769,38,198,0.51010101010101,97,0.08585858585858586
90,51,0.5666666666666667,f_dt_ratio < 0.04038 AND f_rev_mom ≥ -48.8,76,33,0.36363636363636365,30,175,0.4514285714285714,95,0.17714285714285713
90,51,0.5666666666666667,f_dt_ratio < 0.04038 AND f_rev_yoy ≥ -58.74,76,35,0.4,31,172,0.45348837209302323,95,0.1744186046511628
60,34,0.5666666666666667,f_day_range < 0.03418 AND f_obv_slope20 ≥ 0.8487,49,13,0.6153846153846154,13,23,0.30434782608695654,20,0.043478260869565216
60,34,0.5666666666666667,f_dt_ratio < 0.01781 AND f_rev_mom ≥ -31.21,55,22,0.4090909090909091,21,113,0.48672566371681414,70,0.19469026548672566
60,34,0.5666666666666667,f_dt_ratio < 0.01781 AND f_rev_yoy < 109.9,55,24,0.4166666666666667,22,107,0.45794392523364486,69,0.14018691588785046
196,111,0.5663265306122449,f_close_pos 缺值 AND f_rsi5 ≥ 93.74,149,56,0.625,40,203,0.5123152709359606,100,0.08374384236453201
83,47,0.5662650602409639,f_day_range < 0.02256 AND f_ind_lu_share ≥ 0.03846,65,38,0.5,28,386,0.4585492227979275,108,0.18652849740932642
83,47,0.5662650602409639,f_dt_ratio < 0.04038 AND f_rev_yoy ≥ -34.6,72,34,0.38235294117647056,30,167,0.46107784431137727,93,0.17964071856287425
129,73,0.5658914728682171,f_close_pos 缺值 AND f_fgn_20 缺值,117,16,0.75,16,52,0.6153846153846154,44,0.057692307692307696
129,73,0.5658914728682171,f_close_pos 缺值 AND f_trust_20 缺值,117,16,0.75,16,52,0.6153846153846154,44,0.057692307692307696
76,43,0.5657894736842105,f_body < 0.006937 AND f_ind_lu_share ≥ 0.05882,56,20,0.4,15,384,0.4453125,90,0.22135416666666666
76,43,0.5657894736842105,f_close_pos 缺值 AND f_log_tv20 < 3.156,71,23,0.782608695652174,21,59,0.576271186440678,48,0.11864406779661017
76,43,0.5657894736842105,f_log_tv20 < 3.156 AND x_oneword_s ≥ 1,71,23,0.782608695652174,21,59,0.576271186440678,48,0.11864406779661017
161,91,0.5652173913043478,f_close_pos 缺值 AND f_mkt_lu_cnt ≥ 27,62,46,0.5434782608695652,15,735,0.5115646258503401,114,0.1401360544217687
115,65,0.5652173913043478,f_close_pos 缺值 AND f_mkt_vol_ratio < 0.6303,75,34,0.4411764705882353,21,123,0.5203252032520326,38,0.12195121951219512
131,74,0.5648854961832062,f_close_pos 缺值 AND f_ind_lu_cnt5 ≥ 3,101,45,0.5777777777777777,39,296,0.5101351351351351,117,0.15878378378378377
124,70,0.5645161290322581,f_close_pos 缺值 AND f_obv_slope20 ≥ 0.6568,106,23,0.6086956521739131,17,86,0.5232558139534884,56,0.1744186046511628
124,70,0.5645161290322581,f_obv_slope20 ≥ 0.6568 AND x_oneword_s ≥ 1,106,23,0.6086956521739131,17,86,0.5232558139534884,56,0.1744186046511628
163,92,0.5644171779141104,x_oneword_s ≥ 1 AND x_price < 23.3,139,54,0.6111111111111112,40,181,0.5580110497237569,104,0.09944751381215469
202,114,0.5643564356435643,x_oneword_s ≥ 1 AND x_price < 26.25,164,65,0.6,44,231,0.5411255411255411,119,0.09523809523809523
101,57,0.5643564356435643,f_rev_yoy_acc < -17.36 AND x_oneword_s ≥ 1,82,28,0.4642857142857143,24,162,0.4382716049382716,93,0.09259259259259259
78,44,0.5641025641025641,f_dt_ratio < 0.04038 AND f_rev_yoy_acc ≥ -51.81,64,35,0.4,31,166,0.463855421686747,94,0.1746987951807229
55,31,0.5636363636363636,f_dist_hi20 < -0.1264 AND f_gap ≥ 0.09796,37,3,0.3333333333333333,3,160,0.45625,53,0.26875
55,31,0.5636363636363636,f_close_pos 缺值 AND f_macd_hist_d1 < 0.004652,44,7,0.5714285714285714,7,65,0.6,39,0.3076923076923077
55,31,0.5636363636363636,f_macd_hist_d1 < 0.004652 AND x_oneword_s ≥ 1,44,7,0.5714285714285714,7,65,0.6,39,0.3076923076923077
55,31,0.5636363636363636,f_rev_yoy_acc ≥ 125.6 AND x_vol20 < 101.4,53,6,0.16666666666666666,6,26,0.46153846153846156,23,0.23076923076923078
197,111,0.5634517766497462,f_rsi5 ≥ 93.74 AND x_oneword_s ≥ 1,149,56,0.625,40,203,0.5123152709359606,100,0.08374384236453201
142,80,0.5633802816901409,f_close_pos 缺值 AND f_mkt_vol_ratio < 0.6456,91,36,0.4444444444444444,22,147,0.5170068027210885,44,0.14285714285714285
71,40,0.5633802816901409,f_close_pos 缺值 AND f_ml_chg20 ≥ 0.606,63,19,0.5263157894736842,14,109,0.5045871559633027,69,0.12844036697247707
71,40,0.5633802816901409,f_day_range < 0.02256 AND f_ind_r5_rel ≥ 0.2969,59,25,0.72,25,134,0.4701492537313433,82,0.11940298507462686
71,40,0.5633802816901409,f_ml_chg20 ≥ 0.606 AND x_oneword_s ≥ 1,63,19,0.5263157894736842,14,109,0.5045871559633027,69,0.12844036697247707
158,89,0.5632911392405063,f_day_range < 0.02256 AND f_rsi5 ≥ 96.06,116,39,0.4358974358974359,30,143,0.45454545454545453,80,0.04895104895104895
87,49,0.5632183908045977,f_dt_ratio < 0.04038 AND f_rev_mom ≥ -38.11,74,33,0.36363636363636365,30,172,0.45930232558139533,94,0.18023255813953487
128,72,0.5625,f_close_pos 缺值 AND f_v5_20 ≥ 2.398,111,29,0.4827586206896552,23,101,0.5643564356435643,63,0.07920792079207921
128,72,0.5625,f_v5_20 ≥ 2.398 AND x_oneword_s ≥ 1,111,29,0.4827586206896552,23,101,0.5643564356435643,63,0.07920792079207921
80,45,0.5625,f_r120 < -0.1535 AND f_close_pos 缺值,65,29,0.5517241379310345,24,57,0.5789473684210527,47,0.15789473684210525
80,45,0.5625,f_r120 < -0.1535 AND x_oneword_s ≥ 1,65,29,0.5517241379310345,24,57,0.5789473684210527,47,0.15789473684210525
64,36,0.5625,f_close_pos 缺值 AND f_updown_vol20 < 0.7307,52,35,0.4857142857142857,29,124,0.4596774193548387,55,0.18548387096774194
64,36,0.5625,f_updown_vol20 < 0.7307 AND x_oneword_s ≥ 1,52,35,0.4857142857142857,29,124,0.4596774193548387,55,0.18548387096774194
89,50,0.5617977528089888,f_dt_ratio < 0.04038 AND f_rev_yoy_acc ≥ -1695,75,36,0.3888888888888889,32,175,0.45714285714285713,97,0.17714285714285713
89,50,0.5617977528089888,f_dt_ratio < 0.04038 AND f_rev_yoy_acc ≥ -595.2,75,36,0.3888888888888889,32,175,0.45714285714285713,97,0.17714285714285713
89,50,0.5617977528089888,f_dt_ratio < 0.04038 AND f_rev_yoy_acc ≥ -196.7,75,36,0.3888888888888889,32,172,0.46511627906976744,95,0.18023255813953487
89,50,0.5617977528089888,f_dt_ratio < 0.04038 AND f_rev_yoy_acc ≥ -127.2,75,36,0.3888888888888889,32,172,0.46511627906976744,95,0.18023255813953487
89,50,0.5617977528089888,f_dt_ratio < 0.04038 AND f_rev_mom < 158.8,75,36,0.3888888888888889,32,174,0.4482758620689655,96,0.16666666666666666
89,50,0.5617977528089888,f_dt_ratio < 0.04038 AND f_rev_yoy_acc < 1281,75,36,0.3888888888888889,32,176,0.45454545454545453,97,0.17613636363636365
73,41,0.5616438356164384,f_gap ≥ 0.09796 AND f_v5_20 < 0.7142,66,20,0.3,15,181,0.4143646408839779,75,0.20441988950276244
57,32,0.5614035087719298,f_close_pos 缺值 AND f_macd_hist_d3 ≥ 0.02579,51,8,0.5,8,110,0.509090909090909,67,0.11818181818181818
57,32,0.5614035087719298,f_gap ≥ 0.09796 AND f_rev_yoy ≥ 211.2,47,6,0.5,5,72,0.4583333333333333,50,0.2222222222222222
57,32,0.5614035087719298,f_dt_ratio < 0.01781 AND f_rev_yoy < 78.05,52,23,0.391304347826087,21,101,0.4752475247524752,66,0.1485148514851485
253,142,0.5612648221343873,f_close_pos 缺值 AND f_mkt_lu_cnt ≥ 21,114,81,0.5185185185185185,29,778,0.506426735218509,132,0.13753213367609254
98,55,0.5612244897959183,f_day_range < 0.02256 AND f_obv_slope20 ≥ 0.7513,81,13,0.6153846153846154,13,68,0.4411764705882353,51,0.10294117647058823
82,46,0.5609756097560976,f_close_pos 缺值 AND f_rev_yoy_acc < -23.87,69,23,0.4782608695652174,21,118,0.423728813559322,76,0.1016949152542373
66,37,0.5606060606060606,f_day_range < 0.02256 AND f_obv_slope20 ≥ 0.8047,57,8,0.625,8,38,0.39473684210526316,32,0.05263157894736842
66,37,0.5606060606060606,f_dt_ratio < 0.04038 AND f_rev_yoy_acc ≥ -11.71,58,32,0.40625,30,132,0.5,81,0.19696969696969696
66,37,0.5606060606060606,f_dt_ratio < 0.04038 AND f_rk_r60 ≥ 0.7705,60,18,0.3888888888888889,17,95,0.5473684210526316,64,0.23157894736842105
91,51,0.5604395604395604,f_day_range < 0.02256 AND f_ind_r5_rel ≥ 0.27,76,29,0.7586206896551724,27,151,0.4966887417218543,87,0.1390728476821192
91,51,0.5604395604395604,f_dt_ratio < 0.04038 AND f_rev_mom ≥ -72.66,77,35,0.4,31,177,0.4519774011299435,96,0.1751412429378531
91,51,0.5604395604395604,f_dt_ratio < 0.04038 AND f_rev_mom ≥ -84,77,36,0.3888888888888889,32,178,0.449438202247191,97,0.17415730337078653
91,51,0.5604395604395604,f_dt_ratio < 0.04038 AND f_rev_mom < 771.4,77,36,0.3888888888888889,32,178,0.449438202247191,97,0.17415730337078653
91,51,0.5604395604395604,f_dt_ratio < 0.04038 AND f_rev_mom ≥ -57.33,77,35,0.4,31,175,0.4514285714285714,95,0.17714285714285713
91,51,0.5604395604395604,f_dt_ratio < 0.04038 AND f_rev_yoy ≥ -82.18,77,35,0.4,31,176,0.45454545454545453,97,0.17613636363636365
91,51,0.5604395604395604,f_dt_ratio < 0.04038 AND f_rev_yoy ≥ -68.66,77,35,0.4,31,174,0.4540229885057471,96,0.1781609195402299
91,51,0.5604395604395604,f_dt_ratio < 0.04038 AND f_rev_mom < 406.6,77,36,0.3888888888888889,32,178,0.449438202247191,97,0.17415730337078653
91,51,0.5604395604395604,f_dt_ratio < 0.04038 AND f_rev_yoy < 2342,77,36,0.3888888888888889,32,178,0.449438202247191,97,0.17415730337078653
91,51,0.5604395604395604,f_dt_ratio < 0.04038 AND f_rev_yoy ≥ -91.55,77,35,0.4,31,176,0.45454545454545453,97,0.17613636363636365
116,65,0.5603448275862069,f_close_pos 缺值 AND f_ind_lu_cnt ≥ 1,93,38,0.5789473684210527,32,294,0.5136054421768708,110,0.1564625850340136
141,79,0.5602836879432624,f_day_range < 0.02256 AND f_macd_hist_d3 ≥ 0.0225,115,24,0.4583333333333333,22,254,0.531496062992126,106,0.1377952755905512
75,42,0.56,f_dist_hi240 < -0.6187 AND f_lend_to_v < 1.23,60,24,0.3333333333333333,23,80,0.4125,60,0.275
50,28,0.56,f_dist_hi240 < -0.6187 AND f_c_ma120 < -0.3761,38,10,0.4,10,39,0.5384615384615384,31,0.41025641025641024
50,28,0.56,f_c_ma5 ≥ 0.183 AND f_atr14 < 0.03488,45,5,0.4,5,18,0.3888888888888889,14,0.05555555555555555
50,28,0.56,f_c_ma120 < -0.3761 AND f_macd_gold3 < 1,38,9,0.4444444444444444,9,32,0.5,26,0.375
50,28,0.56,f_c_ma120 < -0.3761 AND f_kd_d < 43,39,3,0.6666666666666666,3,37,0.5675675675675675,29,0.43243243243243246
50,28,0.56,f_close_pos 缺值 AND f_kd_k ≥ 93.6,42,10,0.7,10,89,0.48314606741573035,55,0.12359550561797752
50,28,0.56,f_day_range < 0.02256 AND f_rsi5 ≥ 98.39,43,14,0.5,13,46,0.41304347826086957,35,0.0
50,28,0.56,f_day_range < 0.03418 AND f_rev_yoy_acc ≥ 199.4,43,9,0.1111111111111111,6,62,0.532258064516129,41,0.24193548387096775
50,28,0.56,f_dt_ratio < 0.01781 AND f_rev_yoy_acc < 25.72,45,21,0.38095238095238093,19,92,0.45652173913043476,57,0.1956521739130435
109,61,0.5596330275229358,f_close_pos 缺值 AND f_ind_lu_share ≥ 0.0137,89,36,0.5833333333333334,30,289,0.5190311418685121,110,0.15570934256055363
109,61,0.5596330275229358,f_day_range < 0.02256 AND f_rsi14 ≥ 88.17,87,29,0.4827586206896552,23,93,0.40860215053763443,64,0.07526881720430108
84,47,0.5595238095238095,f_pos120 < 0.3168 AND f_gap ≥ 0.09796,67,22,0.45454545454545453,18,95,0.5473684210526316,51,0.29473684210526313
