set,cut,n,days,prec,wlb,buy
a+b 目標 m_y（ens_v）,每日前 1,180,180,0.5111111111111111,0.438618730048297,0.13333333333333333
a+b 目標 m_y（ens_v）,每日前 3,540,180,0.48333333333333334,0.4414509795383813,0.15555555555555556
a+b 目標 m_y（ens_v）,每日前 10,1800,180,0.38555555555555554,0.3633363124313953,0.1622222222222222
a+b 目標 m_y（ens_v）,全期前 30,30,24,0.5333333333333333,0.36142013281525043,0.13333333333333333
a+b 目標 m_y（ens_v）,全期前 100,100,35,0.54,0.4426468539352385,0.11
a+b 目標 m_y（ens_v）,全期前 300,300,101,0.5166666666666667,0.46026528666991656,0.11
a+b 目標 m_y（ens_v）,全期前 1000,1000,173,0.482,0.4511578913647933,0.145
c 目標 m_buy_lu（ens_v）,每日前 1,180,180,0.2388888888888889,0.18246502711764206,0.2388888888888889
c 目標 m_buy_lu（ens_v）,每日前 3,540,180,0.19444444444444445,0.1632695776882211,0.19444444444444445
c 目標 m_buy_lu（ens_v）,每日前 10,1800,180,0.1922222222222222,0.17468124380800268,0.1922222222222222
c 目標 m_buy_lu（ens_v）,全期前 30,30,24,0.23333333333333334,0.11792239210501229,0.23333333333333334
c 目標 m_buy_lu（ens_v）,全期前 100,100,53,0.17,0.10893476059773155,0.17
c 目標 m_buy_lu（ens_v）,全期前 300,300,98,0.19333333333333333,0.15263659272359456,0.19333333333333333
c 目標 m_buy_lu（ens_v）,全期前 1000,1000,173,0.194,0.1706810231256838,0.194
a+b 目標 m_y（ens）,每日前 1,180,180,0.5111111111111111,0.438618730048297,0.10555555555555556
a+b 目標 m_y（ens）,每日前 3,540,180,0.4777777777777778,0.4359527112033642,0.14074074074074075
a+b 目標 m_y（ens）,每日前 10,1800,180,0.35944444444444446,0.3375980096963611,0.14833333333333334
a+b 目標 m_y（ens）,全期前 30,30,25,0.5333333333333333,0.36142013281525043,0.06666666666666667
a+b 目標 m_y（ens）,全期前 100,100,65,0.51,0.4134784047743415,0.1
a+b 目標 m_y（ens）,全期前 300,300,122,0.5533333333333333,0.4967541991380484,0.11333333333333333
a+b 目標 m_y（ens）,全期前 1000,1000,172,0.483,0.45215190626615864,0.147
c 目標 m_buy_lu（ens）,每日前 1,180,180,0.14444444444444443,0.10051698986574695,0.14444444444444443
c 目標 m_buy_lu（ens）,每日前 3,540,180,0.16111111111111112,0.1325140514174422,0.16111111111111112
c 目標 m_buy_lu（ens）,每日前 10,1800,180,0.1761111111111111,0.1592087499692823,0.1761111111111111
c 目標 m_buy_lu（ens）,全期前 30,30,2,0.06666666666666667,0.01847663532769335,0.06666666666666667
c 目標 m_buy_lu（ens）,全期前 100,100,11,0.05,0.021543361456313564,0.05
c 目標 m_buy_lu（ens）,全期前 300,300,38,0.08,0.05434646978454494,0.08
c 目標 m_buy_lu（ens）,全期前 1000,1000,61,0.085,0.06926305688204971,0.085
