,A_full,B_full,B_s1,A_m1,A_m2,A_fresh,B_fresh,B_h1,family
f_r1,0.01337,0.06095,0.07696,0.02225,0.00734,0.00709,0.00616,0.04731,報酬/位置
f_r3,0.00169,0.00539,0.00440,0.00288,0.00999,0.00406,0.00726,0.00690,報酬/位置
f_r5,0.00280,0.00328,0.00412,0.00405,0.00395,0.00566,0.00459,0.00447,報酬/位置
f_r10,0.00250,0.00193,0.00250,0.00373,0.00495,0.00386,0.00285,0.00299,報酬/位置
f_r20,0.00147,0.00192,0.00131,0.00452,0.00231,0.00327,0.00182,0.00137,報酬/位置
f_r60,0.00085,0.00336,0.00349,0.00363,0.00236,0.00227,0.00382,0.00294,報酬/位置
f_r120,0.00406,0.00241,0.00239,0.00659,0.00401,0.00533,0.00288,0.00372,報酬/位置
f_pos20,0.00189,0.00095,0.00101,0.00243,0.00334,0.00214,0.00208,0.00197,報酬/位置
f_dist_hi20,0.00235,0.00146,0.00154,0.00256,0.00230,0.00340,0.00313,0.00181,報酬/位置
f_pos60,0.00140,0.00305,0.00276,0.00335,0.00257,0.00209,0.00317,0.00220,報酬/位置
f_dist_hi60,0.00317,0.00310,0.00227,0.00392,0.00595,0.00430,0.00424,0.00313,報酬/位置
f_pos120,0.00367,0.00305,0.00153,0.00301,0.00215,0.00332,0.00245,0.00157,報酬/位置
f_dist_hi120,0.01230,0.00566,0.00652,0.01043,0.00782,0.01698,0.00686,0.00474,報酬/位置
f_dist_hi240,0.00951,0.00615,0.00681,0.00577,0.01080,0.01399,0.00915,0.00629,報酬/位置
f_brk20,0.00038,0.00008,0.00002,0.00041,0.00000,0.00000,0.00003,0.00016,報酬/位置
f_brk60,0.00003,0.00014,0.00003,0.00000,0.00000,0.00031,0.00000,0.00016,報酬/位置
f_range20,0.00657,0.00452,0.00498,0.00485,0.00632,0.03528,0.02176,0.00483,波動
f_range60,0.00970,0.00525,0.00602,0.00673,0.01626,0.01325,0.00939,0.00444,波動
f_c_ma5,0.01320,0.01733,0.01665,0.05883,0.01217,0.03271,0.01916,0.01914,均線
f_c_ma10,0.03407,0.00741,0.00908,0.07176,0.01296,0.01596,0.01940,0.01127,均線
f_c_ma20,0.00922,0.00258,0.00236,0.01975,0.01764,0.01672,0.00270,0.00195,均線
f_c_ma60,0.00983,0.02071,0.01430,0.00343,0.02295,0.00584,0.00888,0.04703,均線
f_c_ma120,0.00654,0.00779,0.00737,0.00264,0.00603,0.00677,0.01039,0.01523,均線
f_ma20_slope5,0.00145,0.00120,0.00189,0.00459,0.00304,0.00296,0.00338,0.00238,均線
f_ma60_slope10,0.00150,0.00480,0.00276,0.00225,0.00310,0.00123,0.00653,0.00319,均線
f_ma5_ma20,0.00102,0.00101,0.00097,0.00256,0.00206,0.00128,0.00158,0.00159,均線
f_ma20_ma60,0.00196,0.00200,0.00204,0.00259,0.00385,0.00289,0.00340,0.00273,均線
f_ma60_ma120,0.00351,0.00328,0.00232,0.00510,0.00711,0.00401,0.00507,0.00546,均線
f_ma_tight,0.00185,0.00148,0.00218,0.00321,0.00377,0.00231,0.00245,0.00313,均線
f_ma_tight4,0.00403,0.00271,0.00309,0.00463,0.00580,0.00405,0.00419,0.00399,均線
f_n_above_ma,0.00181,0.00058,0.00037,0.00075,0.00192,0.00597,0.00064,0.00050,均線
f_bull_align,0.00003,0.00005,0.00005,0.00012,0.00056,0.00001,0.00025,0.00011,均線
f_atr14,0.04864,0.04035,0.04351,0.03045,0.02975,0.10103,0.14483,0.05917,波動
f_bbw,0.00426,0.00419,0.00504,0.00294,0.00487,0.00238,0.02965,0.00198,波動
f_bb_pctb,0.00356,0.00464,0.00402,0.00350,0.00498,0.00791,0.00496,0.00264,波動
f_bbw_rank120,0.00234,0.00227,0.00200,0.00615,0.00540,0.00376,0.00348,0.00315,波動
f_vol10,0.09385,0.24650,0.22164,0.03453,0.04660,0.01464,0.07602,0.13184,波動
f_vol60,0.00496,0.02862,0.02982,0.01144,0.00863,0.01078,0.03959,0.05725,波動
f_vol_ratio_10_60,0.00345,0.00456,0.00488,0.00519,0.00509,0.00343,0.00476,0.00533,波動
f_body,0.00289,0.00422,0.00508,0.00366,0.00490,0.00314,0.00403,0.00395,K 棒
f_upper_shadow,0.00340,0.00630,0.00617,0.00561,0.00628,0.00499,0.00748,0.00450,K 棒
f_lower_shadow,0.00248,0.00318,0.00324,0.00464,0.00469,0.00358,0.00370,0.00359,K 棒
f_close_pos,0.00181,0.00285,0.00211,0.00187,0.00443,0.00386,0.00353,0.00388,K 棒
f_day_range,0.07713,0.03718,0.02605,0.03737,0.05205,0.11646,0.05906,0.01644,波動
f_gap,0.00414,0.00442,0.00490,0.00791,0.00515,0.00350,0.00515,0.00547,K 棒
f_up_days5,0.00032,0.00041,0.00040,0.00073,0.00091,0.00092,0.00045,0.00066,報酬/位置
f_up_streak,0.00076,0.00067,0.00055,0.00106,0.00029,0.00065,0.00066,0.00046,報酬/位置
f_n_lu_20,0.04086,0.00744,0.03478,0.04138,0.00165,0.00829,0.00171,0.02746,漲停史/型態
f_n_lu_60,0.01018,0.00784,0.02206,0.01452,0.00841,0.05414,0.01204,0.00936,漲停史/型態
f_n_lu_250,0.07820,0.03179,0.03274,0.03742,0.05188,0.08413,0.03998,0.01997,漲停史/型態
f_days_since_lu,0.20085,0.08393,0.03880,0.10190,0.20972,0.03439,0.01392,0.05892,漲停史/型態
f_vr5,0.00376,0.00588,0.00430,0.00542,0.00654,0.00485,0.00803,0.00830,量能
f_vr20,0.00759,0.00639,0.00876,0.00913,0.00843,0.00957,0.01164,0.01229,量能
f_v5_20,0.00291,0.00510,0.00453,0.00607,0.00455,0.00380,0.00697,0.00478,量能
f_v_dryup5,0.00328,0.00365,0.00434,0.00716,0.00462,0.00393,0.00651,0.00506,量能
f_v_rank120,0.02826,0.01161,0.01288,0.02171,0.02217,0.04203,0.01453,0.00806,量能
f_log_tv20,0.00676,0.00503,0.00531,0.00686,0.00608,0.00970,0.00513,0.00397,量能
f_obv_slope20,0.00127,0.00204,0.00199,0.00441,0.00333,0.00196,0.00279,0.00370,量能
f_updown_vol20,0.00127,0.00226,0.00172,0.00422,0.00353,0.00172,0.00276,0.00266,量能
f_pv_up_surge,0.00180,0.00071,0.00167,0.00224,0.00161,0.00106,0.00110,0.00052,量能
f_macd_dif,0.00122,0.00179,0.00232,0.00304,0.00195,0.00744,0.00237,0.00236,指標
f_macd_hist,0.00285,0.00177,0.00291,0.00361,0.00316,0.00282,0.00345,0.00194,指標
f_macd_hist_d1,0.00266,0.00397,0.00368,0.00337,0.00609,0.00263,0.00468,0.00410,指標
f_macd_hist_d3,0.00160,0.00163,0.00179,0.00456,0.00241,0.00256,0.00339,0.00324,指標
f_macd_dif_pos,0.00008,0.00004,0.00000,0.00043,0.00013,0.00000,0.00010,0.00000,指標
f_macd_hist_pos,0.00002,0.00008,0.00004,0.00006,0.00037,0.00003,0.00005,0.00032,指標
f_macd_gold3,0.00008,0.00016,0.00017,0.00038,0.00011,0.00009,0.00004,0.00015,指標
f_macd_gold10,0.00011,0.00015,0.00004,0.00036,0.00012,0.00026,0.00060,0.00030,指標
f_kd_k,0.00233,0.00163,0.00162,0.00334,0.00239,0.00210,0.00263,0.00141,指標
f_kd_d,0.00187,0.00249,0.00256,0.00472,0.00438,0.00335,0.00305,0.00336,指標
f_kd_kd,0.00205,0.00370,0.00447,0.00436,0.00585,0.00359,0.00522,0.00436,指標
f_kd_gold3,0.00019,0.00027,0.00033,0.00028,0.00058,0.00006,0.00035,0.00090,指標
f_rsi5,0.00327,0.00414,0.00424,0.00333,0.00414,0.00409,0.00802,0.00409,指標
f_rsi10,0.00161,0.00231,0.00165,0.00208,0.00309,0.00275,0.00257,0.00231,指標
f_rsi14,0.00190,0.00206,0.00299,0.00289,0.00279,0.00337,0.00293,0.00172,指標
f_fgn_1,0.00222,0.00480,0.00371,0.00437,0.00498,0.00245,0.00563,0.00541,籌碼
f_trust_1,0.00149,0.00089,0.00110,0.00227,0.00084,0.00222,0.00169,0.00206,籌碼
f_fgn_5,0.00166,0.00229,0.00240,0.00458,0.00654,0.00375,0.00358,0.00523,籌碼
f_trust_5,0.00138,0.00045,0.00107,0.00121,0.00210,0.00165,0.00163,0.00177,籌碼
f_fgn_20,0.00383,0.00426,0.00377,0.00581,0.00713,0.00452,0.00574,0.00423,籌碼
f_trust_20,0.00187,0.00145,0.00112,0.00323,0.00278,0.00229,0.00156,0.00159,籌碼
f_trust_streak,0.00084,0.00011,0.00038,0.00058,0.00022,0.00067,0.00048,0.00009,籌碼
f_fgn_streak,0.00080,0.00122,0.00061,0.00181,0.00177,0.00120,0.00133,0.00114,籌碼
f_inst_pct_v1,0.00368,0.00415,0.00448,0.00550,0.00425,0.00541,0.00629,0.00644,籌碼
f_ml_chg5,0.00508,0.00357,0.00328,0.00872,0.00798,0.00693,0.00674,0.00545,籌碼
f_ml_chg20,0.00149,0.00446,0.00377,0.00426,0.00463,0.00277,0.00511,0.00700,籌碼
f_ml_to_v,0.00388,0.00378,0.00387,0.00669,0.00569,0.00574,0.00440,0.00386,籌碼
f_ms_chg5,0.00130,0.00218,0.00184,0.00295,0.00379,0.00194,0.00235,0.00281,籌碼
f_ms_to_ml,0.00085,0.00080,0.00162,0.00271,0.00274,0.00221,0.00283,0.00156,籌碼
f_ms_to_v,0.00170,0.00124,0.00193,0.00466,0.00234,0.00213,0.00289,0.00189,籌碼
f_lend_to_v,0.02265,0.00808,0.00532,0.02196,0.02659,0.02561,0.01030,0.00477,籌碼
f_lend_chg5,0.00159,0.00261,0.00249,0.00458,0.00379,0.00205,0.00397,0.00335,籌碼
f_lend_chg20,0.00131,0.00223,0.00323,0.00411,0.00385,0.00240,0.00335,0.00394,籌碼
f_dt_ratio,0.00104,0.00256,0.00283,0.00229,0.00290,0.00166,0.00162,0.00206,籌碼
f_dt_ratio20,0.00262,0.00238,0.00230,0.00286,0.00221,0.00362,0.00276,0.00232,籌碼
f_rev_yoy,0.00213,0.00412,0.00340,0.00537,0.00363,0.00320,0.00352,0.00424,營收
f_rev_mom,0.00153,0.00264,0.00286,0.00541,0.00378,0.00237,0.00434,0.00297,營收
f_rev_yoy_acc,0.00147,0.00293,0.00298,0.00368,0.00474,0.00239,0.00448,0.00379,營收
f_mkt_r1,0.00663,0.01395,0.01095,0.00738,0.01136,0.00795,0.01700,0.01202,大盤
f_mkt_r5,0.00445,0.00997,0.01078,0.00586,0.01050,0.00640,0.01466,0.00910,大盤
f_mkt_r20,0.00493,0.01640,0.01632,0.00830,0.00565,0.00708,0.01565,0.01202,大盤
f_mkt_breadth_ma20,0.00580,0.00977,0.01120,0.00852,0.01069,0.00874,0.01291,0.01258,大盤
f_mkt_lu_cnt,0.00450,0.00907,0.01079,0.00651,0.00839,0.00569,0.01344,0.01036,大盤
f_mkt_lu_cnt5,0.00853,0.01109,0.01153,0.00940,0.01068,0.01273,0.01487,0.01164,大盤
f_mkt_vol_ratio,0.00608,0.01342,0.01241,0.00737,0.01054,0.00901,0.01628,0.00832,大盤
f_mkt_near_hi,0.00523,0.01843,0.01875,0.00658,0.00878,0.00812,0.02478,0.01468,大盤
f_rk_r5,0.00087,0.00208,0.00150,0.00325,0.00191,0.00129,0.00216,0.00180,橫斷面/產業
f_rk_r20,0.00105,0.00192,0.00138,0.00346,0.00165,0.00109,0.00165,0.00162,橫斷面/產業
f_rk_r60,0.00075,0.00186,0.00188,0.00297,0.00227,0.00310,0.00179,0.00252,橫斷面/產業
f_rk_vr20,0.00215,0.00632,0.00478,0.00268,0.00189,0.00160,0.01168,0.00673,橫斷面/產業
f_rk_log_tv20,0.00147,0.00239,0.00225,0.00346,0.00400,0.00217,0.00247,0.00128,橫斷面/產業
f_rs20,0.00440,0.00140,0.00151,0.00320,0.00316,0.00190,0.00157,0.00175,橫斷面/產業
f_ind_lu_cnt,0.00073,0.00185,0.00363,0.00136,0.00100,0.00082,0.00417,0.00282,橫斷面/產業
f_ind_lu_share,0.00055,0.00210,0.00169,0.00118,0.00167,0.00094,0.00300,0.00207,橫斷面/產業
f_ind_lu_cnt5,0.00213,0.00387,0.00315,0.00228,0.00307,0.00327,0.00334,0.00501,橫斷面/產業
f_ind_r5,0.00142,0.00246,0.00216,0.00386,0.00281,0.00247,0.00319,0.00369,橫斷面/產業
f_ind_r5_rel,0.00223,0.00123,0.00201,0.00253,0.00359,0.00369,0.00160,0.00262,橫斷面/產業
x_lu_s,0.00899,0.00916,0.03184,0.04690,0.02302,0.00000,0.00000,0.05905,漲停史/型態
x_oneword_s,0.00219,0.00228,0.00176,0.00179,0.00079,0.00000,0.00000,0.00106,漲停史/型態
x_close_at_high,0.00002,0.00058,0.00084,0.00016,0.00078,0.00000,0.00022,0.00122,漲停史/型態
x_lu_streak,0.01471,0.00765,0.00786,0.00323,0.00095,0.00000,0.00000,0.01070,漲停史/型態
x_price,0.01043,0.00933,0.00971,0.01492,0.00852,0.01382,0.01014,0.01023,價格
x_vol20,0.00281,0.00244,0.00278,0.00361,0.00356,0.00388,0.00328,0.00250,量能
