,OLD,NEW_Jan-Aug,NEW_Jan-Mar,ALL_≤Aug,OLD_buy,NEW_buy_Jan-Aug,rank_OLD,rank_NEW_Jan-Aug,rank_NEW_Jan-Mar,rank_ALL_≤Aug,rank_OLD_buy,rank_NEW_buy_Jan-Aug
x_lu_streak,12.889459,1.5955968,3.5439749,8.732909,1.5163225,0.4847968,1,10,4,2,15,58
pct_f_days_since_lu,6.8448687,3.7033093,4.0534396,2.293307,6.939143,1.9828247,2,5,3,11,3,8
pct_f_n_lu_20,6.6916623,4.9044023,3.0585432,13.794311,7.065316,4.7311454,3,4,5,1,2,5
pct_f_day_range,5.9343915,2.6211047,2.024572,3.8062778,12.064141,4.760262,4,7,8,7,1,3
pct_f_n_lu_250,5.583025,2.4622946,1.607521,5.0459905,6.1031003,3.0931993,5,8,11,5,5,6
pct_f_atr14,5.147092,5.946572,2.1144605,5.0232387,6.5846257,6.1110063,6,3,7,6,4,2
pct_f_vol10,3.686518,11.313519,5.7864246,3.6998253,2.4541655,13.005688,7,1,2,8,8,1
pct_f_c_ma10,3.4945462,0.35423857,0.48321322,1.3285623,3.1106608,0.445325,8,74,80,15,6,64
pct_f_n_lu_60,3.2463443,0.7017128,1.4042475,5.56432,3.0744357,0.6604334,9,28,13,4,7,31
x_lu_s,2.6953003,11.278018,6.184875,6.1590767,2.3066359,3.0330033,10,2,1,3,9,7
pct_f_v_rank120,1.8150134,0.6980699,0.8027684,1.1466141,1.8560288,0.98482007,11,29,26,17,11,18
pct_f_lend_to_v,1.773418,0.7114908,0.46443176,1.1185085,1.657062,0.58109736,12,26,85,18,13,38
pct_f_c_ma5,1.7243681,0.813056,1.2607646,3.058739,1.1925226,0.5627627,13,22,16,10,18,42
f_mkt_lu_cnt5,1.58311,1.3896357,0.5328081,3.499137,1.7056254,1.4942554,14,13,70,9,12,10
pct_f_brk20,1.3333595,0.5280558,0.7703388,0.9492437,1.5279738,0.5013248,15,44,35,19,14,51
pct_f_range60,1.1375784,0.35711515,0.39471802,0.84715235,0.83353454,0.49508196,16,72,99,21,26,53
log_x_price,1.0708108,1.1783738,1.637443,0.8445673,1.2586467,0.9889244,17,15,10,23,17,17
pct_f_r1,1.0424894,1.5301054,1.4099002,2.2302613,2.1551023,1.7793691,18,11,12,12,10,9
f_mkt_r20,0.8720507,1.6434314,0.7618092,1.345743,0.7670917,1.4246964,19,9,36,14,27,11
pct_f_dist_hi120,0.8272971,0.62074786,0.46956557,0.800448,0.9427334,0.6570423,20,36,84,24,21,32
pct_f_log_tv20,0.8196804,0.52102226,0.68874586,0.69032663,0.8580859,0.62612504,21,45,44,27,25,35
pct_f_brk60,0.7964161,0.5325151,0.5000539,0.41808054,0.8856504,0.5354401,22,42,74,36,22,48
pct_f_vr20,0.7926588,0.66178405,1.0857468,0.93729764,1.0055028,0.7196316,23,33,20,20,19,29
f_mkt_vol_ratio,0.7343428,0.83306366,1.2058359,0.62933505,0.87315553,0.9622945,24,20,17,32,24,19
pct_f_vol60,0.6740576,3.4773073,2.693437,0.73536336,1.2634783,4.7497363,25,6,6,25,16,4
f_mkt_r5,0.670498,1.210298,0.55298114,1.1600041,0.6513687,1.3835701,26,14,67,16,29,13
f_mkt_near_hi,0.665275,1.4671415,0.84730667,0.64503014,0.70638615,1.4177228,27,12,24,30,28,12
pct_f_pv_up_surge,0.6623728,0.9457688,1.266939,0.58194715,0.62727815,1.1390918,28,18,15,33,30,15
pct_f_dist_hi240,0.65848005,0.5847627,0.71363026,0.68581563,0.87327063,0.62874496,29,38,41,29,23,34
f_mkt_breadth_ma20,0.58651227,0.7074512,0.7975159,0.54898524,0.623662,0.9070683,30,27,28,34,31,21
f_mkt_r1,0.5096824,1.0784342,1.006664,0.68820983,0.49971253,1.1313633,31,16,21,28,38,16
f_mkt_lu_cnt,0.49392566,0.97027284,0.6678514,1.476147,0.5635819,1.1600301,32,17,45,13,35,14
pct_f_macd_hist_pos,0.4837615,0.49236453,0.590329,0.25629088,0.5601443,0.5645156,33,46,61,62,36,41
pct_f_trust_1,0.4758704,0.7557323,0.91176033,0.36012128,0.4545282,0.71913993,34,24,22,41,42,30
pct_f_up_streak,0.46778232,0.47020993,0.63538325,0.35481152,0.5786065,0.47605416,35,50,51,43,32,59
pct_f_ml_chg5,0.4657003,0.4480189,0.774732,0.3706143,0.5754368,0.5565109,36,52,34,38,33,44
pct_f_c_ma60,0.46454817,0.40311894,1.121087,0.7040462,0.57480806,0.45252046,37,58,19,26,34,63
pct_f_macd_dif_pos,0.46208525,0.79264355,0.77585757,0.362363,0.47008675,0.87180734,38,23,33,40,41,22
pct_f_range20,0.4503678,0.48088786,0.39609355,0.44002882,0.4762752,0.4942721,39,48,98,35,40,54
pct_f_n_above_ma,0.4047235,0.55672026,0.46963006,0.38323864,0.43184036,0.61408824,40,41,83,37,44,36
pct_f_macd_gold3,0.39047533,0.8463967,0.89513075,0.3690468,0.42980775,0.92090803,41,19,23,39,46,20
pct_f_trust_streak,0.38740885,0.6577067,1.1852633,0.3008713,0.43067294,0.773758,42,34,18,47,45,26
pct_f_close_pos,0.37747836,0.4470665,0.731532,0.3549521,0.27315977,0.5879452,43,53,40,42,72,37
pct_f_r20,0.3638713,0.11410012,0.23195001,0.09493328,0.1961716,0.17041029,44,122,116,111,98,119
pct_f_trust_5,0.36326852,0.37212706,0.61058515,0.19659989,0.39192444,0.48912522,45,64,57,75,48,56
pct_f_inst_pct_v1,0.3595421,0.4046883,0.7509336,0.29489043,0.44641978,0.45720208,46,57,38,48,43,62
pct_f_rsi5,0.35689756,0.22712407,0.27425423,0.27459756,0.26830995,0.23021106,47,100,112,54,75,110
pct_f_ml_to_v,0.33925956,0.36660844,0.70819736,0.27093244,0.35604426,0.36509258,48,68,42,56,54,77
pct_f_v_dryup5,0.33895952,0.3965391,0.69296175,0.24293661,0.36846074,0.48682523,49,60,43,65,53,57
pct_f_fgn_20,0.3330192,0.43173194,0.6226981,0.20855641,0.33167663,0.3827371,50,54,55,71,58,76
pct_f_upper_shadow,0.32939765,0.6639153,0.6056679,0.34055403,0.4180322,0.65054387,51,32,59,44,47,33
pct_f_bull_align,0.326523,0.82223254,0.55574155,0.30272248,0.3911722,0.80682796,52,21,65,46,49,24
pct_f_ma60_ma120,0.32536444,0.25418264,0.55441284,0.18921193,0.35240185,0.31768048,53,91,66,78,56,92
x_oneword_s,0.31736094,0.12240227,0.027754009,0.16028182,0.0013494025,0.0067837564,54,121,123,85,124,123
pct_f_ma_tight4,0.3153339,0.41577443,0.4543533,0.2900755,0.38370752,0.43146944,55,56,86,49,50,66
pct_f_trust_20,0.30934262,0.40097684,0.7506499,0.22632144,0.31155747,0.561298,56,59,39,67,61,43
pct_f_gap,0.30540377,0.5670868,1.3533568,0.32504153,0.34009925,0.5078062,57,40,14,45,57,50
pct_f_fgn_1,0.30480587,0.45594877,0.786624,0.25749883,0.30023995,0.4157193,58,51,30,61,67,70
pct_f_fgn_streak,0.29664814,0.5286007,0.76118183,0.26500815,0.3741524,0.7380518,59,43,37,60,51,28
pct_f_pos120,0.2946888,0.356465,0.39975816,0.28996038,0.28320554,0.5390679,60,73,97,50,71,46
pct_f_ms_to_v,0.29355112,0.23434116,0.44752154,0.15949184,0.28924054,0.25671914,61,99,89,86,68,105
pct_f_ma20_ma60,0.28709456,0.24683501,0.48242104,0.1281518,0.26525977,0.3333224,62,94,81,100,76,89
pct_f_vol_ratio_10_60,0.28412223,0.37194583,0.495089,0.2246199,0.30155277,0.43137413,63,65,75,68,66,67
pct_f_r3,0.2817344,0.1864473,0.4850635,0.15762888,0.24481553,0.27924526,64,111,78,87,84,101
pct_f_r120,0.2804626,0.34525728,0.5806694,0.1729919,0.3161798,0.49116263,65,78,62,84,60,55
log_x_vol20,0.27882302,0.33847302,0.53560895,0.20170116,0.2882749,0.5806462,66,79,69,73,69,39
pct_f_lower_shadow,0.2767627,0.48037016,0.65599257,0.21295369,0.30236962,0.41497812,67,49,47,69,65,71
pct_f_vr5,0.27515373,0.6727971,0.8022805,0.27379122,0.37045226,0.802211,68,31,27,55,52,25
pct_f_c_ma120,0.27217326,0.36141932,1.6752554,0.6382955,0.552796,0.50047135,69,71,9,31,37,52
pct_f_kd_gold3,0.2716862,0.6045736,0.77956456,0.2655029,0.3090539,0.74453014,70,37,32,59,62,27
pct_f_rev_yoy_acc,0.27117202,0.3162984,0.6274099,0.18587355,0.3545509,0.41052675,71,82,54,79,55,73
pct_f_c_ma20,0.2653414,0.14803554,0.18575244,0.28817934,0.47940072,0.25149223,72,118,121,51,39,108
pct_f_bbw,0.2628131,0.48710522,0.41264477,0.2830919,0.30699104,0.5505384,73,47,95,52,64,45
pct_f_bbw_rank120,0.2607153,0.266474,0.613308,0.12932816,0.2879356,0.3504814,74,90,56,99,70,83
pct_f_rk_log_tv20,0.25234726,0.38405758,0.3845604,0.19226848,0.3080528,0.35114858,75,63,100,77,63,82
pct_f_rev_yoy,0.2491614,0.38435462,0.6447315,0.1976948,0.21089055,0.46658075,76,62,49,74,93,61
pct_f_lend_chg5,0.24446353,0.30434924,0.6620706,0.15332526,0.24171074,0.2866526,77,86,46,90,87,97
pct_f_body,0.24403387,0.4212643,0.6294921,0.20537136,0.2475405,0.41955918,78,55,53,72,83,68
pct_f_macd_gold10,0.23559046,0.5762084,0.64176905,0.24989516,0.31874767,0.576555,79,39,50,64,59,40
pct_f_dt_ratio20,0.23271751,0.24704698,0.22699192,0.25308418,0.24921253,0.34898672,80,93,117,63,82,85
pct_f_r5,0.23252483,0.27573094,0.28779748,0.18065478,0.21989875,0.28197765,81,89,110,80,90,100
pct_f_kd_kd,0.22894505,0.367825,0.43980297,0.2106068,0.2699022,0.47379342,82,67,90,70,74,60
pct_f_rev_mom,0.22182956,0.33616188,0.6085027,0.12595044,0.2545944,0.36267406,83,80,58,101,78,78
pct_f_macd_hist,0.22089612,0.244525,0.4848369,0.1075224,0.18862963,0.28310233,84,95,79,106,99,99
pct_f_dist_hi20,0.2197401,0.20111237,0.35514042,0.14516118,0.20683469,0.2003668,85,107,102,92,95,113
pct_f_v5_20,0.21695001,0.34554696,0.6525164,0.17816481,0.25869095,0.41821605,86,76,48,82,77,69
pct_f_lend_chg20,0.2123256,0.33132514,0.5941722,0.17421074,0.2421984,0.40341535,87,81,60,83,86,74
pct_f_macd_hist_d1,0.20981136,0.64582556,0.45426548,0.2668618,0.21093588,0.44468284,88,35,87,58,92,65
pct_f_rk_vr20,0.20123042,0.7462529,0.3593009,0.2753138,0.20687638,0.36033165,89,25,101,53,94,80
pct_f_ind_r5_rel,0.20103164,0.24065785,0.34348828,0.15520535,0.24447578,0.230728,90,97,105,89,85,109
pct_f_r10,0.19757889,0.20057368,0.34324992,0.0858178,0.17623025,0.18802719,91,108,106,117,101,115
pct_f_rsi14,0.19323108,0.16065213,0.19447409,0.19250518,0.25158328,0.27397525,92,116,119,76,80,102
pct_f_up_days5,0.19042775,0.34527332,0.6305143,0.106601894,0.18832843,0.320937,93,77,52,108,100,90
pct_f_fgn_5,0.18967515,0.3694074,0.7841971,0.15600994,0.22044508,0.36079556,94,66,31,88,89,79
pct_f_ma_tight,0.17970599,0.24074179,0.52512115,0.14683619,0.22216973,0.28629532,95,96,72,91,88,98
pct_f_macd_dif,0.17938496,0.18100686,0.22434148,0.13086408,0.124257304,0.18696798,96,113,118,97,113,116
pct_f_bb_pctb,0.17646772,0.3140059,0.5173489,0.23387828,0.19655034,0.34387615,97,84,73,66,97,87
pct_f_ml_chg20,0.17525187,0.36614376,0.792122,0.13064905,0.21247354,0.35398617,98,69,29,98,91,81
pct_f_ma5_ma20,0.17351368,0.14649446,0.24843179,0.089405596,0.1665261,0.17873846,99,119,115,113,102,117
pct_f_ind_lu_cnt5,0.17285264,0.3095817,0.5557824,0.13241252,0.2502157,0.41091436,100,85,64,96,81,72
pct_f_pos20,0.17060176,0.16045238,0.3083511,0.0998062,0.13876487,0.15363935,101,117,108,109,111,121
pct_f_ind_r5,0.16768987,0.2758963,0.56355906,0.14220211,0.20441951,0.33833486,102,88,63,93,96,88
pct_f_kd_k,0.15774186,0.18904684,0.29382926,0.09763203,0.14159362,0.3089169,103,110,109,110,110,93
pct_f_macd_hist_d3,0.15666142,0.36428094,0.42361742,0.13615635,0.2544772,0.3943874,104,70,92,95,79,75
pct_f_ms_to_ml,0.15663892,0.25397065,0.5276934,0.118665196,0.11677006,0.20938577,105,92,71,102,116,111
pct_f_rk_r5,0.15018584,0.20545712,0.31257457,0.118347526,0.14696833,0.26122427,106,104,107,103,107,104
pct_f_dist_hi60,0.14472005,0.3162722,0.4914118,0.17980397,0.2717055,0.5386654,107,83,76,81,73,47
pct_f_kd_d,0.14240086,0.20341782,0.41395822,0.1103015,0.1516652,0.3180058,108,105,94,105,106,91
pct_f_rk_r20,0.14070389,0.16285956,0.18891795,0.0746849,0.1318193,0.1754792,109,115,120,119,112,118
pct_f_ind_lu_cnt,0.1381909,0.28519583,0.45282805,0.13779578,0.14679371,0.3495625,110,87,88,94,108,84
pct_f_obv_slope20,0.12825267,0.18934217,0.49044624,0.088159434,0.15320261,0.25429943,111,109,77,115,105,107
pct_f_rsi10,0.12398842,0.17137477,0.25317094,0.091862485,0.15649363,0.25525323,112,114,114,112,104,106
pct_f_updown_vol20,0.12212397,0.20732532,0.47251335,0.08587229,0.16446534,0.20134616,113,103,82,116,103,112
pct_f_ms_chg5,0.12199291,0.23629794,0.42080763,0.08868017,0.14337069,0.2942829,114,98,93,114,109,95
pct_f_rk_r60,0.11639014,0.21621855,0.8373812,0.07424641,0.10430223,0.51805747,115,101,25,120,118,49
pct_f_pos60,0.11200392,0.69050634,0.34775314,0.26801854,0.10154624,0.84620106,116,30,103,57,120,23
pct_f_ma20_slope5,0.105410956,0.13345303,0.2709295,0.07095479,0.12323428,0.19456561,117,120,113,121,114,114
pct_f_dt_ratio,0.10528262,0.20302145,0.40433016,0.06496599,0.11499102,0.17009193,118,106,96,122,117,120
pct_f_ma60_slope10,0.104620345,0.20932792,0.54997134,0.11152652,0.1212726,0.34444562,119,102,68,104,115,86
pct_f_ind_lu_share,0.09790176,0.3461141,0.34740207,0.10694525,0.10349399,0.29153937,120,75,104,107,119,96
pct_f_r60,0.07669122,0.18443894,0.4337532,0.08032459,0.08946836,0.30186495,121,112,91,118,121,94
pct_f_rs20,0.05821854,0.060258176,0.118876375,0.03636748,0.060638815,0.07458816,122,123,122,123,122,122
x_close_at_high,0.013977517,0.39577723,0.28687978,0.8448896,0.9706524,0.26268485,123,61,111,22,20,103
m_otc,0.00782231,0.0011561019,0.0050333114,0.002636609,0.014754462,0.0059467736,124,124,124,124,123,124
