model,target,trees,month,all_n1,all_hit1,all_buy1,all_cont1,all_lock1,all_n3,all_hit3,all_buy3,all_cont3,all_lock3,all_n10,all_hit10,all_buy10,all_cont10,all_lock10,all_aucy,all_aucb,fresh_n1,fresh_hit1,fresh_buy1,fresh_cont1,fresh_lock1,fresh_n3,fresh_hit3,fresh_buy3,fresh_cont3,fresh_lock3,fresh_n10,fresh_hit10,fresh_buy10,fresh_cont10,fresh_lock10,fresh_aucy,fresh_aucb,all_hit1_seedmin,all_hit1_seedmax,all_hit10_seedmin,all_hit10_seedmax,all_aucy_seedmin,all_aucy_seedmax,all_buy1_seedmin,all_buy1_seedmax,fresh_hit1_seedmin,fresh_hit1_seedmax,fresh_hit10_seedmin,fresh_hit10_seedmax,all_hit1_wlo,all_hit1_whi,all_buy1_wlo,all_buy1_whi,fresh_hit1_wlo,fresh_hit1_whi,fresh_buy1_wlo,fresh_buy1_whi,all_hit3_wlo,all_hit3_whi,all_buy3_wlo,all_buy3_whi,fresh_hit3_wlo,fresh_hit3_whi,fresh_buy3_wlo,fresh_buy3_whi,all_hit10_wlo,all_hit10_whi,all_buy10_wlo,all_buy10_whi,fresh_hit10_wlo,fresh_hit10_whi,fresh_buy10_wlo,fresh_buy10_whi
OLD,y,600,2026-04,20.0,0.6,0.16666666666666666,1.0,0.6166666666666667,60.0,0.6166666666666667,0.1611111111111111,1.0,0.5499999999999999,200.0,0.4883333333333333,0.19000000000000003,0.9916666666666667,0.3866666666666667,0.8454459734179798,0.8278293871738561,20.0,0.13333333333333333,0.08333333333333333,0.0,0.06666666666666667,60.0,0.20000000000000004,0.17777777777777778,0.0,0.03333333333333333,200.0,0.21666666666666667,0.20166666666666666,0.0,0.021666666666666667,0.8115396863549901,0.8132274596065704,0.6,0.6,0.47,0.515,0.8445838592386601,0.8465746033049087,0.15,0.2,0.05,0.2,0.2,0.23,0.38657794231520604,0.7811960325858073,0.06143032543132997,0.37932309156529215,0.043719889986540895,0.34110886870974344,0.02079435659578241,0.28014741464999526,0.4901736454040314,0.7291191041511176,0.08904468513027014,0.2739620899714399,0.11828389736858967,0.3178204609181701,0.1013979419208458,0.29293636883159985,0.419931161232084,0.5571752455726768,0.14167093792456506,0.250013585744794,0.16519881234550224,0.27881392434154634,0.15191969964967025,0.26265841721492794
OLD,y,600,2026-05,20.0,0.7166666666666667,0.11666666666666665,1.0,0.65,60.0,0.6611111111111111,0.16666666666666666,1.0,0.6000000000000001,200.0,0.4916666666666667,0.16666666666666666,1.0,0.40833333333333327,0.8316259715223614,0.811221731976738,20.0,0.21666666666666667,0.20000000000000004,0.0,0.016666666666666666,60.0,0.1611111111111111,0.15,0.0,0.011111111111111112,200.0,0.13333333333333333,0.12,0.0,0.015,0.7912236173672214,0.7927638310828202,0.65,0.75,0.465,0.53,0.8311719239286316,0.8320290752186645,0.05,0.2,0.15,0.25,0.125,0.145,0.49753466862693324,0.8659756103252624,0.0355330361006857,0.3213333934454297,0.09076377338806278,0.4338766310590661,0.08065635327120002,0.41602172202575993,0.5349022706989716,0.7679305739248056,0.09313077201321034,0.28031851497207827,0.08904468513027014,0.2739620899714399,0.08097349242295687,0.26114825891159615,0.4231926931633155,0.5604547402686566,0.12140291837062625,0.22449441890825436,0.09306820743959832,0.18741886356717036,0.08197935023887544,0.17234361425904846
OLD,y,600,2026-06,21.0,0.6984126984126985,0.1111111111111111,1.0,0.5873015873015873,63.0,0.6084656084656085,0.17460317460317457,1.0,0.4761904761904761,210.0,0.4761904761904762,0.18412698412698414,0.9984126984126984,0.3428571428571429,0.8292782724228008,0.8053081212791285,21.0,0.23809523809523805,0.23809523809523805,0.0,0.0,63.0,0.1851851851851852,0.1851851851851852,0.0,0.0,210.0,0.16984126984126982,0.16666666666666666,0.0,0.00634920634920635,0.7932597750924578,0.789542720970899,0.6666666666666666,0.7142857142857143,0.45714285714285713,0.49523809523809526,0.8287542786044713,0.8296296010663253,0.047619047619047616,0.14285714285714285,0.19047619047619047,0.2857142857142857,0.15714285714285714,0.18571428571428572,0.48465983794824347,0.85079896234374,0.03380876930206764,0.3086919821256449,0.10627856389112261,0.4509158197234593,0.10627856389112261,0.4509158197234593,0.4850523995563833,0.7194110882516086,0.10039293923176859,0.2862165973442558,0.10841240140651948,0.2981447925166262,0.10841240140651948,0.2981447925166262,0.4096766381224554,0.5435597761206107,0.13754320968281813,0.24205988594185612,0.12509589233715568,0.22644905183335803,0.12234629176295744,0.2229635076399651
OLD,y,600,2026-07,22.0,0.5454545454545454,0.1818181818181818,0.9848484848484849,0.3636363636363637,66.0,0.3888888888888889,0.15656565656565657,0.9444444444444445,0.24242424242424243,220.0,0.2863636363636363,0.15606060606060607,0.853030303030303,0.15303030303030304,0.8420868149275517,0.8228142383599217,22.0,0.16666666666666666,0.13636363636363635,0.0,0.030303030303030304,66.0,0.12626262626262627,0.10606060606060606,0.0,0.025252525252525252,220.0,0.11818181818181818,0.09242424242424241,0.0,0.03333333333333333,0.8204793361274868,0.8047805871722229,0.5,0.5909090909090909,0.2727272727272727,0.29545454545454547,0.8407272242258818,0.8441944782357316,0.09090909090909091,0.2727272727272727,0.09090909090909091,0.22727272727272727,0.10454545454545454,0.1318181818181818,0.3465947328904156,0.7307998556799515,0.0730676602410512,0.3851702197663787,0.06422420536802462,0.3682154784492829,0.04748917264236267,0.3333541187947,0.2805042035747302,0.5094967891478496,0.08816149309278346,0.2627506662315543,0.06625489012321642,0.22738481267091584,0.052332807719182424,0.20312525738814619,0.23069470258006045,0.3493654828367698,0.11405516494986838,0.20987151653680197,0.08193873121045306,0.16753053634303114,0.06083773741250263,0.13800048866641504
OLD,y,600,2026-08,21.0,0.5714285714285714,0.031746031746031744,1.0,0.6825396825396824,63.0,0.4603174603174603,0.07936507936507936,0.9894179894179894,0.5238095238095237,210.0,0.33174603174603173,0.14761904761904762,0.9873015873015873,0.24603174603174602,0.8455217212829217,0.838878435835559,21.0,0.15873015873015872,0.15873015873015872,0.0,0.0,63.0,0.1693121693121693,0.1693121693121693,0.0,0.0,210.0,0.12698412698412698,0.12698412698412698,0.0,0.0,0.8185102021197036,0.8265140324205964,0.5238095238095238,0.6190476190476191,0.32857142857142857,0.3333333333333333,0.8443436728560696,0.8461266332623445,0.0,0.047619047619047616,0.09523809523809523,0.23809523809523808,0.11904761904761904,0.1380952380952381,0.3654621629703245,0.7553030051347894,0.004173324950389629,0.20414390636052968,0.05841860601860444,0.3645922574791841,0.05841860601860444,0.3645922574791841,0.34308665416425693,0.5821096307840387,0.03437534033651938,0.17270528011541472,0.09642353959119002,0.28021216831127393,0.09642353959119002,0.28021216831127393,0.27158843521767917,0.3979488920999866,0.10598562152434961,0.20191330927302567,0.08855813103217157,0.1788123587758608,0.08855813103217157,0.1788123587758608
OLD,y,600,2026-09,21.0,0.507936507936508,0.09523809523809523,1.0,0.5238095238095238,63.0,0.4708994708994709,0.15873015873015872,1.0,0.37566137566137564,210.0,0.36349206349206353,0.20793650793650795,0.9888888888888889,0.1984126984126984,0.8706987945499521,0.8655759821524353,21.0,0.2698412698412698,0.2698412698412698,0.0,0.0,63.0,0.19576719576719573,0.19576719576719573,0.0,0.0,210.0,0.12380952380952381,0.12222222222222222,0.0,0.0015873015873015875,0.8413874397075443,0.8464997316206411,0.42857142857142855,0.5714285714285714,0.3523809523809524,0.37142857142857144,0.8702415153855215,0.8710538198761829,0.047619047619047616,0.14285714285714285,0.23809523809523808,0.2857142857142857,0.10952380952380952,0.13333333333333333,0.3101062222383288,0.7033121297733507,0.026518208796947225,0.2891458386074067,0.1272883451139952,0.48357944654730406,0.1272883451139952,0.48357944654730406,0.35289564014584635,0.5922483021495704,0.08856997432352591,0.2681180762318169,0.11653401820775618,0.30997083306251055,0.11653401820775618,0.30997083306251055,0.30142751389316375,0.4304612611004142,0.15853633040154275,0.2678303509800656,0.08590789007058504,0.17522745496985614,0.08458611400085418,0.17343165865579138
OLD,y,600,POOLED,125.0,0.6053333333333333,0.11733333333333333,0.9973333333333333,0.5680000000000001,375.0,0.5315555555555554,0.14933333333333335,0.9884444444444443,0.45777777777777784,1250.0,0.40399999999999997,0.17520000000000002,0.9685333333333332,0.2864,0.8413828487998584,0.8245392156752379,125.0,0.19733333333333336,0.18133333333333335,0.0,0.018666666666666668,375.0,0.17244444444444443,0.16355555555555557,0.0,0.011555555555555555,1250.0,0.14746666666666666,0.1376,0.0,0.013066666666666666,0.8092332834199377,0.8082782838535527,0.592,0.616,0.3944,0.4096,0.8406984567333983,0.8417959613192002,0.104,0.128,0.184,0.224,0.144,0.1496,0.5177346232044809,0.6866507098970431,0.07201426433944419,0.18547193059552503,0.13704576621670728,0.275669795630812,0.12362935262674515,0.25804033583826413,0.4809851816629622,0.581485958430065,0.11682252792420726,0.18895592935186803,0.13758038085559068,0.21395158747453283,0.12956540855810814,0.2043690555204584,0.3771313638520803,0.43145689801449033,0.15513015217183035,0.19726013381006727,0.12889083064356918,0.16820273098867103,0.11961034239064354,0.1578103461556609
NEW,y,600,2026-04,20.0,0.5,0.25,1.0,0.3833333333333333,60.0,0.5222222222222223,0.2111111111111111,0.9944444444444445,0.4277777777777778,200.0,0.4266666666666667,0.21,0.985,0.29,0.8394981124416944,0.8227143040568822,20.0,0.3666666666666667,0.35000000000000003,0.0,0.016666666666666666,60.0,0.2722222222222222,0.2333333333333333,0.0,0.03888888888888889,200.0,0.19499999999999998,0.17333333333333334,0.0,0.025000000000000005,0.8041959648880924,0.8067473171019027,0.5,0.5,0.385,0.465,0.8374204300964929,0.8408734475103727,0.15,0.4,0.35,0.4,0.175,0.23,0.2992949144298199,0.70070508557018,0.11186005278940306,0.4687050099580635,0.19352396687677698,0.5827773999218719,0.1811895478679446,0.5671494897805353,0.39834704925326286,0.6434229982810513,0.12688884285189742,0.33010053920201937,0.175885978714303,0.3959710340589775,0.14439431618431064,0.35436511340392013,0.360136544099385,0.49596087010196893,0.1592832952786342,0.271647388153992,0.1460544156450576,0.25544164796511815,0.12716069718448264,0.2318186933488204
NEW,y,600,2026-05,20.0,0.5,0.15,1.0,0.5499999999999999,60.0,0.5166666666666667,0.15,1.0,0.5055555555555555,200.0,0.4566666666666667,0.17499999999999996,0.9983333333333334,0.36000000000000004,0.8277576046233338,0.8072518348897718,20.0,0.06666666666666667,0.06666666666666667,0.0,0.0,60.0,0.15555555555555556,0.13888888888888887,0.0,0.016666666666666666,200.0,0.15833333333333333,0.14333333333333334,0.0,0.015,0.7852591780054613,0.7870870135658551,0.4,0.55,0.405,0.505,0.8272488395101462,0.8283772872698074,0.1,0.25,0.05,0.1,0.15,0.175,0.2992949144298199,0.70070508557018,0.05236779195949582,0.36042329588695743,0.014419522398209308,0.2585599196973995,0.014419522398209308,0.2585599196973995,0.39307594850843575,0.6382515871422999,0.08097349242295687,0.26114825891159615,0.08499182763105116,0.2675724355870804,0.07304612003282761,0.24819060753456834,0.3890963413012898,0.5258703125449649,0.12860441174608933,0.2336454921008192,0.11424562581514233,0.21529914489571028,0.10148284115639984,0.19862730973200243
NEW,y,600,2026-06,21.0,0.6666666666666666,0.09523809523809523,1.0,0.6031746031746031,63.0,0.5978835978835978,0.1693121693121693,0.9947089947089948,0.4603174603174603,210.0,0.46349206349206346,0.18095238095238098,0.9777777777777779,0.3253968253968254,0.8285773289340131,0.8040532769994299,21.0,0.20634920634920637,0.20634920634920637,0.0,0.0,63.0,0.19576719576719573,0.19047619047619047,0.0,0.010582010582010581,210.0,0.1634920634920635,0.15238095238095237,0.0,0.014285714285714285,0.7911433653555328,0.7867644910751922,0.5714285714285714,0.7619047619047619,0.44285714285714284,0.49047619047619045,0.828074329144382,0.8294312289176036,0.047619047619047616,0.14285714285714285,0.14285714285714285,0.23809523809523808,0.14761904761904762,0.17142857142857143,0.45373075657210293,0.828054635673163,0.026518208796947225,0.2891458386074067,0.08626703938313447,0.41725393618473017,0.08626703938313447,0.41725393618473017,0.4745749350089837,0.7099408954518868,0.09642353959119002,0.28021216831127393,0.11653401820775618,0.30997083306251055,0.1124608184449851,0.30407020415172115,0.39730735324809674,0.5309884819246042,0.13476698032703743,0.23860097053004561,0.11960296304597773,0.21947169158935362,0.11005281828702987,0.2071988296617322
NEW,y,600,2026-07,22.0,0.30303030303030304,0.0909090909090909,0.9242424242424242,0.21212121212121213,66.0,0.25252525252525254,0.11616161616161615,0.8080808080808081,0.14646464646464644,220.0,0.22727272727272727,0.12727272727272726,0.7181818181818183,0.11666666666666665,0.8468860708642492,0.8272627800383346,22.0,0.0909090909090909,0.0909090909090909,0.0,0.0,66.0,0.08585858585858586,0.07575757575757576,0.0,0.015151515151515152,220.0,0.09848484848484847,0.07575757575757576,0.0,0.030303030303030304,0.8265536269868864,0.8105221453535295,0.18181818181818182,0.45454545454545453,0.21363636363636362,0.24545454545454545,0.8462963856124738,0.8475950428330615,0.09090909090909091,0.09090909090909091,0.0,0.18181818181818182,0.09090909090909091,0.10454545454545454,0.15271570497400858,0.5119077445544005,0.025294896282837754,0.2781538065838578,0.025294896282837754,0.2781538065838578,0.025294896282837754,0.2781538065838578,0.16333800721193503,0.3689369311247201,0.059217057391116525,0.2153318265596139,0.03909656456491411,0.1781798628556108,0.032791554064608174,0.1653940545125149,0.1768541323950522,0.28705248728600796,0.0895425177840355,0.17779652911341337,0.06573690977027276,0.14501450253795467,0.047617071615223494,0.11845989233309234
NEW,y,600,2026-08,21.0,0.4603174603174603,0.047619047619047616,1.0,0.5396825396825397,63.0,0.45502645502645506,0.1111111111111111,0.9894179894179894,0.44973544973544977,210.0,0.3190476190476191,0.13809523809523808,0.953968253968254,0.24285714285714285,0.8515480097689755,0.8444015246228247,21.0,0.14285714285714285,0.14285714285714285,0.0,0.0,63.0,0.13756613756613756,0.13756613756613756,0.0,0.0,210.0,0.12698412698412698,0.12539682539682537,0.0,0.0015873015873015875,0.8254808910795907,0.8320138268830773,0.38095238095238093,0.5714285714285714,0.30952380952380953,0.3380952380952381,0.8511132734164487,0.8522656660433955,0.0,0.09523809523809523,0.09523809523809523,0.19047619047619047,0.11428571428571428,0.13333333333333333,0.27035441021186424,0.662553829729739,0.008455769471923294,0.22669816586235464,0.049809217982134925,0.34636494149229496,0.049809217982134925,0.34636494149229496,0.3382012945915514,0.5770211616831837,0.05487478965589833,0.21204880283739927,0.07323408028041334,0.24355865558068715,0.07323408028041334,0.24355865558068715,0.25974031857714724,0.3848564296701537,0.09790074277842072,0.1912927537161809,0.08855813103217157,0.1788123587758608,0.0872319074076425,0.17702101001659423
NEW,y,600,2026-09,21.0,0.5396825396825397,0.1111111111111111,0.9841269841269842,0.5079365079365079,63.0,0.43915343915343913,0.15873015873015872,0.9894179894179894,0.3544973544973545,210.0,0.3444444444444444,0.19999999999999998,0.9174603174603174,0.18253968253968256,0.8597183683886759,0.8539803378600741,21.0,0.12698412698412698,0.12698412698412698,0.0,0.0,63.0,0.09523809523809523,0.09523809523809523,0.0,0.0,210.0,0.09206349206349207,0.09206349206349207,0.0,0.0,0.8270967546938364,0.8321260118210311,0.47619047619047616,0.6190476190476191,0.32857142857142857,0.3619047619047619,0.8583620734787901,0.8608660654686334,0.0,0.23809523809523808,0.09523809523809523,0.14285714285714285,0.07142857142857142,0.10476190476190476,0.3374461702702609,0.7296455897881357,0.03380876930206764,0.3086919821256449,0.04159113593137106,0.3277463195197002,0.04159113593137106,0.3277463195197002,0.3236221536380167,0.5616788166160367,0.08856997432352591,0.2681180762318169,0.04438287994388781,0.19261922652872804,0.04438287994388781,0.19261922652872804,0.2834872262040503,0.4109906801839802,0.15150622502631275,0.2592725944363175,0.059954199622728126,0.1388296977418009,0.059954199622728126,0.1388296977418009
NEW,y,600,POOLED,125.0,0.49333333333333335,0.12266666666666666,0.984,0.46399999999999997,375.0,0.4613333333333333,0.152,0.9608888888888889,0.3875555555555555,1250.0,0.3706666666666667,0.17120000000000002,0.9224,0.25066666666666665,0.839468772423995,0.8223856259149329,125.0,0.1653333333333333,0.16266666666666665,0.0,0.0026666666666666666,375.0,0.15555555555555556,0.144,0.0,0.013333333333333334,1250.0,0.13813333333333333,0.12613333333333332,0.0,0.014400000000000001,0.8064241740666317,0.8051088006689734,0.488,0.496,0.3568,0.3872,0.8392524756875519,0.8398531287298212,0.096,0.168,0.144,0.176,0.1288,0.1432,0.40720234349352996,0.5798618759304242,0.0761643747348605,0.19167044466094538,0.11039511484387254,0.24022870023862664,0.10820845883774426,0.2372410440143366,0.41152493824180814,0.5119259182639188,0.11920382176359635,0.19185388678794602,0.12238473959660709,0.19571197065555812,0.11207159729309538,0.18314835743204566,0.34432580983179745,0.3978000429606659,0.151332815468217,0.19308198142478772,0.12011117995918283,0.15837290713230734,0.10886624413987037,0.1456913756849411
ALL,y,600,2026-04,20.0,0.6,0.15,1.0,0.6499999999999999,60.0,0.6222222222222222,0.2111111111111111,0.9888888888888889,0.5277777777777778,200.0,0.5016666666666667,0.19333333333333336,0.985,0.41333333333333333,0.848657416433786,0.831504576477788,20.0,0.2833333333333333,0.2333333333333333,0.0,0.05000000000000001,60.0,0.2333333333333333,0.19444444444444445,0.0,0.03888888888888889,200.0,0.245,0.215,0.0,0.03166666666666667,0.8160940015869743,0.817941885085906,0.5,0.7,0.47,0.52,0.8484246783853766,0.8490750052162968,0.1,0.2,0.2,0.35,0.23,0.255,0.38657794231520604,0.7811960325858073,0.05236779195949582,0.36042329588695743,0.13402438967473765,0.5024653313730668,0.10117101244454975,0.4514317211527479,0.49570942446129224,0.7340258369774353,0.12688884285189742,0.33010053920201937,0.14439431618431064,0.35436511340392013,0.11402072894401417,0.31164111745916706,0.4329952528969508,0.5702752604166549,0.14459175836863,0.2536337919279402,0.19056777914685893,0.30904368387148473,0.1637179256367221,0.2770242977367209
ALL,y,600,2026-05,20.0,0.7666666666666666,0.13333333333333333,1.0,0.7166666666666667,60.0,0.6333333333333333,0.14444444444444446,1.0,0.5944444444444444,200.0,0.49666666666666665,0.16833333333333333,1.0,0.41333333333333333,0.8351451436112511,0.815181839133145,20.0,0.18333333333333335,0.15,0.0,0.03333333333333333,60.0,0.16111111111111112,0.1388888888888889,0.0,0.022222222222222223,200.0,0.15833333333333333,0.13833333333333334,0.0,0.021666666666666667,0.7953275608560691,0.7972922695761167,0.75,0.8,0.48,0.51,0.8349587536373336,0.8354754703112308,0.05,0.2,0.1,0.3,0.15,0.165,0.548568278847252,0.89882898755545,0.043719889986540895,0.34110886870974344,0.07087006278855464,0.39784568335823645,0.05236779195949582,0.36042329588695743,0.5068276736679672,0.7437926115379172,0.0769910816872612,0.25468815776371334,0.08904468513027015,0.27396208997143995,0.07304612003282762,0.2481906075345684,0.42809060538818744,0.5653683679846014,0.12283976254878651,0.22632808804369972,0.11424562581514233,0.21529914489571028,0.09726560227879195,0.19303300866879353
ALL,y,600,2026-06,21.0,0.6825396825396824,0.07936507936507936,1.0,0.6031746031746033,63.0,0.6190476190476191,0.17460317460317457,0.9947089947089948,0.4708994708994709,210.0,0.4714285714285715,0.18095238095238098,0.9857142857142858,0.33015873015873015,0.8334272351963891,0.8095856480167555,21.0,0.23809523809523805,0.23809523809523805,0.0,0.0,63.0,0.22751322751322753,0.22751322751322753,0.0,0.0,210.0,0.19523809523809524,0.18888888888888888,0.0,0.007936507936507938,0.7980443013767466,0.7939744504680464,0.6190476190476191,0.8095238095238095,0.45714285714285713,0.4857142857142857,0.8331523133920052,0.8339359476468907,0.0,0.14285714285714285,0.19047619047619047,0.2857142857142857,0.18571428571428572,0.20952380952380953,0.4690950508404567,0.8395270454281678,0.019791981325804966,0.26903536205519024,0.10627856389112261,0.4509158197234593,0.10627856389112261,0.4509158197234593,0.49558404006594975,0.7288271050891633,0.10039293923176859,0.2862165973442558,0.14145751505233342,0.34489030825929684,0.14145751505233342,0.34489030825929684,0.4050331557697759,0.5388505413219034,0.13476698032703743,0.23860097053004561,0.1473033898153551,0.25412271249588836,0.1417180120692938,0.24723780070676724
ALL,y,600,2026-07,22.0,0.39393939393939387,0.06060606060606061,1.0,0.3333333333333333,66.0,0.3636363636363636,0.15656565656565657,0.9494949494949495,0.20707070707070704,220.0,0.2924242424242424,0.15757575757575756,0.8121212121212121,0.14696969696969697,0.8466340007633555,0.8266298891916254,22.0,0.19696969696969693,0.15151515151515152,0.0,0.04545454545454545,66.0,0.11616161616161617,0.08080808080808081,0.0,0.04040404040404041,220.0,0.10606060606060606,0.08333333333333333,0.0,0.034848484848484844,0.8258704985029501,0.8095272238349737,0.36363636363636365,0.45454545454545453,0.2727272727272727,0.30454545454545456,0.845796810459758,0.8472157467993547,0.045454545454545456,0.09090909090909091,0.18181818181818182,0.22727272727272727,0.09545454545454546,0.11818181818181818,0.22065280727889677,0.5987598193902465,0.01309733582775111,0.23875497465869963,0.08219556781810852,0.40184050837944374,0.055688644180441844,0.3509528434467433,0.25806811940620933,0.48420582620786584,0.08816149309278346,0.2627506662315543,0.05921705739111655,0.2153318265596139,0.03591498116815267,0.17181603683067134,0.2362895490732782,0.35568382257286196,0.1153615888477741,0.21154338919622365,0.07192057713792582,0.1537223179569389,0.05357715447085464,0.1273912922640984
ALL,y,600,2026-08,21.0,0.5714285714285714,0.015873015873015872,1.0,0.7142857142857143,63.0,0.5291005291005292,0.10582010582010581,1.0,0.5343915343915344,210.0,0.33174603174603173,0.13968253968253969,0.9841269841269842,0.25396825396825395,0.8509857005398546,0.8444879180702141,21.0,0.20634920634920637,0.20634920634920637,0.0,0.0,63.0,0.17460317460317457,0.17460317460317457,0.0,0.0,210.0,0.1126984126984127,0.1126984126984127,0.0,0.0,0.8245654282792795,0.8323076959876273,0.5238095238095238,0.6190476190476191,0.3238095238095238,0.34285714285714286,0.8500230196076216,0.8518504657586867,0.0,0.047619047619047616,0.19047619047619047,0.23809523809523808,0.10952380952380952,0.11904761904761904,0.3654621629703245,0.7553030051347894,0.0011813124905222692,0.18029921479703834,0.08626703938313447,0.41725393618473017,0.08626703938313447,0.41725393618473017,0.40775169785042964,0.6471043598541537,0.05132905101100012,0.2056207128087369,0.10039293923176859,0.2862165973442558,0.10039293923176859,0.2862165973442558,0.27158843521767917,0.3979488920999866,0.09924347409382363,0.19306759478457358,0.07670462644421881,0.1626077119096531,0.07670462644421881,0.1626077119096531
ALL,y,600,2026-09,21.0,0.4761904761904762,0.14285714285714285,1.0,0.4444444444444444,63.0,0.4708994708994709,0.14814814814814814,1.0,0.4074074074074074,210.0,0.37142857142857144,0.21746031746031744,0.9825396825396826,0.19365079365079363,0.8695156494727518,0.8643723260926088,21.0,0.34920634920634913,0.34920634920634913,0.0,0.0,63.0,0.20634920634920637,0.20105820105820105,0.0,0.005291005291005291,210.0,0.14285714285714288,0.13809523809523808,0.0,0.004761904761904762,0.8399432957885402,0.8450533365415464,0.42857142857142855,0.5238095238095238,0.3523809523809524,0.38571428571428573,0.8692181589728152,0.8699633849456173,0.09523809523809523,0.19047619047619047,0.3333333333333333,0.38095238095238093,0.13333333333333333,0.1523809523809524,0.28343712296762946,0.6763078209973326,0.049809217982134925,0.34636494149229496,0.1836120711695997,0.5614392406084928,0.1836120711695997,0.5614392406084928,0.35289564014584635,0.5922483021495704,0.08083698214572178,0.2559034110624998,0.12475202515622912,0.3217004834611588,0.12063130471472057,0.31584737522910683,0.30893444332186093,0.4385421935906951,0.16701273084918972,0.27805938483519227,0.10193471154371503,0.19661150210227346,0.09790074277842072,0.1912927537161809
ALL,y,600,POOLED,125.0,0.5786666666666667,0.09599999999999999,1.0,0.5733333333333334,375.0,0.5368888888888889,0.1564444444444444,0.9884444444444443,0.4533333333333333,1250.0,0.40853333333333336,0.17600000000000002,0.9565333333333333,0.2888,0.8448568843378279,0.8281085644482656,125.0,0.24266666666666667,0.22133333333333335,0.0,0.021333333333333333,375.0,0.1857777777777778,0.16888888888888887,0.0,0.017777777777777778,1250.0,0.15893333333333334,0.14506666666666668,0.0,0.0168,0.8134123305483594,0.8123416177984866,0.536,0.608,0.3984,0.4144,0.8446181408907337,0.8450161629400911,0.072,0.112,0.216,0.264,0.1552,0.1648,0.4910269181970394,0.6616152926003014,0.055770674191042154,0.16032102290058042,0.1759181573442029,0.3247607124204279,0.15747743718642224,0.30180693473486203,0.48630090440533996,0.5867287382386217,0.12318099604392667,0.19667546463339416,0.14966993900308959,0.2282582857043695,0.13436993276166523,0.21012303386783548,0.38160306650305137,0.436024082997598,0.15589010358091987,0.1980952802187563,0.13971382690181963,0.18024280345191357,0.1266305555180888,0.1656777126608157
ALLW,y,600,2026-04,20.0,0.6333333333333334,0.15000000000000002,1.0,0.6666666666666666,60.0,0.6666666666666666,0.2333333333333333,0.9888888888888889,0.5499999999999999,200.0,0.48333333333333334,0.19999999999999998,0.9833333333333333,0.37666666666666665,0.8487856860256836,0.8319483005584486,20.0,0.25,0.20000000000000004,0.0,0.05000000000000001,60.0,0.2611111111111111,0.22222222222222224,0.0,0.049999999999999996,200.0,0.23666666666666666,0.21833333333333335,0.0,0.021666666666666667,0.8163671059518856,0.8184516346416616,0.55,0.7,0.475,0.495,0.8480462830892791,0.8493666047552103,0.1,0.2,0.2,0.3,0.21,0.255,0.4172226000781281,0.8064760331232231,0.05236779195949584,0.36042329588695743,0.11186005278940306,0.4687050099580635,0.08065635327120002,0.41602172202575993,0.540566298666634,0.7727090578407217,0.14439431618431064,0.35436511340392013,0.16678401673538282,0.3841879722707407,0.1355939737772481,0.3422804320438257,0.415044480603335,0.5522503862606092,0.15045120743928822,0.2608563961117043,0.18306952276435445,0.30018937368596127,0.16668101913569872,0.28060223086495545
ALLW,y,600,2026-05,20.0,0.7000000000000001,0.11666666666666665,1.0,0.6999999999999998,60.0,0.6166666666666667,0.09444444444444444,1.0,0.6333333333333333,200.0,0.505,0.16499999999999998,0.995,0.4266666666666667,0.834565892629402,0.8145872212196905,20.0,0.16666666666666666,0.15,0.0,0.016666666666666666,60.0,0.16666666666666666,0.14444444444444446,0.0,0.022222222222222223,200.0,0.14500000000000002,0.13166666666666668,0.0,0.015,0.7944953361184369,0.7964740913723004,0.65,0.75,0.48,0.535,0.8342038944587999,0.8352304544236082,0.1,0.15,0.1,0.25,0.13,0.155,0.4810232237710207,0.8545247260310062,0.0355330361006857,0.3213333934454297,0.06143032543132997,0.37932309156529215,0.05236779195949582,0.36042329588695743,0.4901736454040314,0.7291191041511176,0.043072952238404946,0.19462368026036284,0.09313077201321034,0.28031851497207827,0.0769910816872612,0.25468815776371334,0.4362687594824017,0.5735427804584151,0.11996784122663975,0.22265898273863524,0.10289285135306413,0.20048781284894376,0.09167364018491443,0.1855429175082487
ALLW,y,600,2026-06,21.0,0.6666666666666666,0.14285714285714285,1.0,0.5396825396825397,63.0,0.6931216931216931,0.19047619047619047,0.9947089947089948,0.5291005291005291,210.0,0.4920634920634921,0.1873015873015873,0.9666666666666668,0.36031746031746037,0.8338285496225288,0.8101468482053029,21.0,0.20634920634920637,0.20634920634920637,0.0,0.015873015873015872,63.0,0.2169312169312169,0.2169312169312169,0.0,0.010582010582010581,210.0,0.16984126984126982,0.1634920634920635,0.0,0.011111111111111112,0.7982227359216744,0.7942628321501756,0.5714285714285714,0.7619047619047619,0.4666666666666667,0.5190476190476191,0.8328082683910905,0.8349355204826742,0.09523809523809523,0.19047619047619047,0.19047619047619047,0.23809523809523808,0.14761904761904762,0.2,0.45373075657210293,0.828054635673163,0.049809217982134925,0.34636494149229496,0.08626703938313447,0.41725393618473017,0.08626703938313447,0.41725393618473017,0.5709009394919495,0.7931438070930116,0.1124608184449851,0.30407020415172115,0.13306135184019485,0.33333881412431415,0.13306135184019485,0.33333881412431415,0.4251981326375695,0.5592140054434526,0.1403250346682734,0.24551320572399205,0.12509589233715568,0.22644905183335803,0.11960296304597773,0.21947169158935362
ALLW,y,600,2026-07,22.0,0.37878787878787884,0.06060606060606061,0.9393939393939394,0.3181818181818182,66.0,0.34848484848484845,0.13636363636363635,0.8989898989898991,0.2171717171717172,220.0,0.27424242424242423,0.1393939393939394,0.753030303030303,0.14848484848484847,0.8475547513129974,0.8275937480245042,22.0,0.13636363636363635,0.10606060606060606,0.0,0.030303030303030304,66.0,0.12121212121212122,0.0909090909090909,0.0,0.03535353535353535,220.0,0.1106060606060606,0.07575757575757576,0.0,0.04545454545454545,0.8270538746910066,0.810809253903849,0.2727272727272727,0.45454545454545453,0.23636363636363636,0.29545454545454547,0.846607205910111,0.8484221106365445,0.0,0.09090909090909091,0.13636363636363635,0.13636363636363635,0.10454545454545454,0.11363636363636363,0.20890986048561772,0.5847045699934033,0.01309733582775111,0.23875497465869963,0.04748917264236267,0.3333541187947,0.03224415732811497,0.297002741728703,0.24475707338560404,0.4688806439633684,0.07343237343346892,0.23929814820406514,0.06271770703368283,0.2213765863387485,0.04233239859139771,0.18448943825082809,0.21954343197042245,0.33669038098778836,0.09978831235727106,0.1913771069987974,0.07566029561442227,0.15891748915242473,0.047617071615223494,0.11845989233309234
ALLW,y,600,2026-08,21.0,0.5238095238095238,0.031746031746031744,1.0,0.6507936507936507,63.0,0.42328042328042326,0.07407407407407407,1.0,0.48677248677248675,210.0,0.34126984126984133,0.14761904761904762,0.980952380952381,0.2571428571428571,0.8509649876004813,0.8438695957368156,21.0,0.20634920634920637,0.20634920634920637,0.0,0.0,63.0,0.164021164021164,0.164021164021164,0.0,0.0,210.0,0.1349206349206349,0.13333333333333333,0.0,0.0015873015873015875,0.824497697141309,0.8313556967721896,0.47619047619047616,0.6190476190476191,0.3238095238095238,0.3523809523809524,0.8493966885658926,0.8539172875840992,0.0,0.047619047619047616,0.14285714285714285,0.2857142857142857,0.12857142857142856,0.1380952380952381,0.3236921790026675,0.7165628770323705,0.004173324950389629,0.20414390636052968,0.08626703938313447,0.41725393618473017,0.08626703938313447,0.41725393618473017,0.30915932996439693,0.5462201542689746,0.031165288826303445,0.16594150295207008,0.092482224192883,0.2741796550360203,0.092482224192883,0.2741796550360203,0.28050785449720433,0.4077349071232352,0.10598562152434961,0.20191330927302567,0.09522118982730647,0.18773716189970394,0.09388442442052292,0.18595635492269189
ALLW,y,600,2026-09,21.0,0.5555555555555556,0.15873015873015872,1.0,0.5238095238095238,63.0,0.48677248677248675,0.15343915343915343,1.0,0.41798941798941797,210.0,0.35873015873015873,0.20634920634920637,0.9746031746031747,0.19206349206349205,0.8675973674681187,0.862052591163613,21.0,0.19047619047619047,0.19047619047619047,0.0,0.0,63.0,0.14285714285714285,0.14285714285714285,0.0,0.0,210.0,0.1253968253968254,0.12380952380952381,0.0,0.0015873015873015875,0.8374494015169778,0.8422295692357049,0.5238095238095238,0.5714285714285714,0.35714285714285715,0.3619047619047619,0.866939125427012,0.8688484090938837,0.14285714285714285,0.19047619047619047,0.09523809523809523,0.2857142857142857,0.11904761904761904,0.13333333333333333,0.3513690610755164,0.7425594030062389,0.05841860601860444,0.3645922574791841,0.07667440615177303,0.40000986539273287,0.07667440615177303,0.40000986539273287,0.36770442194368663,0.6073610063724119,0.08468784679255599,0.2620263750892262,0.07701861407975048,0.24974795045491058,0.07701861407975048,0.24974795045491058,0.29693226093652186,0.42560379690566924,0.15712782153946336,0.2661212874583494,0.08723190740764253,0.17702101001659423,0.08590789007058504,0.17522745496985614
ALLW,y,600,POOLED,125.0,0.5733333333333334,0.10933333333333334,0.9893333333333333,0.5626666666666668,375.0,0.536,0.1466666666666667,0.9795555555555556,0.46844444444444444,1250.0,0.4066666666666667,0.1738666666666667,0.94,0.2906666666666667,0.8447675627120242,0.8279867127015198,125.0,0.19199999999999998,0.17600000000000002,0.0,0.018666666666666668,375.0,0.17777777777777778,0.16266666666666668,0.0,0.019555555555555555,1250.0,0.15280000000000002,0.13999999999999999,0.0,0.016266666666666665,0.8132363947645591,0.8120761266234889,0.552,0.584,0.3872,0.4176,0.844131756725225,0.8452247254472165,0.088,0.128,0.16,0.208,0.1512,0.1552,0.4857152481847887,0.6565783381517155,0.0658527246717628,0.17611053357195144,0.13255445195236562,0.2698124854343169,0.11919679971877235,0.25212426428540025,0.4854145539687511,0.585855338250055,0.11444509131022539,0.18605411469038283,0.1424068442609199,0.21968362662013788,0.1287659853397961,0.20340872831361473,0.37976148743750404,0.43414376715499525,0.153863922901886,0.19586786671704734,0.13391996717398724,0.1738075799101102,0.12186485696068491,0.1603411250389552
OLDSM,y,600,2026-04,20.0,0.6,0.11666666666666668,1.0,0.5666666666666667,60.0,0.6166666666666667,0.17777777777777778,0.9888888888888889,0.5277777777777778,200.0,0.4666666666666666,0.19166666666666665,0.985,0.34,0.8364337518912639,0.8180791299606301,20.0,0.25,0.18333333333333335,0.0,0.06666666666666667,60.0,0.20555555555555557,0.17777777777777778,0.0,0.03888888888888889,200.0,0.18666666666666668,0.16833333333333333,0.0,0.02666666666666667,0.8001630492031168,0.8009350028172649,0.4,0.7,0.45,0.48,0.8333162307210803,0.8398361740772285,0.05,0.2,0.2,0.35,0.17,0.21,0.38657794231520604,0.7811960325858073,0.03553303610068568,0.32133339344542977,0.11186005278940306,0.4687050099580635,0.07087006278855464,0.39784568335823645,0.4901736454040314,0.7291191041511176,0.1013979419208458,0.29293636883159985,0.12257351115432173,0.32397335901601654,0.1013979419208458,0.29293636883159985,0.3988043119786741,0.535785421749214,0.14313059432958783,0.2518244426533767,0.13875620717621817,0.24638728986592964,0.12283976254878651,0.22632808804369972
OLDSM,y,600,2026-05,20.0,0.6333333333333333,0.15,1.0,0.6,60.0,0.6055555555555555,0.16666666666666666,1.0,0.5333333333333333,200.0,0.44,0.155,0.9966666666666667,0.36833333333333335,0.8300236646533046,0.8102032582172827,20.0,0.19999999999999998,0.16666666666666666,0.0,0.03333333333333333,60.0,0.16666666666666666,0.14444444444444446,0.0,0.022222222222222223,200.0,0.15333333333333335,0.135,0.0,0.021666666666666667,0.7895076279163846,0.7916870164953932,0.6,0.65,0.425,0.455,0.8281165030329813,0.8320403960847593,0.05,0.2,0.15,0.25,0.135,0.165,0.41722260007812806,0.806476033123223,0.05236779195949582,0.36042329588695743,0.08065635327120001,0.4160217220257598,0.06143032543132997,0.37932309156529215,0.47914816677115024,0.7192595590168417,0.09313077201321034,0.28031851497207827,0.09313077201321034,0.28031851497207827,0.0769910816872612,0.25468815776371334,0.37297700420582364,0.509284516504375,0.11139568514638545,0.21160805893725598,0.10997358839029217,0.2097596423797437,0.09446507976920289,0.18929250455117141
OLDSM,y,600,2026-06,21.0,0.6507936507936507,0.15873015873015872,1.0,0.5079365079365079,63.0,0.6243386243386243,0.19047619047619047,1.0,0.4761904761904761,210.0,0.45555555555555555,0.17460317460317462,0.9968253968253968,0.32857142857142857,0.8220097683644552,0.797581130116674,21.0,0.2222222222222222,0.2222222222222222,0.0,0.0,63.0,0.17989417989417988,0.17460317460317457,0.0,0.010582010582010581,210.0,0.16031746031746033,0.15396825396825398,0.0,0.0126984126984127,0.784638305976037,0.7806694544953738,0.6190476190476191,0.6666666666666666,0.4523809523809524,0.46190476190476193,0.8186792870770614,0.8261081740893411,0.14285714285714285,0.19047619047619047,0.09523809523809523,0.3333333333333333,0.14285714285714285,0.18095238095238095,0.438560759391507,0.8163879288304001,0.05841860601860444,0.3645922574791841,0.09614087648851612,0.4342168031027071,0.09614087648851612,0.4342168031027071,0.5008704169080499,0.7335145569206235,0.1124608184449851,0.30407020415172115,0.10438951015592769,0.29219385509365736,0.10039293923176859,0.2862165973442558,0.3895982644535511,0.5231097088001719,0.1292317578504135,0.23166590347148713,0.1168660482865539,0.21597346158118627,0.1114120638792655,0.20895715645329221
OLDSM,y,600,2026-07,22.0,0.4545454545454546,0.12121212121212122,0.9696969696969697,0.3333333333333333,66.0,0.36868686868686873,0.1414141414141414,0.9242424242424242,0.22727272727272727,220.0,0.26515151515151514,0.14696969696969697,0.8075757575757576,0.13787878787878785,0.8330589341880693,0.813439496928661,22.0,0.07575757575757576,0.06060606060606061,0.0,0.030303030303030304,66.0,0.08080808080808081,0.06565656565656565,0.0,0.025252525252525252,220.0,0.08484848484848484,0.06818181818181818,0.0,0.031818181818181815,0.8105146260049847,0.7944462114234271,0.4090909090909091,0.5,0.2636363636363636,0.2681818181818182,0.8309465073504236,0.8362578427046844,0.045454545454545456,0.18181818181818182,0.045454545454545456,0.09090909090909091,0.06818181818181818,0.1,0.26920014432004846,0.6534052671095845,0.03966015761037617,0.31538493763656417,0.01888181267255259,0.2587686940040206,0.01309733582775111,0.23875497465869963,0.2625305077562671,0.4892888472795093,0.07706976913171609,0.24520616192751887,0.03591498116815267,0.17181603683067134,0.026737652591112777,0.15235713714260846,0.21121459701735731,0.32714943659688883,0.10624898201433398,0.19980792012837167,0.054779414031553786,0.1291673292607267,0.04175068456544202,0.10943479659623657
OLDSM,y,600,2026-08,21.0,0.6031746031746031,0.1111111111111111,0.9682539682539683,0.6349206349206349,63.0,0.45502645502645506,0.10582010582010581,0.9788359788359787,0.4656084656084656,210.0,0.30952380952380953,0.14444444444444446,0.96984126984127,0.21746031746031746,0.8405226062903314,0.8341148894399241,21.0,0.19047619047619047,0.19047619047619047,0.0,0.0,63.0,0.15343915343915343,0.14814814814814814,0.0,0.005291005291005291,210.0,0.12063492063492064,0.11746031746031745,0.0,0.003174603174603175,0.812843571659544,0.8210313233711707,0.5714285714285714,0.6190476190476191,0.3,0.319047619047619,0.8379695011382702,0.8442095094987657,0.047619047619047616,0.14285714285714285,0.14285714285714285,0.23809523809523808,0.10476190476190476,0.13333333333333333,0.39416658907350316,0.7802719870783281,0.03380876930206764,0.3086919821256449,0.07667440615177303,0.40000986539273287,0.07667440615177303,0.40000986539273287,0.3382012945915514,0.5770211616831837,0.05132905101100012,0.2056207128087369,0.08468784679255599,0.2620263750892262,0.08083698214572178,0.2559034110624998,0.25088839833409754,0.3750029156104297,0.10328316589956289,0.1983806201302212,0.08326661526641702,0.17163358500643294,0.08063459980597752,0.1680304556992812
OLDSM,y,600,2026-09,21.0,0.5555555555555555,0.12698412698412698,0.9841269841269842,0.5238095238095238,63.0,0.5026455026455027,0.17989417989417988,0.9947089947089948,0.3862433862433862,210.0,0.3825396825396825,0.23015873015873015,0.9761904761904763,0.19206349206349205,0.8693891273902857,0.8639835318517332,21.0,0.25396825396825395,0.25396825396825395,0.0,0.0,63.0,0.164021164021164,0.164021164021164,0.0,0.0,210.0,0.13174603174603175,0.12698412698412698,0.0,0.004761904761904762,0.8396089827373568,0.8444286604476691,0.5238095238095238,0.6190476190476191,0.3761904761904762,0.38571428571428573,0.866353415441802,0.8720420009685483,0.09523809523809523,0.19047619047619047,0.14285714285714285,0.3333333333333333,0.12380952380952381,0.1380952380952381,0.3513690610755163,0.7425594030062389,0.04159113593137106,0.3277463195197002,0.11666529167404965,0.4673657959638909,0.11666529167404965,0.4673657959638909,0.38262720475243056,0.6223597095843498,0.10438951015592769,0.29219385509365736,0.092482224192883,0.2741796550360203,0.092482224192883,0.2741796550360203,0.3194749045656983,0.4498247390334268,0.1783796135601088,0.291633081194638,0.09254970521884578,0.18417350174057343,0.08855813103217157,0.1788123587758608
OLDSM,y,600,POOLED,125.0,0.5813333333333333,0.13066666666666668,0.9866666666666667,0.5253333333333333,375.0,0.5262222222222221,0.16,0.9804444444444443,0.4328888888888889,1250.0,0.38453333333333334,0.17359999999999998,0.9536000000000001,0.2616,0.8356390495655646,0.8186496008724203,125.0,0.19733333333333336,0.17866666666666667,0.0,0.021333333333333333,375.0,0.15733333333333333,0.14488888888888887,0.0,0.016888888888888887,1250.0,0.1386666666666667,0.12746666666666667,0.0,0.0168,0.8024075292001798,0.8013318089029434,0.576,0.592,0.3776,0.3896,0.8336931639909286,0.8381088274102948,0.112,0.16,0.184,0.208,0.1288,0.1464,0.49368645680510065,0.6641300662226584,0.08244876523457983,0.20090899085248112,0.13704576621670728,0.275669795630812,0.12141050825676167,0.25508486797782925,0.4756751633772186,0.5762374741648745,0.12637004640984514,0.20052541596809856,0.12397765767030432,0.19763855343217226,0.11286231847228498,0.18411738667801175,0.35795678987769736,0.4118174250895946,0.15361073079840082,0.19558935954793957,0.12061211257543698,0.15893537306123892,0.11011312923577664,0.14710298695199917
OLD,buy,600,2026-04,20.0,0.39999999999999997,0.25,0.9666666666666667,0.25,60.0,0.37777777777777777,0.2333333333333333,0.9555555555555554,0.20555555555555557,200.0,0.35166666666666674,0.215,0.9400000000000001,0.18499999999999997,0.8442835658718512,0.8294026816875855,20.0,0.20000000000000004,0.15,0.0,0.05000000000000001,60.0,0.22222222222222224,0.19999999999999998,0.0,0.027777777777777776,200.0,0.215,0.19999999999999998,0.0,0.021666666666666667,0.812620715993016,0.814521539192465,0.3,0.45,0.34,0.375,0.8434525214381244,0.8448399708571487,0.2,0.3,0.2,0.2,0.19,0.25,0.2188039674141926,0.6134220576847939,0.11186005278940306,0.4687050099580635,0.08065635327120002,0.41602172202575993,0.05236779195949582,0.36042329588695743,0.2659741630225647,0.5042905755387077,0.14439431618431064,0.35436511340392013,0.1355939737772481,0.3422804320438257,0.11828389736858962,0.31782046091817007,0.28885231248598486,0.4200720026031172,0.1637179256367221,0.2770242977367209,0.1637179256367221,0.2770242977367209,0.15045120743928822,0.2608563961117043
OLD,buy,600,2026-05,20.0,0.4666666666666666,0.26666666666666666,1.0,0.21666666666666667,60.0,0.39444444444444443,0.2111111111111111,0.9833333333333334,0.20555555555555557,200.0,0.33499999999999996,0.19166666666666665,0.9550000000000001,0.18000000000000002,0.8279980382556325,0.8108434554795685,20.0,0.13333333333333333,0.11666666666666665,0.0,0.016666666666666666,60.0,0.12777777777777777,0.11111111111111112,0.0,0.016666666666666666,200.0,0.135,0.11833333333333333,0.0,0.018333333333333333,0.7906500649598183,0.7926311648472142,0.4,0.5,0.32,0.36,0.8272504567767311,0.8292146270441745,0.2,0.35,0.05,0.2,0.125,0.145,0.27170708010818534,0.6723682615914767,0.12281555509655936,0.48571183680107605,0.043719889986540895,0.34110886870974344,0.0355330361006857,0.3213333934454297,0.28074044098315837,0.5208518332288496,0.12688884285189742,0.33010053920201937,0.0652753488359028,0.23507635496433613,0.0539471426896855,0.21507702545981786,0.2732398096874265,0.4029793722656194,0.14313059432958783,0.2518244426533767,0.09446507976920289,0.18929250455117141,0.08060460533521847,0.1704478458490998
OLD,buy,600,2026-06,21.0,0.5238095238095238,0.36507936507936506,1.0,0.15873015873015872,63.0,0.39153439153439146,0.25396825396825395,0.9947089947089948,0.14285714285714285,210.0,0.36507936507936506,0.24444444444444446,0.9587301587301588,0.14761904761904762,0.8251583014031295,0.8035620006103935,21.0,0.15873015873015872,0.15873015873015872,0.0,0.0,63.0,0.19576719576719573,0.19047619047619047,0.0,0.005291005291005291,210.0,0.1619047619047619,0.15873015873015875,0.0,0.003174603174603175,0.7915728485034702,0.7878186909725265,0.3333333333333333,0.6190476190476191,0.3476190476190476,0.3904761904761905,0.8245550444152242,0.8254642143927349,0.19047619047619047,0.47619047619047616,0.09523809523809523,0.23809523809523808,0.14285714285714285,0.17142857142857143,0.3236921790026675,0.7165628770323705,0.19546771467959217,0.576420301121859,0.05841860601860444,0.3645922574791841,0.05841860601860444,0.3645922574791841,0.2805889117483913,0.5149476004436168,0.1628027458309815,0.37341422084845166,0.11653401820775618,0.30997083306251055,0.1124608184449851,0.30407020415172115,0.30292742105834725,0.43207892631902617,0.19125132702992587,0.30681951917898154,0.11823369477704991,0.21772338747448583,0.11550004241446349,0.21422189506948106
OLD,buy,600,2026-07,22.0,0.28787878787878785,0.1818181818181818,0.8939393939393939,0.10606060606060606,66.0,0.25757575757575757,0.1818181818181818,0.7727272727272728,0.07575757575757576,220.0,0.2272727272727273,0.16363636363636366,0.6727272727272727,0.07575757575757576,0.8375318883563659,0.819921685554541,22.0,0.07575757575757576,0.07575757575757576,0.0,0.0,66.0,0.1515151515151515,0.12121212121212122,0.0,0.030303030303030304,220.0,0.11818181818181817,0.09696969696969697,0.0,0.031818181818181815,0.8187921463148123,0.8031651802594334,0.2727272727272727,0.3181818181818182,0.20454545454545456,0.25,0.8362911874109443,0.8390802339131144,0.18181818181818182,0.18181818181818182,0.0,0.13636363636363635,0.10454545454545454,0.12727272727272726,0.14201401248825024,0.4968112408500363,0.0730676602410512,0.3851702197663787,0.01888181267255259,0.2587686940040206,0.01888181267255259,0.2587686940040206,0.1674870734589668,0.37433327429938923,0.10718501425764237,0.2914541921751999,0.08443546388835517,0.2569312860142816,0.06271770703368283,0.2213765863387485,0.17685413239505224,0.287052487286008,0.12060205689531915,0.21821610737798844,0.08193873121045306,0.16753053634303114,0.06450797945505321,0.14326513629584683
OLD,buy,600,2026-08,21.0,0.41269841269841273,0.20634920634920637,0.9682539682539683,0.23809523809523805,63.0,0.30158730158730157,0.20634920634920637,0.9417989417989417,0.1111111111111111,210.0,0.2714285714285714,0.18412698412698414,0.8698412698412699,0.1015873015873016,0.8438543296633773,0.8397393243866272,21.0,0.15873015873015872,0.15873015873015872,0.0,0.0,63.0,0.1164021164021164,0.1164021164021164,0.0,0.0,210.0,0.1126984126984127,0.1126984126984127,0.0,0.0,0.8191044882335095,0.8268574492230067,0.3333333333333333,0.47619047619047616,0.2619047619047619,0.2761904761904762,0.8433155578653622,0.8442328115555606,0.14285714285714285,0.2857142857142857,0.09523809523809523,0.23809523809523808,0.10476190476190476,0.12380952380952381,0.23212537917335904,0.6202727486981683,0.08626703938313447,0.41725393618473017,0.05841860601860444,0.3645922574791841,0.05841860601860444,0.3645922574791841,0.20237537048735993,0.4236060542541184,0.12475202515622912,0.3217004834611588,0.05846544337313131,0.21843197779372686,0.05846544337313131,0.21843197779372686,0.2157897306459049,0.33527984608752776,0.13754320968281813,0.24205988594185612,0.07670462644421881,0.1626077119096531,0.07670462644421881,0.1626077119096531
OLD,buy,600,2026-09,21.0,0.5396825396825397,0.30158730158730157,1.0,0.23809523809523805,63.0,0.4444444444444444,0.26455026455026454,0.9841269841269842,0.20105820105820105,210.0,0.36031746031746037,0.25396825396825395,0.9031746031746032,0.1253968253968254,0.8708757618592639,0.8657853795183316,21.0,0.23809523809523805,0.23809523809523805,0.0,0.0,63.0,0.2328042328042328,0.2328042328042328,0.0,0.0,210.0,0.14285714285714288,0.1412698412698413,0.0,0.0015873015873015875,0.8419812416099219,0.8466913760766022,0.47619047619047616,0.6190476190476191,0.3523809523809524,0.37142857142857144,0.8697809640982684,0.8718399473842651,0.23809523809523808,0.38095238095238093,0.09523809523809523,0.38095238095238093,0.11904761904761904,0.1619047619047619,0.3374461702702609,0.7296455897881357,0.14920103765626,0.5153401620517565,0.10627856389112261,0.4509158197234593,0.10627856389112261,0.4509158197234593,0.3284690053363268,0.5668057935912871,0.17147416551211614,0.38469045851443817,0.14568689836704576,0.35063475361814506,0.14568689836704576,0.35063475361814506,0.2984299317506659,0.4272236984753209,0.19987935604103674,0.3168969244706442,0.10193471154371503,0.19661150210227346,0.10058813909537996,0.19484050216681292
OLD,buy,600,POOLED,125.0,0.43733333333333335,0.26133333333333336,0.9706666666666667,0.20000000000000004,375.0,0.36000000000000004,0.2248888888888889,0.9368888888888889,0.15555555555555556,1250.0,0.3173333333333333,0.20853333333333332,0.8805333333333333,0.13466666666666666,0.8386698497963238,0.8241439820980272,125.0,0.16,0.14933333333333335,0.0,0.010666666666666666,375.0,0.1742222222222222,0.1617777777777778,0.0,0.013333333333333334,1250.0,0.14693333333333333,0.13733333333333334,0.0,0.0128,0.8088648262603012,0.8079870662833389,0.424,0.448,0.3144,0.32,0.8381308089041449,0.8392379958146189,0.248,0.272,0.128,0.192,0.1384,0.1536,0.3535250377894158,0.5248786247957534,0.1922500786416991,0.34464897673586015,0.10602751316968752,0.23424767745197506,0.09736308680196608,0.2222148548980232,0.31306305863268613,0.4097762494052908,0.18554321407485252,0.2698140293394575,0.13918778031070608,0.21586368886972881,0.12796694888713675,0.2024480143411184,0.2921238914473922,0.3436621068264992,0.18692124642085522,0.23193144863514972,0.12838839265972074,0.16764177042733377,0.11935995939330726,0.15752902988040432
NEW,buy,600,2026-04,20.0,0.39999999999999997,0.3166666666666667,1.0,0.13333333333333333,60.0,0.3333333333333333,0.25,0.9833333333333334,0.13888888888888887,200.0,0.3416666666666666,0.23166666666666666,0.9216666666666667,0.15,0.8385169925854475,0.8239419240049558,20.0,0.3,0.25,0.0,0.06666666666666667,60.0,0.24444444444444446,0.22222222222222224,0.0,0.02777777777777778,200.0,0.20000000000000004,0.18000000000000002,0.0,0.024999999999999998,0.8062496365048011,0.8084920291540367,0.35,0.45,0.32,0.37,0.8356875079099582,0.8411996798390986,0.2,0.4,0.25,0.35,0.195,0.205,0.2188039674141926,0.6134220576847939,0.15715848874775734,0.5352558906003849,0.14547527396899385,0.5189767762289793,0.11186005278940306,0.4687050099580635,0.2272909421592783,0.459433701333366,0.1577638557841185,0.3723231094548479,0.15328546718095487,0.36635898617443313,0.1355939737772481,0.3422804320438257,0.27947434474001454,0.40982689046745374,0.17858496421972211,0.2948623922897768,0.15045120743928828,0.26085639611170436,0.13294550662534113,0.23911593716238433
NEW,buy,600,2026-05,20.0,0.31666666666666665,0.16666666666666666,0.9666666666666667,0.15,60.0,0.33888888888888885,0.21666666666666667,0.9611111111111111,0.14444444444444446,200.0,0.3133333333333333,0.20999999999999996,0.9133333333333334,0.12666666666666668,0.8245822364559651,0.8097739456886751,20.0,0.16666666666666666,0.16666666666666666,0.0,0.0,60.0,0.15,0.13888888888888887,0.0,0.011111111111111112,200.0,0.14,0.135,0.0,0.005,0.7884566013956636,0.790728220451944,0.2,0.45,0.295,0.35,0.8237450314538135,0.8262004464464408,0.1,0.2,0.1,0.25,0.125,0.155,0.15715848874775734,0.5352558906003849,0.06143032543132997,0.37932309156529215,0.06143032543132997,0.37932309156529215,0.06143032543132997,0.37932309156529215,0.23206942607519437,0.4650977293010284,0.13122921046407013,0.3362026834734252,0.08097349242295687,0.26114825891159615,0.07304612003282761,0.24819060753456834,0.25307666198733947,0.38062584688883366,0.15928329527863416,0.2716473881539919,0.09866918625271483,0.19489993800847627,0.09446507976920289,0.18929250455117141
NEW,buy,600,2026-06,21.0,0.38095238095238093,0.3333333333333333,0.9682539682539683,0.047619047619047616,63.0,0.35978835978835977,0.31216931216931215,0.9365079365079364,0.06878306878306878,210.0,0.2984126984126984,0.22063492063492063,0.892063492063492,0.09365079365079365,0.8265850384554908,0.8056139762045197,21.0,0.19047619047619047,0.17460317460317457,0.0,0.015873015873015872,63.0,0.17989417989417988,0.17460317460317457,0.0,0.005291005291005291,210.0,0.16984126984126982,0.15873015873015872,0.0,0.014285714285714285,0.7923363963263288,0.7882625316656441,0.2857142857142857,0.47619047619047616,0.2571428571428571,0.319047619047619,0.8249397921248399,0.8277037202704203,0.2857142857142857,0.38095238095238093,0.19047619047619047,0.19047619047619047,0.1523809523809524,0.18095238095238095,0.20750767797982508,0.5912170418449848,0.17194536432683688,0.546269243427897,0.07667440615177303,0.40000986539273287,0.06738346177864377,0.3824641057425035,0.25250660950819376,0.48318693064245094,0.21135289609308458,0.4345761859955149,0.10438951015592769,0.29219385509365736,0.10039293923176859,0.2862165973442558,0.24059922602984998,0.363469081228108,0.1698476267959166,0.2814596336560566,0.12509589233715568,0.22644905183335803,0.11550004241446346,0.21422189506948103
NEW,buy,600,2026-07,22.0,0.21212121212121215,0.16666666666666666,0.6515151515151515,0.07575757575757576,66.0,0.18686868686868688,0.12626262626262627,0.6212121212121212,0.08080808080808081,220.0,0.1803030303030303,0.1272727272727273,0.5242424242424243,0.06363636363636364,0.8426981345423171,0.8254361101205666,22.0,0.10606060606060606,0.0909090909090909,0.0,0.06060606060606061,66.0,0.12626262626262627,0.10606060606060606,0.0,0.04545454545454545,220.0,0.10454545454545454,0.06818181818181818,0.0,0.046969696969696974,0.8254749360363011,0.8095189506963837,0.09090909090909091,0.36363636363636365,0.1590909090909091,0.21363636363636362,0.8408070133444323,0.8443671561788634,0.09090909090909091,0.2727272727272727,0.045454545454545456,0.13636363636363635,0.1,0.11363636363636363,0.09158822325880238,0.41824604912887237,0.06422420536802462,0.3682154784492829,0.03224415732811497,0.297002741728703,0.025294896282837754,0.2781538065838578,0.11106266288698736,0.2971219529675559,0.06625489012321642,0.22738481267091584,0.06625489012321642,0.22738481267091584,0.052332807719182424,0.20312525738814619,0.13512846752791954,0.23645095887598985,0.08954251778403553,0.1777965291134134,0.07067880388822921,0.15198579464930803,0.04175068456544202,0.10943479659623657
NEW,buy,600,2026-08,21.0,0.20634920634920637,0.15873015873015872,0.873015873015873,0.06349206349206349,63.0,0.2328042328042328,0.1693121693121693,0.8465608465608465,0.07936507936507936,210.0,0.22063492063492066,0.16825396825396824,0.7317460317460318,0.06349206349206349,0.848970425688564,0.845909256421013,21.0,0.14285714285714285,0.14285714285714285,0.0,0.0,63.0,0.12698412698412698,0.12169312169312169,0.0,0.005291005291005291,210.0,0.1238095238095238,0.11904761904761905,0.0,0.004761904761904762,0.8263432926197405,0.8333068509430976,0.14285714285714285,0.2857142857142857,0.2,0.23333333333333334,0.8470961400495981,0.8522035272252758,0.14285714285714285,0.19047619047619047,0.047619047619047616,0.19047619047619047,0.10952380952380952,0.14761904761904762,0.08626703938313447,0.41725393618473017,0.05841860601860444,0.3645922574791841,0.049809217982134925,0.34636494149229496,0.049809217982134925,0.34636494149229496,0.14568689836704576,0.35063475361814506,0.09642353959119002,0.28021216831127393,0.06577246340780173,0.2310726151061776,0.06209869904214021,0.22477255079827851,0.1698476267959166,0.28145963365605664,0.12372031669261661,0.22470705509410152,0.08590789007058504,0.17522745496985614,0.0819494310712466,0.16983319681780779
NEW,buy,600,2026-09,21.0,0.3968253968253968,0.30158730158730157,0.9841269841269842,0.09523809523809523,63.0,0.31746031746031744,0.25396825396825395,0.9417989417989419,0.06878306878306878,210.0,0.2904761904761905,0.23968253968253964,0.8190476190476191,0.05555555555555555,0.8581262079586752,0.8532912356747656,21.0,0.09523809523809523,0.09523809523809523,0.0,0.0,63.0,0.07407407407407407,0.07407407407407407,0.0,0.0,210.0,0.0857142857142857,0.0857142857142857,0.0,0.0,0.8265604531618939,0.8314188167863578,0.38095238095238093,0.42857142857142855,0.2761904761904762,0.3047619047619048,0.8575497689881287,0.858837349318744,0.2857142857142857,0.3333333333333333,0.09523809523809523,0.09523809523809523,0.06666666666666667,0.11428571428571428,0.21972801292167182,0.6058334109264967,0.14920103765626,0.5153401620517565,0.026518208796947225,0.2891458386074067,0.026518208796947225,0.2891458386074067,0.21586527168091207,0.440037639081248,0.1628027458309815,0.37341422084845166,0.031165288826303445,0.16594150295207008,0.031165288826303445,0.16594150295207008,0.23327557430555879,0.35520487103342124,0.18695119407832775,0.30176693497919266,0.05490452444629316,0.1314090833830534,0.05490452444629316,0.1314090833830534
NEW,buy,600,POOLED,125.0,0.3173333333333333,0.24,0.904,0.09333333333333334,375.0,0.29333333333333333,0.22044444444444444,0.8782222222222221,0.09600000000000002,1250.0,0.27253333333333335,0.19866666666666666,0.7962666666666666,0.0912,0.8370762496442908,0.823349319040792,125.0,0.16533333333333333,0.152,0.0,0.024000000000000004,375.0,0.14933333333333335,0.1386666666666667,0.0,0.016,1250.0,0.1365333333333333,0.12346666666666667,0.0,0.016266666666666665,0.8076119112822626,0.8064718643126362,0.28,0.344,0.268,0.2752,0.8365658486614274,0.8373488957657624,0.224,0.256,0.152,0.184,0.1288,0.1488,0.24222616411752612,0.40333344809881805,0.17359960150069906,0.3219049560335135,0.11039511484387257,0.24022870023862664,0.09952005306579641,0.22523220086461115,0.24953368445370475,0.3413243416975944,0.18143849832761028,0.2651199929609212,0.11682252792420726,0.18895592935186803,0.1073367981852805,0.1773246539889264,0.2485741445873667,0.2978863758909244,0.1774852946293091,0.22169452734076006,0.11860895424706817,0.15668493720886478,0.10637448205381994,0.14286614504506298
NEW,y,200,2026-04,20.0,0.5666666666666667,0.2333333333333333,1.0,0.39999999999999997,60.0,0.5888888888888889,0.25555555555555554,1.0,0.4277777777777778,200.0,0.43999999999999995,0.21333333333333335,0.9983333333333334,0.3,0.8449155073945994,0.8284226867901623,20.0,0.31666666666666665,0.23333333333333336,0.0,0.10000000000000002,60.0,0.28333333333333327,0.22777777777777777,0.0,0.061111111111111116,200.0,0.19666666666666668,0.17166666666666666,0.0,0.028333333333333335,0.8115343991520954,0.8140336607943691,0.5,0.6,0.42,0.47,0.8432917568829463,0.8460957301618249,0.1,0.35,0.25,0.4,0.185,0.215,0.35672177622684215,0.7551275403738333,0.10117101244454975,0.4514317211527479,0.15715848874775734,0.5352558906003849,0.10117101244454979,0.4514317211527479,0.46272352387396076,0.7043566662632956,0.16226351349361523,0.3782659636289297,0.18506678604308585,0.4076752504973516,0.13998253107473338,0.3483343866299189,0.3729770042058236,0.5092845165043749,0.16223836983006365,0.27523334022977375,0.1475185520661094,0.25724802485767206,0.12571867148986068,0.22999020572983672
NEW,y,200,2026-05,20.0,0.5,0.13333333333333333,1.0,0.5333333333333333,60.0,0.5555555555555555,0.1611111111111111,1.0,0.5277777777777778,200.0,0.47333333333333333,0.17333333333333334,1.0,0.39166666666666666,0.8315541379315458,0.8110305875948419,20.0,0.15,0.13333333333333333,0.0,0.016666666666666666,60.0,0.13888888888888887,0.11666666666666665,0.0,0.022222222222222223,200.0,0.13166666666666668,0.11499999999999999,0.0,0.016666666666666666,0.7903744719583635,0.7920159617988203,0.4,0.55,0.455,0.49,0.830355204303223,0.8328373041945022,0.1,0.2,0.1,0.2,0.12,0.145,0.2992949144298199,0.70070508557018,0.043719889986540895,0.34110886870974344,0.05236779195949582,0.36042329588695743,0.043719889986540895,0.34110886870974344,0.43027431178815284,0.6741508070476322,0.08904468513027014,0.2739620899714399,0.07304612003282761,0.24819060753456834,0.057676474034500456,0.22179020599858137,0.4052913645914403,0.5423804223908704,0.12716069718448264,0.2318186933488204,0.09167364018491443,0.1855429175082487,0.07786317221824318,0.1666482523388639
NEW,y,200,2026-06,21.0,0.6825396825396824,0.07936507936507936,1.0,0.6190476190476191,63.0,0.5978835978835979,0.15343915343915343,1.0,0.4761904761904762,210.0,0.4666666666666666,0.1634920634920635,0.9984126984126984,0.3460317460317461,0.8298388272707006,0.8053940041575869,21.0,0.2222222222222222,0.20634920634920637,0.0,0.015873015873015872,63.0,0.21164021164021163,0.19576719576719573,0.0,0.015873015873015872,210.0,0.17460317460317462,0.1634920634920635,0.0,0.014285714285714285,0.7926002474078983,0.788455968582673,0.5714285714285714,0.7619047619047619,0.4380952380952381,0.5,0.8292002946019211,0.8301981536394434,0.047619047619047616,0.09523809523809523,0.09523809523809523,0.2857142857142857,0.15714285714285714,0.19047619047619047,0.4690950508404567,0.8395270454281678,0.019791981325804966,0.26903536205519024,0.09614087648851612,0.4342168031027071,0.08626703938313447,0.41725393618473017,0.4745749350089838,0.7099408954518869,0.08468784679255599,0.2620263750892262,0.1288955663964457,0.32753077089450283,0.11653401820775618,0.30997083306251055,0.40039567175099666,0.5341353081892956,0.11960296304597773,0.21947169158935362,0.1292317578504135,0.23166590347148713,0.11960296304597773,0.21947169158935362
NEW,y,200,2026-07,22.0,0.393939393939394,0.10606060606060608,1.0,0.3181818181818182,66.0,0.32323232323232326,0.1313131313131313,0.9343434343434344,0.20707070707070707,220.0,0.25757575757575757,0.13787878787878785,0.8030303030303031,0.13333333333333333,0.8465492496349448,0.8268026954852892,22.0,0.06060606060606061,0.04545454545454545,0.0,0.015151515151515152,66.0,0.10606060606060606,0.0909090909090909,0.0,0.020202020202020204,220.0,0.10757575757575756,0.08181818181818182,0.0,0.034848484848484844,0.8259851173760938,0.810013194123988,0.2727272727272727,0.45454545454545453,0.25,0.2681818181818182,0.846316630612703,0.8467900063533574,0.045454545454545456,0.18181818181818182,0.045454545454545456,0.09090909090909091,0.09545454545454546,0.11818181818181818,0.22065280727889686,0.5987598193902465,0.03224415732811497,0.297002741728703,0.01309733582775111,0.23875497465869963,0.008069219301147859,0.21798489499518056,0.22283295069969802,0.44307771954076997,0.0698269505237257,0.23335816169210744,0.052332807719182424,0.20312525738814619,0.04233239859139771,0.18448943825082809,0.20429732047740662,0.31917523035020234,0.09850128014403237,0.18968584265470861,0.07316477868139419,0.1554564129707979,0.0523782000078529,0.1256119501697727
NEW,y,200,2026-08,21.0,0.4761904761904761,0.047619047619047616,1.0,0.5873015873015873,63.0,0.4761904761904762,0.1164021164021164,1.0,0.48677248677248675,210.0,0.326984126984127,0.14285714285714288,0.9873015873015873,0.24126984126984127,0.8544026294135038,0.8471243027259625,21.0,0.15873015873015872,0.15873015873015872,0.0,0.0,63.0,0.10582010582010581,0.10052910052910052,0.0,0.005291005291005291,210.0,0.11428571428571428,0.10793650793650794,0.0,0.00634920634920635,0.8291898731648607,0.8354497034484855,0.38095238095238093,0.5714285714285714,0.30952380952380953,0.34285714285714286,0.8541086468989906,0.8548627861916248,0.047619047619047616,0.047619047619047616,0.047619047619047616,0.2857142857142857,0.10952380952380952,0.11904761904761904,0.28343712296762935,0.6763078209973324,0.008455769471923294,0.22669816586235464,0.05841860601860444,0.3645922574791841,0.05841860601860444,0.3645922574791841,0.35781921387369653,0.5972985570952808,0.05846544337313131,0.21843197779372686,0.05132905101100012,0.2056207128087369,0.047830794124826756,0.19914514102134967,0.2671393750488537,0.39304523511742523,0.10193471154371503,0.19661150210227346,0.07801215588585542,0.1644177548518121,0.07279733734365532,0.15716228385882977
NEW,y,200,2026-09,21.0,0.5396825396825397,0.12698412698412698,1.0,0.5079365079365079,63.0,0.42328042328042326,0.14285714285714285,1.0,0.36507936507936506,210.0,0.35555555555555557,0.19999999999999998,0.9825396825396826,0.19523809523809524,0.8582281891199735,0.8521115194006205,21.0,0.07936507936507936,0.07936507936507936,0.0,0.0,63.0,0.09523809523809523,0.09523809523809523,0.0,0.0,210.0,0.09047619047619049,0.08888888888888889,0.0,0.0015873015873015875,0.8247296561109256,0.829522037955628,0.5238095238095238,0.5714285714285714,0.3476190476190476,0.36666666666666664,0.8579898695077418,0.8586721071162127,0.09523809523809523,0.14285714285714285,0.047619047619047616,0.09523809523809523,0.0761904761904762,0.10476190476190476,0.3374461702702609,0.7296455897881357,0.04159113593137106,0.3277463195197002,0.019791981325804966,0.26903536205519024,0.019791981325804966,0.26903536205519024,0.30915932996439693,0.5462201542689746,0.07701861407975048,0.24974795045491058,0.04438287994388781,0.19261922652872804,0.04438287994388781,0.19261922652872804,0.2939391704848885,0.4223617425897114,0.15150622502631275,0.2592725944363175,0.05868671172522298,0.13697961325551045,0.05742255181977219,0.13512620077716564
NEW,y,200,POOLED,125.0,0.5253333333333333,0.12,1.0,0.49333333333333335,375.0,0.4915555555555556,0.15911111111111112,0.9884444444444443,0.41244444444444445,1250.0,0.38453333333333334,0.17120000000000002,0.9597333333333333,0.2656,0.8417942749082963,0.8246953510181426,125.0,0.16266666666666665,0.14133333333333334,0.0,0.024000000000000004,375.0,0.15555555555555556,0.13688888888888887,0.0,0.020444444444444446,1250.0,0.13520000000000001,0.1208,0.0,0.017066666666666667,0.8093517519344804,0.808023152885089,0.504,0.552,0.3776,0.388,0.841606414548818,0.8419159872538737,0.088,0.144,0.152,0.176,0.1328,0.1368,0.4383483523766192,0.610807613812355,0.07408523210514383,0.18857527506024374,0.10820845883774426,0.2372410440143366,0.09093055131975217,0.21312445368898209,0.4412985524760748,0.541983818484946,0.1255721855372155,0.19956352641557254,0.12238473959660709,0.19571197065555812,0.10576224678382401,0.17537970454007137,0.35795678987769736,0.4118174250895946,0.151332815468217,0.19308198142478772,0.11735776202588719,0.15527763306708153,0.1038854593077469,0.1400381750652074
OLD,y,200,2026-04,20.0,0.55,0.15,1.0,0.5833333333333334,60.0,0.6277777777777778,0.19999999999999998,1.0,0.538888888888889,200.0,0.48666666666666664,0.19166666666666665,1.0,0.3833333333333333,0.8442768673487189,0.8267278308879318,20.0,0.11666666666666665,0.06666666666666667,0.0,0.08333333333333333,60.0,0.17777777777777778,0.15,0.0,0.044444444444444446,200.0,0.18666666666666668,0.165,0.0,0.03,0.8099917560305633,0.8119569835472592,0.55,0.55,0.475,0.505,0.8433990757748339,0.8447232455285221,0.1,0.2,0.05,0.15,0.185,0.19,0.34208200830759966,0.741804979142907,0.05236779195949582,0.36042329588695743,0.0355330361006857,0.3213333934454297,0.014419522398209308,0.2585599196973995,0.5012607239823127,0.7389170493399932,0.11828389736858962,0.31782046091817007,0.1013979419208458,0.29293636883159985,0.08097349242295687,0.26114825891159615,0.4183015185362477,0.5555343749549075,0.14313059432958783,0.2518244426533767,0.13875620717621817,0.24638728986592964,0.11996784122663977,0.22265898273863527
OLD,y,200,2026-05,20.0,0.6833333333333332,0.11666666666666665,1.0,0.6833333333333332,60.0,0.6611111111111111,0.14444444444444446,1.0,0.6277777777777778,200.0,0.47500000000000003,0.1516666666666667,1.0,0.4166666666666667,0.8321130383088674,0.8116725502544418,20.0,0.2833333333333333,0.2833333333333333,0.0,0.0,60.0,0.22222222222222224,0.19444444444444445,0.0,0.02777777777777778,200.0,0.13,0.11166666666666668,0.0,0.021666666666666667,0.7917292925992484,0.7933463907041564,0.6,0.75,0.455,0.505,0.8313065613718302,0.8331215387968103,0.05,0.2,0.25,0.35,0.115,0.14,0.464744109399615,0.8428415112522425,0.0355330361006857,0.3213333934454297,0.13402438967473765,0.5024653313730668,0.13402438967473765,0.5024653313730668,0.5349022706989716,0.7679305739248056,0.0769910816872612,0.25468815776371334,0.1355939737772481,0.3422804320438257,0.11402072894401417,0.31164111745916706,0.40691500740098613,0.5440272928949301,0.10855344015932644,0.2079092772971039,0.0902814136522563,0.18366463072730121,0.07513280619007218,0.16283759173982376
OLD,y,200,2026-06,21.0,0.6666666666666666,0.09523809523809523,1.0,0.5714285714285715,63.0,0.6243386243386243,0.17989417989417988,1.0,0.48148148148148145,210.0,0.4666666666666666,0.17777777777777778,1.0,0.33809523809523806,0.8304073798438187,0.8062901804774397,21.0,0.17460317460317457,0.17460317460317457,0.0,0.0,63.0,0.14285714285714285,0.14285714285714285,0.0,0.0,210.0,0.1619047619047619,0.15873015873015872,0.0,0.003174603174603175,0.7940827344173832,0.7902062909775346,0.6190476190476191,0.7142857142857143,0.44285714285714284,0.48095238095238096,0.8289745016810218,0.8316861589796388,0.047619047619047616,0.14285714285714285,0.14285714285714285,0.19047619047619047,0.1523809523809524,0.1761904761904762,0.45373075657210293,0.828054635673163,0.026518208796947225,0.2891458386074067,0.06738346177864377,0.3824641057425035,0.06738346177864377,0.3824641057425035,0.5008704169080499,0.7335145569206235,0.10438951015592769,0.29219385509365736,0.07701861407975048,0.24974795045491058,0.07701861407975048,0.24974795045491058,0.40039567175099666,0.5341353081892956,0.13199645771373783,0.235136348375754,0.11823369477704991,0.21772338747448583,0.11550004241446346,0.21422189506948103
OLD,y,200,2026-07,22.0,0.48484848484848486,0.0909090909090909,0.9848484848484849,0.393939393939394,66.0,0.4090909090909091,0.17676767676767677,0.9747474747474748,0.23737373737373738,220.0,0.2893939393939394,0.15303030303030304,0.887878787878788,0.15606060606060604,0.8441111164700817,0.8253582496577434,22.0,0.10606060606060606,0.0909090909090909,0.0,0.015151515151515152,66.0,0.10606060606060608,0.08080808080808081,0.0,0.030303030303030304,220.0,0.09999999999999999,0.07424242424242423,0.0,0.03636363636363636,0.8231912186660656,0.808215471749683,0.45454545454545453,0.5,0.2772727272727273,0.30454545454545456,0.8434198092563714,0.8453996511905548,0.045454545454545456,0.13636363636363635,0.09090909090909091,0.13636363636363635,0.08636363636363636,0.12272727272727273,0.29439431851213377,0.6798074852977438,0.025294896282837754,0.2781538065838578,0.03224415732811497,0.297002741728703,0.025294896282837754,0.2781538065838578,0.29867234579227303,0.5295102846171105,0.10333068069916601,0.2857631163119754,0.052332807719182424,0.20312525738814619,0.03591498116815267,0.17181603683067134,0.2334905497585569,0.35252622877292844,0.11144686764978037,0.20652322072223508,0.06696850781108596,0.14676120105446894,0.046435904765495035,0.11666276262549334
OLD,y,200,2026-08,21.0,0.5079365079365079,0.015873015873015872,1.0,0.6666666666666666,63.0,0.5026455026455027,0.07407407407407407,1.0,0.5502645502645503,210.0,0.3349206349206349,0.14444444444444446,1.0,0.2523809523809524,0.8508392977183755,0.8438266759151959,21.0,0.1111111111111111,0.1111111111111111,0.0,0.0,63.0,0.13756613756613756,0.13756613756613756,0.0,0.0,210.0,0.1126984126984127,0.10952380952380952,0.0,0.004761904761904762,0.824930302474153,0.8319813645982723,0.42857142857142855,0.5714285714285714,0.32857142857142857,0.34285714285714286,0.8505942730605628,0.8511033876953842,0.0,0.047619047619047616,0.09523809523809523,0.14285714285714285,0.1,0.12857142857142856,0.3101062222383287,0.7033121297733507,0.0011813124905222692,0.18029921479703834,0.03380876930206764,0.3086919821256449,0.03380876930206764,0.3086919821256449,0.38262720475243056,0.6223597095843498,0.031165288826303445,0.16594150295207008,0.07323408028041334,0.24355865558068715,0.07323408028041334,0.24355865558068715,0.2745584379140548,0.4012140341712021,0.10328316589956289,0.1983806201302212,0.07670462644421881,0.1626077119096531,0.07409717119737672,0.15898002238890396
OLD,y,200,2026-09,21.0,0.5238095238095238,0.09523809523809523,1.0,0.5238095238095238,63.0,0.4867724867724868,0.15873015873015872,1.0,0.4074074074074074,210.0,0.3666666666666667,0.2031746031746032,0.9984126984126984,0.20634920634920637,0.8700162842645796,0.8648096059753705,21.0,0.25396825396825395,0.25396825396825395,0.0,0.0,63.0,0.21164021164021163,0.20634920634920637,0.0,0.005291005291005291,210.0,0.13650793650793652,0.1349206349206349,0.0,0.0015873015873015875,0.84043573485842,0.8455310980726044,0.38095238095238093,0.6190476190476191,0.35714285714285715,0.38571428571428573,0.8697613313613339,0.8704427509390993,0.047619047619047616,0.14285714285714285,0.19047619047619047,0.3333333333333333,0.13333333333333333,0.1380952380952381,0.3236921790026675,0.7165628770323705,0.026518208796947225,0.2891458386074067,0.11666529167404965,0.4673657959638909,0.11666529167404965,0.4673657959638909,0.36770442194368663,0.6073610063724119,0.08856997432352591,0.2681180762318169,0.1288955663964457,0.32753077089450283,0.12475202515622912,0.3217004834611588,0.30442806956633683,0.43369585019483237,0.15431451449993783,0.26269944973028375,0.09655997211562582,0.1895159519951802,0.09522118982730647,0.18773716189970394
OLD,y,200,POOLED,125.0,0.5680000000000001,0.09333333333333334,0.9973333333333333,0.568,375.0,0.5493333333333333,0.15555555555555556,0.9955555555555556,0.47022222222222226,1250.0,0.4010666666666667,0.17013333333333333,0.98,0.28933333333333333,0.8423599494623358,0.825492197309362,125.0,0.17333333333333334,0.16266666666666665,0.0,0.016,375.0,0.16533333333333333,0.1511111111111111,0.0,0.017777777777777778,1250.0,0.13733333333333334,0.12506666666666666,0.0,0.016266666666666665,0.8103471284095489,0.8093576171350851,0.56,0.576,0.3952,0.408,0.8415564328187541,0.8428328423406138,0.088,0.104,0.16,0.2,0.1304,0.144,0.4804134151618402,0.6515315467138274,0.05378510956512117,0.1571322752960831,0.11698831408068784,0.2491584376930664,0.10820845883774426,0.2372410440143366,0.4987265150883021,0.5989396335078394,0.12238473959660709,0.19571197065555812,0.13116540536281812,0.2062885595660598,0.11840963368709559,0.1908883244392911,0.37423918685367763,0.42850038301437166,0.1503208827687443,0.19196711703388894,0.11935995939330726,0.15752902988040432,0.10786921539211791,0.14456160734232212
