group,feature,kind,med_pos_A,fin_pos_A,med_neg_A,fin_neg_A,med_pos_B,fin_pos_B,med_neg_B,fin_neg_B,auc_A,auc_A_lo,auc_A_hi,lift_hi_A,lift_lo_A,auc_B,auc_B_lo,auc_B_hi,lift_hi_B,lift_lo_B,auc_2023,auc_2024,auc_2025,auc_2025H2,auc_2026,dAUC,dAUC_lo,dAUC_hi,flip,sig
all,f_r1,same-day,0.011348,0.9983,0,0.9986,0.018349,0.99956,0,0.99878,0.63356,0.61621,0.64739,2.4872,1.0772,0.63829,0.61531,0.65943,2.5863,1.078,0.65922,0.62227,0.62858,0.65867,0.63829,0.0047266,-0.023673,0.032443,False,False
all,f_r3,same-day,0.026187,0.99902,0,0.99858,0.034542,0.99956,-0.0018622,0.99873,0.65449,0.63467,0.67037,2.611,0.94733,0.64753,0.61241,0.67803,2.6293,0.98511,0.68187,0.65037,0.64013,0.67838,0.64753,-0.0069592,-0.047208,0.030477,False,False
all,f_r5,same-day,0.034146,0.99889,0,0.99858,0.043003,0.99978,-0.0025189,0.9987,0.66033,0.64087,0.67755,2.6479,0.91408,0.64729,0.60118,0.68172,2.6279,0.97502,0.68818,0.66236,0.63864,0.68053,0.64729,-0.013047,-0.064253,0.028374,False,False
all,f_r10,same-day,0.05303,0.99915,0,0.99859,0.061564,0.99967,-0.0034884,0.99874,0.66697,0.64727,0.68437,2.6645,0.86537,0.65225,0.60753,0.6827,2.6231,0.91942,0.69925,0.66356,0.64842,0.69024,0.65225,-0.01472,-0.063437,0.025006,False,False
all,f_r20,same-day,0.084416,0.99856,0,0.99869,0.098459,0.99911,-0.0036364,0.99883,0.67355,0.65297,0.69161,2.7062,0.80857,0.66606,0.61159,0.70348,2.7006,0.84983,0.70293,0.68233,0.64309,0.69707,0.66606,-0.00749,-0.06235,0.037445,False,False
all,f_r60,same-day,0.14894,0.99889,0.0064516,0.9988,0.2093,0.999,-0.00071926,0.99882,0.66774,0.64989,0.68214,2.5983,0.78923,0.6758,0.63518,0.7088,2.6714,0.78767,0.70324,0.69383,0.6133,0.67369,0.6758,0.0080556,-0.035543,0.043697,False,False
all,f_r120,same-day,0.20763,0.99817,0.017822,0.99855,0.37912,0.99789,0.0096621,0.99823,0.65119,0.63395,0.66651,2.4236,0.82178,0.70569,0.68711,0.72378,2.788,0.6142,0.68733,0.69061,0.58123,0.62853,0.70569,0.054497,0.029255,0.079736,False,True
all,f_pos20,same-day,0.68817,0.99882,0.44318,0.99878,0.66892,0.99967,0.40909,0.9989,0.65887,0.63878,0.67634,2.2184,0.61532,0.67189,0.63685,0.69789,2.2901,0.54231,0.68304,0.66392,0.63629,0.69907,0.67189,0.01302,-0.026268,0.047539,False,False
all,f_dist_hi20,same-day,-0.057143,0.99882,-0.055961,0.99878,-0.075127,0.99967,-0.071074,0.9989,0.50397,0.48709,0.51944,1.3732,1.3174,0.50013,0.4586,0.53153,1.367,1.3481,0.51655,0.503,0.49632,0.54343,0.50013,-0.003838,-0.050579,0.03465,False,False
all,f_pos60,same-day,0.6875,1,0.45312,1,0.66961,1,0.39344,1,0.6585,0.64128,0.67446,2.2384,0.61113,0.68255,0.64514,0.71103,2.3422,0.46176,0.68488,0.67551,0.62075,0.68893,0.68255,0.024054,-0.016533,0.058828,False,False
all,f_dist_hi60,same-day,-0.091262,1,-0.10036,1,-0.12002,1,-0.12546,1,0.52295,0.50532,0.53966,1.4243,1.2223,0.51848,0.46947,0.5545,1.4298,1.2628,0.54285,0.52774,0.50365,0.5594,0.51848,-0.0044769,-0.054873,0.038021,False,False
all,f_pos120,same-day,0.67653,1,0.45939,1,0.66755,1,0.38504,1,0.64511,0.62837,0.66009,2.149,0.64278,0.69306,0.66701,0.71498,2.3839,0.40318,0.67065,0.67285,0.59571,0.65041,0.69306,0.047955,0.019854,0.074859,False,True
all,f_dist_hi120,same-day,-0.12624,1,-0.14094,1,-0.15052,1,-0.17,1,0.52788,0.51009,0.54398,1.4494,1.1977,0.5359,0.48946,0.57135,1.516,1.1451,0.55311,0.54049,0.49597,0.54984,0.5359,0.0080162,-0.038403,0.047503,False,False
all,f_dist_hi240,same-day,-0.17416,0.97472,-0.18939,0.96392,-0.17937,0.99523,-0.22268,0.99583,0.52807,0.51071,0.54537,1.4479,1.1828,0.56212,0.51963,0.59561,1.669,1.025,0.55791,0.5529,0.48067,0.52316,0.56212,0.034057,-0.010003,0.071183,False,False
all,f_brk20,same-day,0,1,0,1,0,1,0,1,0.60879,0.59981,0.61791,3.3193,,0.60231,0.58503,0.61651,3.3997,,0.62192,0.61192,0.59609,0.6237,0.60231,-0.0064775,-0.026082,0.011225,False,False
all,f_brk60,same-day,0,1,0,1,0,1,0,1,0.59251,0.58375,0.60142,4.476,,0.58573,0.56985,0.59899,4.5192,,0.61005,0.59758,0.57454,0.60079,0.58573,-0.0067813,-0.024795,0.010019,False,False
all,f_range20,same-day,0.22684,0.98435,0.12434,0.97979,0.29587,0.9919,0.15449,0.98237,0.75623,0.74987,0.76215,2.7624,0.14741,0.76687,0.75149,0.78284,2.7765,0.085549,0.76102,0.76477,0.74298,0.74451,0.76687,0.010642,-0.0063805,0.02832,False,False
all,f_range60,same-day,0.3719,1,0.23296,1,0.46972,1,0.27653,1,0.72718,0.71974,0.73476,2.4405,0.15873,0.74254,0.72441,0.76152,2.5166,0.11145,0.73773,0.7326,0.71366,0.70959,0.74254,0.015365,-0.0056063,0.036094,False,False
all,f_c_ma5,same-day,0.017183,0.99967,-0.00042176,0.99964,0.023469,1,-0.0013973,0.99968,0.66433,0.64542,0.6807,2.7018,0.91649,0.6565,0.62153,0.68682,2.7101,0.96309,0.69361,0.65825,0.65088,0.69029,0.6565,-0.0078254,-0.048448,0.030133,False,False
all,f_c_ma10,same-day,0.029263,0.99882,-0.00047371,0.99851,0.035912,0.99967,-0.0024111,0.99862,0.67666,0.65576,0.69461,2.7726,0.86023,0.66323,0.61875,0.69555,2.7478,0.92471,0.70729,0.67402,0.65832,0.70403,0.66323,-0.013429,-0.062731,0.026602,False,False
all,f_c_ma20,same-day,0.046891,0.99882,-0.00050058,0.99878,0.055128,0.99967,-0.0033305,0.9989,0.68463,0.66377,0.70361,2.809,0.80999,0.672,0.62052,0.7063,2.7871,0.85657,0.72037,0.68389,0.66059,0.71147,0.672,-0.012627,-0.065215,0.031274,False,False
all,f_c_ma60,same-day,0.091334,1,0.00013949,1,0.11798,1,-0.0048344,1,0.68798,0.66809,0.70532,2.82,0.76586,0.68508,0.63026,0.72359,2.816,0.76664,0.72352,0.70793,0.64051,0.70194,0.68508,-0.002898,-0.059833,0.041661,False,False
all,f_c_ma120,same-day,0.13327,1,0.0034274,1,0.1863,1,-0.0034527,1,0.67833,0.6593,0.69405,2.7185,0.79026,0.70035,0.66607,0.72792,2.8576,0.67394,0.71699,0.70936,0.61605,0.6803,0.70035,0.022024,-0.016912,0.055228,False,False
all,f_ma20_slope5,same-day,0.013525,0.99817,9.4607e-05,0.99831,0.017797,0.99945,-0.00085638,0.99849,0.64036,0.62197,0.65695,2.382,0.87636,0.63899,0.5881,0.67577,2.4622,0.91576,0.66517,0.65534,0.60594,0.65715,0.63899,-0.0013627,-0.054601,0.03981,False,False
all,f_ma60_slope10,same-day,0.016146,1,0.0011023,1,0.024896,1,-0.00014379,1,0.62716,0.61108,0.64061,2.2847,0.92705,0.64912,0.61353,0.68075,2.4647,0.86151,0.65962,0.65643,0.5712,0.62664,0.64912,0.021967,-0.01679,0.055826,False,False
all,f_ma5_ma20,same-day,0.02391,0.99869,-0.00014901,0.99859,0.027928,0.99967,-0.002404,0.99876,0.63959,0.62083,0.65724,2.3989,0.90536,0.62847,0.57789,0.66296,2.4116,0.977,0.66828,0.64777,0.61027,0.65803,0.62847,-0.011117,-0.064262,0.030523,False,False
all,f_ma20_ma60,same-day,0.029093,0.99882,0.00058636,0.99878,0.049496,0.99967,-0.0019046,0.9989,0.61639,0.59934,0.62998,2.2007,0.95761,0.63496,0.59344,0.6692,2.3359,0.9042,0.64081,0.64644,0.56508,0.61509,0.63496,0.018568,-0.026305,0.056281,False,False
all,f_ma60_ma120,same-day,0.029118,1,0.0036375,1,0.059722,1,6.6653e-05,1,0.58718,0.57224,0.60058,1.939,1.0089,0.64787,0.61726,0.67826,2.3636,0.81853,0.62087,0.61821,0.52839,0.56895,0.64787,0.060689,0.026443,0.096402,False,True
all,f_ma_tight,same-day,0.045472,0.9998,0.021521,0.99983,0.059291,1,0.02597,0.99982,0.69615,0.68809,0.70443,2.4189,0.37331,0.71641,0.70182,0.73136,2.4905,0.26681,0.70196,0.71029,0.676,0.68224,0.71641,0.020259,0.0030072,0.037088,False,True
all,f_ma_tight4,same-day,0.10587,1,0.050773,1,0.13701,1,0.060096,1,0.70917,0.70179,0.71667,2.491,0.31649,0.7267,0.7087,0.74553,2.585,0.23017,0.71976,0.71924,0.69033,0.69179,0.7267,0.017532,-0.0017391,0.037428,False,False
all,f_n_above_ma,same-day,4,1,2,1,4,1,2,1,0.66831,0.65729,0.67875,2.2156,0.44044,0.68041,0.65437,0.7006,2.2517,0.35008,0.67575,0.67868,0.6513,0.69367,0.68041,0.012102,-0.016314,0.035259,False,False
all,f_bull_align,same-day,0,1,0,1,0,1,0,1,0.59441,0.5869,0.60241,2.0165,0.49301,0.59479,0.57499,0.61185,2.0341,,0.59562,0.60782,0.57829,0.59861,0.59479,0.00037921,-0.020236,0.018291,False,False
all,f_atr14,same-day,0.042839,0.99941,0.025755,0.99941,0.058814,1,0.032967,0.99946,0.76222,0.75482,0.76931,2.8014,0.11727,0.77391,0.75471,0.79535,2.8731,0.070781,0.76633,0.76715,0.75374,0.75273,0.77391,0.011683,-0.010535,0.035088,False,False
all,f_bbw,same-day,0.21519,0.99882,0.10629,0.99878,0.2894,0.99967,0.13065,0.9989,0.75135,0.74485,0.75785,2.7428,0.17744,0.7713,0.75679,0.78662,2.8772,0.10767,0.75538,0.76211,0.73627,0.74023,0.7713,0.019949,0.0037312,0.036606,False,True
all,f_bb_pctb,same-day,0.77019,0.99882,0.49263,0.99878,0.73548,0.99967,0.45781,0.9989,0.67956,0.66565,0.69301,2.4055,0.53574,0.67913,0.64739,0.70357,2.3046,0.46512,0.69866,0.68607,0.65882,0.70716,0.67913,-0.00042505,-0.034675,0.029282,False,False
all,f_bbw_rank120,same-day,0.69748,1,0.46218,1,0.73109,1,0.53782,1,0.62677,0.61263,0.64019,1.8925,0.6062,0.61719,0.60725,0.62688,1.6345,0.51774,0.64375,0.63753,0.6027,0.63283,0.61719,-0.0095824,-0.026237,0.0078064,False,False
all,f_vol10,same-day,0.034916,0.99227,0.01584,0.98915,0.044841,0.99645,0.020405,0.99034,0.77801,0.77107,0.78436,3.1202,0.15113,0.79411,0.77814,0.81142,3.173,0.089512,0.78388,0.78793,0.76249,0.76816,0.79411,0.016103,-0.0018363,0.035948,False,False
all,f_vol60,same-day,0.031185,1,0.020073,1,0.040644,1,0.024027,1,0.7578,0.75123,0.76401,2.7365,0.12791,0.77885,0.76072,0.79866,2.9126,0.081625,0.76386,0.76054,0.75045,0.74834,0.77885,0.021058,4.3572e-05,0.043158,False,True
all,f_vol_ratio_10_60,same-day,1.112,0.99227,0.85043,0.98915,1.1074,0.99645,0.90479,0.99034,0.63627,0.6194,0.65215,2.0151,0.60938,0.63338,0.6175,0.64749,1.6732,0.42725,0.64428,0.63664,0.63023,0.64485,0.63338,-0.0028939,-0.025316,0.019399,False,False
all,f_body,same-day,0.0036364,0.9983,-0.001773,0.9986,0.0036833,0.99956,-0.0024752,0.99878,0.59261,0.57823,0.60551,2.1447,1.1697,0.58849,0.57029,0.60544,2.0831,1.1366,0.61735,0.58084,0.58882,0.61555,0.58849,-0.0041169,-0.027767,0.018147,False,False
all,f_upper_shadow,same-day,0.0057143,0.9983,0.0039216,0.9986,0.0061303,0.99956,0.0043103,0.99878,0.54858,0.54102,0.55673,1.7526,1.2011,0.53609,0.52354,0.55015,1.6802,1.2652,0.56401,0.53832,0.54954,0.54817,0.53609,-0.012489,-0.027865,0.0041763,False,False
all,f_lower_shadow,same-day,0.0058309,0.9983,0.0034364,0.9986,0.007767,0.99956,0.0048603,0.99878,0.58307,0.57646,0.58975,1.8424,0.94419,0.57496,0.56377,0.58644,1.7718,1.0027,0.5914,0.58665,0.57317,0.58395,0.57496,-0.0081054,-0.019877,0.0047824,False,False
all,f_close_pos,same-day,0.55,0.96962,0.4,0.99259,0.58696,0.9493,0.42857,0.99198,0.58741,0.57346,0.59909,1.712,0.7293,0.59014,0.57392,0.60502,1.7626,0.72766,0.60345,0.58558,0.57823,0.60371,0.59014,0.0027357,-0.01819,0.023814,False,False
all,f_day_range,same-day,0.046512,0.9983,0.021053,0.9986,0.057009,0.99956,0.027119,0.99878,0.75645,0.74875,0.76384,3.0013,0.31966,0.73566,0.72301,0.7488,2.8737,0.39396,0.7758,0.76334,0.73511,0.74501,0.73566,-0.02079,-0.036008,-0.0060052,False,True
all,f_gap,same-day,0.0055556,0.9983,0,0.9986,0.008105,0.99956,0,0.99878,0.6143,0.60599,0.62261,2.0909,0.92765,0.61683,0.59815,0.63514,2.1398,0.93592,0.61178,0.6153,0.61491,0.62397,0.61683,0.0025334,-0.017654,0.022658,False,False
all,f_up_days5,same-day,3,0.99502,2,0.99356,3,0.99756,2,0.9943,0.60611,0.59372,0.61847,1.7906,0.60785,0.62075,0.60309,0.63543,1.8306,0.51179,0.61868,0.61065,0.59212,0.62877,0.62075,0.014632,-0.0068562,0.034991,False,False
all,f_up_streak,same-day,1,1,0,1,1,1,0,1,0.60708,0.59576,0.61824,1.875,0.67423,0.61056,0.59709,0.62311,1.8892,0.74043,0.62415,0.60133,0.60177,0.63141,0.61056,0.0034764,-0.014372,0.021583,False,False
all,f_n_lu_20,same-day,1,1,0,1,1,1,0,1,0.71129,0.70403,0.71825,3.7708,0.76801,0.74499,0.73232,0.75716,3.0664,,0.70012,0.72854,0.69939,0.70543,0.74499,0.033701,0.019154,0.047293,False,True
all,f_n_lu_60,same-day,2,1,0,1,3,1,0,1,0.74106,0.73472,0.74743,3.0764,0.35311,0.76251,0.74685,0.77918,3.0287,,0.74015,0.75577,0.72491,0.72544,0.76251,0.021448,0.0041784,0.039436,False,True
all,f_n_lu_250,same-day,6,1,1,1,9,1,3,1,0.74516,0.73929,0.75113,2.6412,0.19303,0.76071,0.74568,0.77848,2.7155,0.096479,0.74633,0.74965,0.73922,0.73255,0.76071,0.015548,-0.0014032,0.034842,False,False
all,f_days_since_lu,same-day,13,1,106,1,7,1,67,1,0.21902,0.21178,0.22715,0.18479,3.1136,0.20383,0.19313,0.21418,0.10103,3.1984,0.21862,0.2004,0.24054,0.22537,0.20383,-0.01519,-0.027723,-0.0026923,False,True
all,f_vr5,same-day,1.1483,0.99954,0.83721,0.99945,1.069,1,0.85714,0.9995,0.6196,0.61246,0.62702,2.0236,0.753,0.59437,0.58194,0.60711,1.7604,0.7818,0.63993,0.61433,0.61147,0.62289,0.59437,-0.025234,-0.039099,-0.010958,False,True
all,f_vr20,same-day,1.2252,0.9998,0.74021,0.99981,1.0887,0.99989,0.7661,0.99976,0.65163,0.64219,0.66123,2.2722,0.67477,0.61703,0.60157,0.63383,1.9967,0.7853,0.67011,0.64685,0.64423,0.65963,0.61703,-0.034607,-0.054487,-0.015049,False,True
all,f_v5_20,same-day,1.1488,0.99954,0.89389,0.99951,1.0742,0.99989,0.90688,0.9995,0.61878,0.60713,0.63078,2.0934,0.8223,0.59058,0.5744,0.60715,1.7809,0.86209,0.62673,0.62041,0.61139,0.61898,0.59058,-0.028202,-0.049354,-0.008097,False,True
all,f_v_dryup5,same-day,0.43346,0.99954,0.441,0.99951,0.49055,0.99989,0.46965,0.9995,0.49855,0.48932,0.50847,1.2156,1.1946,0.52131,0.51026,0.53353,1.3174,1.0643,0.50214,0.48789,0.50821,0.51603,0.52131,0.022757,0.0073333,0.037817,False,True
all,f_v_rank120,same-day,0.83193,1,0.47059,1,0.77311,1,0.51261,1,0.71555,0.70408,0.72581,2.639,0.37478,0.66035,0.64402,0.67744,2.1371,0.50756,0.73382,0.72129,0.69631,0.72074,0.66035,-0.055206,-0.074779,-0.034824,False,True
all,f_log_tv20,same-day,4.6719,0.9998,4.2795,0.99983,5.2337,0.99989,4.3069,0.99978,0.58266,0.57294,0.59277,1.4739,0.70637,0.677,0.65591,0.70292,2.1694,0.41864,0.57714,0.57776,0.5921,0.61409,0.677,0.094335,0.070875,0.1218,False,True
all,f_obv_slope20,same-day,0.19832,0.99836,0.033069,0.99852,0.14408,0.999,0.00010697,0.99862,0.64313,0.63416,0.65275,2.0352,0.56425,0.63121,0.602,0.65565,1.8411,0.5594,0.65294,0.64729,0.63154,0.65868,0.63121,-0.01192,-0.042022,0.013568,False,False
all,f_updown_vol20,same-day,1.5194,0.99974,1.0741,0.9998,1.35,0.99989,1,0.99973,0.64047,0.63142,0.64986,1.9755,0.54575,0.63006,0.60228,0.65447,1.806,0.52443,0.64813,0.6451,0.62987,0.65671,0.63006,-0.010411,-0.039437,0.014323,False,False
all,f_pv_up_surge,same-day,0,1,0,1,0,1,0,1,0.60083,0.59391,0.60732,2.893,,0.5764,0.56555,0.58668,2.5318,,0.62033,0.59199,0.59734,0.60921,0.5764,-0.024427,-0.037267,-0.011777,False,True
all,f_macd_dif,same-day,0.016085,1,-9.3062e-05,1,0.02072,1,-0.0013521,1,0.65508,0.63625,0.67149,2.5275,0.83415,0.65516,0.60318,0.69318,2.5471,0.83322,0.68641,0.67578,0.60969,0.66719,0.65516,7.8922e-05,-0.054001,0.042862,False,False
all,f_macd_hist,same-day,0.0039862,1,7.7955e-05,1,0.0038529,1,-3.5325e-05,1,0.62663,0.60736,0.64382,2.3714,1.0069,0.5996,0.55761,0.63162,2.2502,1.1423,0.64173,0.61835,0.62556,0.64954,0.5996,-0.027027,-0.073104,0.0099231,False,False
all,f_macd_hist_d1,same-day,0.001014,1,-8.9661e-06,1,0.0014145,1,-3.1559e-05,1,0.6248,0.60882,0.63854,2.4061,1.0786,0.6257,0.599,0.65057,2.4777,1.1021,0.64501,0.61735,0.61924,0.64133,0.6257,0.00089666,-0.028715,0.031622,False,False
all,f_macd_hist_d3,same-day,0.0020797,1,3.0076e-05,1,0.0025957,1,-3.4797e-05,1,0.60297,0.58862,0.61606,2.2327,1.1192,0.59233,0.56178,0.62026,2.1935,1.2057,0.61444,0.60405,0.59376,0.61426,0.59233,-0.010641,-0.04271,0.021729,False,False
all,f_macd_dif_pos,same-day,1,1,0,1,1,1,0,1,0.59747,0.58975,0.60506,1.6444,0.53193,0.61208,0.58801,0.63317,1.5208,0.5519,0.59551,0.6093,0.58536,0.61347,0.61208,0.014607,-0.011468,0.036898,False,False
all,f_macd_hist_pos,same-day,1,1,1,1,1,1,0,1,0.57583,0.56773,0.5849,1.5541,0.73761,0.56428,0.54944,0.57837,1.3753,0.62408,0.58135,0.57765,0.56992,0.58664,0.56428,-0.011558,-0.02974,0.0040258,False,False
all,f_macd_gold3,same-day,0,1,0,1,0,1,0,1,0.52454,0.52062,0.52841,1.4183,,0.52066,0.51366,0.52777,1.3736,,0.53003,0.52179,0.52384,0.52971,0.52066,-0.0038793,-0.011643,0.0041794,False,False
all,f_macd_gold10,same-day,0,1,0,1,0,1,0,1,0.52442,0.51755,0.53195,1.2719,1.1694,0.51825,0.50758,0.52855,1.1237,0.61689,0.53752,0.51805,0.52257,0.52672,0.51825,-0.006168,-0.018475,0.0056835,False,False
all,f_kd_k,same-day,59.399,1,44.866,1,58.524,1,42.805,1,0.61722,0.6001,0.63422,1.8871,0.69143,0.63152,0.59655,0.65818,1.943,0.59456,0.63152,0.62904,0.59381,0.65002,0.63152,0.014297,-0.023216,0.04584,False,False
all,f_kd_d,same-day,54.08,1,45.025,1,53.314,1,43.283,1,0.58937,0.57427,0.60476,1.6458,0.73653,0.6085,0.5747,0.63567,1.7101,0.637,0.60008,0.60513,0.56395,0.61764,0.6085,0.019132,-0.016758,0.049337,False,False
all,f_kd_kd,same-day,3.376,1,-0.15754,1,3.7227,1,-0.36594,1,0.60204,0.5899,0.6142,1.7274,0.69374,0.59468,0.57315,0.61279,1.6698,0.7222,0.61459,0.59989,0.59577,0.62436,0.59468,-0.007362,-0.032109,0.015145,False,False
all,f_kd_gold3,same-day,0,1,0,1,0,1,0,1,0.53526,0.52853,0.54158,1.3277,1.7342,0.53056,0.52365,0.53767,1.256,1.0106,0.53825,0.52778,0.54171,0.55134,0.53056,-0.0047015,-0.014307,0.0053423,False,False
all,f_rsi5,same-day,64.488,1,49.182,1,62.706,1,47.634,1,0.66984,0.65524,0.6835,2.355,0.57283,0.67113,0.64251,0.69262,2.2778,0.47724,0.68888,0.67514,0.65054,0.6991,0.67113,0.00129,-0.030102,0.027701,False,False
all,f_rsi10,same-day,60.736,1,49.561,1,59.21,1,48.493,1,0.68159,0.66743,0.69507,2.4528,0.55184,0.68344,0.6488,0.70867,2.3993,0.46561,0.69804,0.69256,0.65765,0.7087,0.68344,0.0018457,-0.034452,0.032886,False,False
all,f_rsi14,same-day,59.246,1,49.67,1,58.154,1,48.78,1,0.68504,0.67044,0.69882,2.4749,0.54988,0.68798,0.65045,0.71464,2.4314,0.45122,0.70035,0.69939,0.65804,0.70952,0.68798,0.0029356,-0.035866,0.034865,False,False
all,f_fgn_1,same-day,0.015354,0.96235,-0.0029261,0.9614,0.017077,0.98824,0,0.97674,0.55608,0.55001,0.56275,1.2434,0.71498,0.53976,0.52497,0.55403,1.1871,0.79345,0.56428,0.56007,0.54601,0.5545,0.53976,-0.016323,-0.033328,-0.00037017,False,True
all,f_trust_1,same-day,0,0.96235,0,0.9614,0,0.98824,0,0.97674,0.51912,0.5143,0.52394,0.95429,0.53266,0.52819,0.52081,0.53512,1.7444,1.0191,0.52767,0.50728,0.52695,0.53166,0.52819,0.0090701,0.00034563,0.017178,False,True
all,f_fgn_5,same-day,0.040855,0.94853,-0.0098908,0.9507,0.053805,0.98402,0,0.97144,0.54649,0.53819,0.555,0.92702,0.53191,0.53618,0.52018,0.55229,0.96806,0.66385,0.55518,0.55207,0.53436,0.55187,0.53618,-0.010308,-0.027981,0.0072693,False,False
all,f_trust_5,same-day,0,0.94853,0,0.9507,0,0.98402,0,0.97144,0.52085,0.51555,0.52597,0.90712,0.57811,0.5285,0.52022,0.53619,1.6147,1.0392,0.52591,0.51074,0.52913,0.53854,0.5285,0.007645,-0.0021024,0.016869,False,False
all,f_fgn_20,same-day,0.074255,0.9338,-0.041051,0.94142,0.11306,0.97914,0.010804,0.96499,0.54992,0.54167,0.55839,0.72858,0.36769,0.53571,0.52064,0.54981,0.81716,0.52706,0.54772,0.55022,0.551,0.56074,0.53571,-0.014214,-0.032243,0.0020752,False,False
all,f_trust_20,same-day,0,0.9338,0,0.94142,0,0.97914,0,0.96499,0.51893,0.51315,0.52458,0.87611,0.59666,0.53043,0.52207,0.53864,1.4567,0.99995,0.52595,0.50997,0.52465,0.53452,0.53043,0.011495,0.0018103,0.02171,False,True
all,f_trust_streak,same-day,0,0.96248,0,0.96151,0,0.98835,0,0.97694,0.4973,0.49334,0.50164,0.96443,,0.52832,0.51995,0.53641,1.7446,,0.50829,0.48478,0.50428,0.51185,0.52832,0.031023,0.022066,0.040011,False,True
all,f_fgn_streak,same-day,1,0.96248,0,0.96151,1,0.98835,0,0.97694,0.54148,0.53536,0.54824,1.1875,0.88811,0.52758,0.51549,0.53922,1.1226,1.0723,0.54885,0.54339,0.53434,0.54341,0.52758,-0.0139,-0.027632,-0.00072292,False,True
all,f_inst_pct_v1,same-day,0.015443,0.96248,-0.0046035,0.96151,0.019832,0.98835,0,0.97694,0.54985,0.54321,0.5571,0.80386,0.42248,0.53201,0.51856,0.54623,0.81907,0.56209,0.55482,0.54934,0.54711,0.55636,0.53201,-0.017843,-0.033387,-0.0027964,False,True
all,f_ml_chg5,same-day,0.013992,0.82313,-0.003674,0.90229,0.010093,0.91225,-0.0021088,0.93062,0.60117,0.58904,0.61132,2.0704,0.95009,0.57117,0.54346,0.59288,1.8438,1.0679,0.61388,0.60867,0.58465,0.5906,0.57117,-0.030005,-0.059211,-0.0057893,False,True
all,f_ml_chg20,same-day,0.043796,0.81874,-0.015873,0.90025,0.035312,0.90981,-0.011636,0.92758,0.6134,0.60251,0.62315,1.9725,0.77825,0.58566,0.55947,0.60584,1.7711,0.84762,0.62678,0.61835,0.59922,0.61551,0.58566,-0.027739,-0.056766,-0.004373,False,True
all,f_ml_to_v,same-day,1.644,0.92627,3.1393,0.95175,1.4483,0.98214,2.4042,0.97596,0.38525,0.37843,0.39226,0.553,1.5967,0.39935,0.38714,0.41146,0.46673,1.2576,0.36236,0.38549,0.40028,0.38635,0.39935,0.014098,-0.00036434,0.028845,False,False
all,f_ms_chg5,same-day,0.045714,0.65359,0,0.61604,0.037379,0.72687,-0.016976,0.55049,0.60056,0.58976,0.61044,1.8189,0.71174,0.58615,0.57216,0.59878,1.6622,0.70167,0.61143,0.60494,0.58841,0.59663,0.58615,-0.014409,-0.033238,0.0025113,False,False
all,f_ms_to_ml,same-day,0.018593,0.8245,0.0037812,0.90293,0.0096917,0.91258,0.0012563,0.93127,0.66271,0.65584,0.6701,2.1498,0.50397,0.69549,0.68334,0.70846,2.3223,0.29443,0.6529,0.66791,0.66326,0.66578,0.69549,0.032772,0.018543,0.047966,False,True
all,f_ms_to_v,same-day,0.03033,0.92627,0.010519,0.95175,0.013274,0.98214,0.0024117,0.97596,0.60025,0.59402,0.60741,1.6752,0.70984,0.64973,0.63783,0.66122,1.8922,0.4117,0.57447,0.6058,0.61126,0.60662,0.64973,0.049478,0.036477,0.062701,False,True
all,f_lend_to_v,same-day,0.55924,0.94558,2.1875,0.96527,0.65844,0.98236,2.1562,0.97202,0.27903,0.27122,0.28711,0.29554,2.6772,0.29911,0.28433,0.31472,0.29329,2.3713,0.25657,0.2669,0.30797,0.3046,0.29911,0.020077,0.0036117,0.038538,False,True
all,f_lend_chg5,same-day,0,0.94421,0,0.9647,0,0.97748,0,0.9652,0.51431,0.5075,0.52167,0.66547,0.55306,0.47996,0.46811,0.49329,0.67185,0.80824,0.52009,0.51111,0.51401,0.51378,0.47996,-0.03435,-0.048784,-0.019216,False,True
all,f_lend_chg20,same-day,0,0.94008,0,0.96289,0,0.97959,0,0.96678,0.51606,0.51005,0.52254,0.53852,0.48904,0.47888,0.46142,0.49608,0.55923,0.69501,0.51447,0.51427,0.51916,0.5208,0.47888,-0.037181,-0.054977,-0.019111,False,True
all,f_dt_ratio,same-day,0.37694,0.38373,0.19885,0.51245,0.38324,0.44697,0.23077,0.52202,0.73641,0.7266,0.74605,2.8171,0.33662,0.72793,0.71056,0.74258,2.6688,0.33104,0.75695,0.74169,0.71747,0.73471,0.72793,-0.0084717,-0.029471,0.0098838,False,False
all,f_dt_ratio20,same-day,0.39576,0.36356,0.22771,0.50162,0.39371,0.41447,0.24543,0.51398,0.74654,0.73626,0.75709,2.8014,0.24597,0.76104,0.73983,0.78393,2.8111,0.17732,0.7591,0.75148,0.73348,0.74799,0.76104,0.014503,-0.010067,0.039925,False,False
all,f_rev_yoy,same-day,7.63,0.76491,2.63,0.73559,18.73,0.93466,8.26,0.93216,0.54966,0.54059,0.55846,1.5626,1.0359,0.58142,0.56455,0.60115,1.5443,0.81,0.57611,0.54163,0.55316,0.55401,0.58142,0.031768,0.012681,0.053337,False,True
all,f_rev_mom,same-day,2.17,0.76491,0.39,0.73559,4.27,0.93466,1.71,0.93216,0.52707,0.51979,0.53487,1.3099,1.0256,0.53499,0.52451,0.54557,1.1053,0.79203,0.55536,0.5254,0.52294,0.52647,0.53499,0.0079116,-0.0047029,0.020893,False,False
all,f_rev_yoy_acc,same-day,1.48,0.75044,-0.11,0.7099,4.39,0.93199,1.57,0.92943,0.52704,0.51934,0.53498,1.3916,1.1343,0.53182,0.52249,0.54094,1.2117,0.88636,0.52128,0.5321,0.52224,0.53465,0.53182,0.0047828,-0.0072056,0.016272,False,False
all,f_mkt_r1,day-level,0,1,0,1,0.001613,1,0,1,0.50735,0.49145,0.5221,1.0534,0.95892,0.54473,0.52384,0.5651,1.1917,0.79298,0.51077,0.50596,0.51125,0.50239,0.54473,0.037382,0.01201,0.063427,False,True
all,f_mkt_r5,day-level,0.0017227,1,0,1,0.0042918,1,0,1,0.51433,0.4948,0.53068,1.0911,0.95449,0.52447,0.49172,0.55378,1.2006,1.059,0.52415,0.51652,0.51345,0.51178,0.52447,0.010146,-0.027054,0.047173,False,False
all,f_mkt_r20,day-level,0.0081585,1,0.0057727,1,0.019154,1,0.014719,1,0.50745,0.48574,0.52541,1.0583,1.0204,0.52358,0.48402,0.55632,1.1703,0.98593,0.52267,0.51585,0.5064,0.54484,0.52358,0.016129,-0.02561,0.055065,False,False
all,f_mkt_breadth_ma20,day-level,0.54348,1,0.5213,1,0.55913,1,0.5509,1,0.5158,0.49469,0.53362,1.0922,0.96043,0.51921,0.48014,0.55605,1.0154,0.90034,0.52614,0.52283,0.52108,0.53463,0.51921,0.0034113,-0.040102,0.044738,False,False
all,f_mkt_lu_cnt,day-level,16,1,14,1,44,1,36,1,0.55732,0.53816,0.57505,1.3226,0.78506,0.57328,0.54537,0.59761,1.427,0.73505,0.55991,0.53311,0.5579,0.54496,0.57328,0.015964,-0.015965,0.046811,False,False
all,f_mkt_lu_cnt5,day-level,16.2,1,14.8,1,43,1,36.8,1,0.57272,0.55524,0.58983,1.4221,0.65577,0.56135,0.53136,0.58773,1.3132,0.77139,0.55673,0.54923,0.5776,0.55721,0.56135,-0.011372,-0.047079,0.019743,False,False
all,f_mkt_vol_ratio,day-level,0.72842,1,0.71578,1,0.79386,1,0.76587,1,0.52872,0.50921,0.54886,1.1964,0.90081,0.53458,0.50242,0.56506,1.2044,0.83294,0.537,0.53441,0.51892,0.52311,0.53458,0.0058609,-0.03331,0.044846,False,False
all,f_mkt_near_hi,day-level,0.20588,1,0.20324,1,0.16356,1,0.14924,1,0.50231,0.4807,0.5225,1.0926,1.0619,0.53949,0.50254,0.57235,1.2183,0.944,0.53391,0.51817,0.50524,0.54312,0.53949,0.037181,-0.0066815,0.077896,False,False
all,f_rk_r5,same-day,0.81024,0.70356,0.49746,0.55994,0.75703,0.79698,0.49364,0.55681,0.66444,0.6409,0.68421,2.6119,0.8577,0.63864,0.59342,0.67171,2.3894,0.89046,0.69862,0.66317,0.6384,0.67673,0.63864,-0.025803,-0.076136,0.017502,False,False
all,f_rk_r20,same-day,0.83426,0.70356,0.4966,0.55994,0.77366,0.79698,0.49212,0.55681,0.7001,0.67792,0.71862,2.7947,0.63298,0.66326,0.61268,0.69866,2.4362,0.70227,0.72953,0.70386,0.6705,0.71284,0.66326,-0.036835,-0.087986,0.0073597,False,False
all,f_rk_r60,same-day,0.81681,0.70336,0.49622,0.55984,0.7802,0.79687,0.49079,0.5567,0.70969,0.69468,0.72228,2.69,0.53418,0.68397,0.64379,0.71502,2.4811,0.60579,0.73639,0.72728,0.66183,0.70001,0.68397,-0.025718,-0.068486,0.0092703,False,False
all,f_rk_vr20,same-day,0.74794,0.70356,0.49766,0.55994,0.67721,0.79698,0.4949,0.55681,0.64389,0.63248,0.65533,2.2562,0.73688,0.6029,0.58755,0.61976,1.895,0.84608,0.6695,0.63703,0.6331,0.64521,0.6029,-0.040981,-0.060839,-0.020541,False,True
all,f_rk_log_tv20,same-day,0.57256,0.70356,0.49944,0.55994,0.66993,0.79698,0.49315,0.55681,0.54776,0.53991,0.55648,1.2264,0.80306,0.62586,0.60407,0.65194,1.7391,0.53012,0.53885,0.5393,0.56757,0.5829,0.62586,0.078094,0.054139,0.1049,False,True
all,f_rs20,same-day,0.069536,0.99856,-0.0084801,0.99869,0.08351,0.99911,-0.016247,0.99883,0.67355,0.65297,0.69161,2.7062,0.80857,0.66606,0.61159,0.70348,2.7006,0.84983,0.70293,0.68233,0.64309,0.69707,0.66606,-0.00749,-0.06235,0.037445,False,False
all,f_ind_lu_cnt,same-day,0,0.46074,0,0.57285,2,0.53417,0,0.575,0.56952,0.55996,0.57893,1.5794,0.34998,0.65123,0.63264,0.66851,2.0772,0.56844,0.56381,0.574,0.56846,0.59265,0.65123,0.081714,0.060414,0.10243,False,True
all,f_ind_lu_share,same-day,0,0.46074,0,0.57285,0.041667,0.53417,0,0.575,0.56677,0.55735,0.57627,1.5424,0.34998,0.6334,0.61581,0.64947,1.7426,0.56844,0.56395,0.5735,0.56142,0.58114,0.6334,0.066631,0.04835,0.085755,False,True
all,f_ind_lu_cnt5,same-day,3,0.46074,1,0.57285,10,0.53417,2,0.575,0.60454,0.5935,0.6161,1.5446,0.58615,0.6745,0.65754,0.69021,2.0973,0.3724,0.58929,0.61302,0.60548,0.63617,0.6745,0.069963,0.049949,0.089342,False,True
all,f_ind_r5,same-day,0.010919,0.46074,0.0054722,0.57285,0.018564,0.53417,0.0045098,0.575,0.55319,0.53882,0.56795,1.2805,0.6866,0.55853,0.51618,0.59747,1.2718,0.78392,0.56603,0.56585,0.5312,0.553,0.55853,0.0053386,-0.040734,0.045394,False,False
all,f_ind_r5_rel,same-day,0.022603,0.46048,-0.005203,0.57243,0.02173,0.53417,-0.0066417,0.57471,0.64889,0.63005,0.6677,2.5309,0.92657,0.61792,0.58013,0.64652,2.3982,1.0447,0.66758,0.64938,0.63607,0.67382,0.61792,-0.030975,-0.072072,0.0065518,False,False
all,x_lu_s,same-day,0,1,0,1,0,1,0,1,0.5983,0.59256,0.60502,20.395,,0.61871,0.60885,0.62822,12.325,,0.59175,0.60669,0.59329,0.5992,0.61871,0.020409,0.0088334,0.031189,False,True
all,x_oneword_s,same-day,0,1,0,1,0,1,0,1,0.51386,0.51193,0.51584,76.683,,0.52328,0.51967,0.52674,34.614,,0.51021,0.51548,0.51454,0.51692,0.52328,0.0094276,0.0055894,0.013332,False,True
all,x_close_at_high,same-day,0,1,0,1,0,1,0,1,0.57408,0.56783,0.5805,2.3027,,0.59012,0.58024,0.5993,2.5396,,0.57014,0.58334,0.56626,0.57378,0.59012,0.016042,0.0040746,0.02725,False,True
all,x_lu_streak,same-day,0,1,0,1,0,1,0,1,0.59838,0.59262,0.60512,20.395,,0.61906,0.60913,0.62861,12.325,,0.59179,0.60679,0.59337,0.59927,0.61906,0.020682,0.0090851,0.031437,False,True
all,x_price,same-day,42.3,1,42.3,1,66.4,1,44.5,1,0.49683,0.48894,0.50534,1.0319,0.99527,0.5995,0.57363,0.62992,1.7387,0.69697,0.50159,0.48353,0.50869,0.5118,0.5995,0.10267,0.074964,0.13277,False,True
all,x_vol20,same-day,1006.9,1,442,1,1940.8,1,446.4,1,0.60414,0.5948,0.61325,1.6181,0.57351,0.67461,0.65968,0.69166,2.0086,0.31727,0.59835,0.60268,0.60984,0.6355,0.67461,0.070469,0.052326,0.090186,False,True
fresh,f_r1,same-day,0.0029283,0.99917,0,0.99861,0.0022177,0.9997,0,0.99876,0.54532,0.52763,0.55959,1.8437,1.348,0.52715,0.50728,0.54579,1.7539,1.4437,0.58446,0.52067,0.54496,0.57681,0.52715,-0.018162,-0.045228,0.008903,False,False
fresh,f_r3,same-day,0.011078,0.99909,0,0.99858,0.010417,0.99985,-0.0025,0.99872,0.5818,0.56173,0.59805,2.0606,1.1718,0.562,0.52658,0.59195,1.9713,1.2756,0.61815,0.56989,0.56936,0.60944,0.562,-0.019795,-0.059215,0.018013,False,False
fresh,f_r5,same-day,0.016949,0.99884,0,0.99858,0.01651,0.99985,-0.0032154,0.99869,0.59518,0.57557,0.61244,2.1346,1.1132,0.57369,0.53139,0.6063,2.0515,1.221,0.63218,0.5918,0.57289,0.6147,0.57369,-0.021489,-0.067673,0.017867,False,False
fresh,f_r10,same-day,0.030303,0.99917,0,0.99859,0.028571,1,-0.0042194,0.99872,0.61144,0.5909,0.62978,2.2212,1.0421,0.59249,0.54732,0.62401,2.1471,1.128,0.65125,0.60233,0.59354,0.63475,0.59249,-0.018955,-0.065519,0.020605,False,False
fresh,f_r20,same-day,0.053829,0.9986,0,0.99868,0.059081,0.9991,-0.0046512,0.99882,0.62896,0.60783,0.64784,2.3446,0.95002,0.62149,0.57113,0.65938,2.3393,1.0018,0.66567,0.63159,0.60028,0.65589,0.62149,-0.00747,-0.061874,0.036603,False,False
fresh,f_r60,same-day,0.11416,0.99901,0.0055046,0.9988,0.1534,0.9991,-0.0030433,0.99881,0.63795,0.62024,0.65269,2.3794,0.89572,0.64782,0.60776,0.6808,2.4602,0.88007,0.67868,0.66054,0.58449,0.64797,0.64782,0.0098676,-0.033073,0.044993,False,False
fresh,f_r120,same-day,0.17493,0.9986,0.01669,0.99855,0.3249,0.99805,0.0065445,0.9982,0.63251,0.61546,0.64817,2.2952,0.89232,0.69096,0.67147,0.70923,2.687,0.6734,0.67139,0.66914,0.56497,0.61404,0.69096,0.058445,0.033038,0.084404,False,True
fresh,f_pos20,same-day,0.60104,0.99884,0.4382,0.99879,0.5611,0.9997,0.4,0.99888,0.59579,0.57517,0.61313,1.691,0.75482,0.60658,0.57572,0.63305,1.7287,0.69023,0.62684,0.59487,0.575,0.6393,0.60658,0.01079,-0.026894,0.045278,False,False
fresh,f_dist_hi20,same-day,-0.070961,0.99884,-0.056367,0.99879,-0.096833,0.9997,-0.071984,0.99888,0.41758,0.40378,0.42942,0.73769,1.5622,0.40313,0.37277,0.42725,0.67528,1.6448,0.43613,0.40693,0.41629,0.45467,0.40313,-0.014446,-0.048061,0.013956,False,False
fresh,f_pos60,same-day,0.61611,1,0.44966,1,0.58879,1,0.38616,1,0.60774,0.59123,0.62314,1.8356,0.73852,0.63336,0.59875,0.66213,1.9284,0.57935,0.63905,0.619,0.57337,0.64244,0.63336,0.025615,-0.011993,0.058203,False,False
fresh,f_dist_hi60,same-day,-0.11154,1,-0.10085,1,-0.14665,1,-0.12654,1,0.45704,0.44103,0.47112,0.91806,1.4028,0.44472,0.40537,0.47521,0.87398,1.46,0.47974,0.45054,0.44827,0.49593,0.44472,-0.01232,-0.05401,0.021586,False,False
fresh,f_pos120,same-day,0.61392,1,0.45643,1,0.59631,1,0.37755,1,0.60339,0.58776,0.61715,1.8206,0.75516,0.65323,0.62845,0.67528,2.035,0.50031,0.63104,0.62498,0.56021,0.61767,0.65323,0.049838,0.022799,0.075857,False,True
fresh,f_dist_hi120,same-day,-0.1486,1,-0.14145,1,-0.1775,1,-0.17136,1,0.4746,0.4582,0.48929,1.0491,1.344,0.47475,0.43583,0.5054,1.0478,1.2848,0.50102,0.47375,0.45699,0.50735,0.47475,0.00014876,-0.03929,0.034427,False,False
fresh,f_dist_hi240,same-day,-0.19575,0.97324,-0.18994,0.96383,-0.20744,0.99505,-0.22425,0.99585,0.48621,0.47133,0.50027,1.1336,1.2968,0.51612,0.47773,0.54679,1.2903,1.1172,0.51292,0.49684,0.45734,0.49818,0.51612,0.029908,-0.010332,0.064186,False,False
fresh,f_brk20,same-day,0,1,0,1,0,1,0,1,0.55158,0.54588,0.55772,2.1817,,0.53803,0.52866,0.54684,2.0366,,0.56859,0.54948,0.54196,0.56159,0.53803,-0.013554,-0.024496,-0.0029982,False,True
fresh,f_brk60,same-day,0,1,0,1,0,1,0,1,0.5426,0.53744,0.5475,2.7711,,0.52998,0.522,0.53749,2.531,,0.55888,0.54,0.53403,0.5503,0.52998,-0.012619,-0.022076,-0.003484,False,True
fresh,f_range20,same-day,0.21923,0.98612,0.12342,0.97976,0.29041,0.9934,0.15201,0.98213,0.74288,0.73629,0.74998,2.6551,0.18107,0.75908,0.74229,0.77579,2.7387,0.10892,0.7433,0.7512,0.73328,0.73242,0.75908,0.016205,-0.0026235,0.035147,False,False
fresh,f_range60,same-day,0.37304,1,0.23169,1,0.47292,1,0.27318,1,0.72781,0.72044,0.73556,2.4574,0.17775,0.74602,0.7282,0.76448,2.5724,0.12151,0.73339,0.73415,0.71692,0.71058,0.74602,0.018213,-0.001444,0.038882,False,False
fresh,f_c_ma5,same-day,0.0074938,0.99967,-0.00058962,0.99965,0.0064835,1,-0.0017825,0.99967,0.58855,0.56812,0.60504,2.1304,1.1444,0.56376,0.52794,0.59452,1.9849,1.2621,0.62954,0.57347,0.57637,0.6192,0.56376,-0.024793,-0.064709,0.014041,False,False
fresh,f_c_ma10,same-day,0.015038,0.99884,-0.00070302,0.99851,0.013394,0.99955,-0.0029457,0.9986,0.61013,0.58771,0.6288,2.2518,1.0583,0.58663,0.5434,0.61828,2.1154,1.1801,0.65123,0.60131,0.59097,0.63973,0.58663,-0.023507,-0.071667,0.015886,False,False
fresh,f_c_ma20,same-day,0.027304,0.99884,-0.00083822,0.99879,0.027081,0.9997,-0.0040842,0.99888,0.6275,0.60424,0.64793,2.3474,0.97932,0.61131,0.56407,0.64489,2.29,1.0581,0.67284,0.62084,0.603,0.65649,0.61131,-0.016189,-0.06769,0.026275,False,False
fresh,f_c_ma60,same-day,0.06219,1,-0.00042079,1,0.077041,1,-0.006074,1,0.64624,0.62523,0.66424,2.4883,0.90106,0.64404,0.59132,0.68292,2.4809,0.89463,0.69018,0.66216,0.59785,0.66225,0.64404,-0.0021921,-0.057813,0.041183,False,False
fresh,f_c_ma120,same-day,0.10085,1,0.0026784,1,0.13519,1,-0.0053745,1,0.64693,0.62791,0.66293,2.4862,0.89814,0.67171,0.6359,0.69981,2.6216,0.77133,0.69128,0.6746,0.58532,0.65203,0.67171,0.024778,-0.01456,0.058247,False,False
fresh,f_ma20_slope5,same-day,0.010531,0.99827,0,0.99832,0.01342,0.9997,-0.0010321,0.99847,0.61835,0.60044,0.63495,2.2278,0.96439,0.61749,0.56866,0.65274,2.2997,1.0028,0.64786,0.62753,0.58746,0.6402,0.61749,-0.00085499,-0.050709,0.039482,False,False
fresh,f_ma60_slope10,same-day,0.014852,1,0.0010241,1,0.022194,1,-0.00034852,1,0.61857,0.60209,0.63239,2.2328,0.9673,0.64114,0.60471,0.6725,2.4174,0.89921,0.65365,0.64601,0.56372,0.623,0.64114,0.022573,-0.015173,0.057032,False,False
fresh,f_ma5_ma20,same-day,0.017214,0.99868,-0.00029797,0.9986,0.018431,0.9997,-0.0027069,0.99874,0.60901,0.58925,0.6273,2.1763,1.0204,0.59922,0.55367,0.63314,2.2036,1.075,0.64124,0.6118,0.5833,0.62974,0.59922,-0.009793,-0.058341,0.029882,False,False
fresh,f_ma20_ma60,same-day,0.026556,0.99884,0.00042871,0.99879,0.041822,0.9997,-0.002311,0.99888,0.60686,0.58979,0.62035,2.1444,0.99351,0.6229,0.58192,0.65719,2.2803,0.96217,0.63781,0.63313,0.55617,0.60944,0.6229,0.016039,-0.028556,0.052667,False,False
fresh,f_ma60_ma120,same-day,0.029205,1,0.0034803,1,0.058725,1,-0.00045294,1,0.58877,0.57366,0.60295,1.9615,1.0182,0.64917,0.61928,0.67839,2.393,0.82984,0.62284,0.61798,0.53268,0.57775,0.64917,0.060401,0.027709,0.0948,False,True
fresh,f_ma_tight,same-day,0.042982,0.99983,0.021353,0.99984,0.056321,1,0.025523,0.99982,0.68516,0.67805,0.69243,2.3282,0.41101,0.70827,0.69175,0.72493,2.4165,0.2845,0.68805,0.69702,0.67007,0.67365,0.70827,0.023112,0.00385,0.041304,False,True
fresh,f_ma_tight4,same-day,0.1036,1,0.050423,1,0.13183,1,0.059142,1,0.70378,0.69651,0.71112,2.4475,0.33308,0.72091,0.70248,0.73959,2.5095,0.23103,0.71284,0.71091,0.68957,0.68908,0.72091,0.017126,-0.0028197,0.036778,False,False
fresh,f_n_above_ma,same-day,4,1,2,1,3,1,2,1,0.62905,0.61719,0.64034,1.8754,0.5424,0.63935,0.61539,0.65879,1.8511,0.43839,0.64446,0.63769,0.60871,0.6549,0.63935,0.010304,-0.01655,0.033551,False,False
fresh,f_bull_align,same-day,0,1,0,1,0,1,0,1,0.57693,0.56982,0.58408,1.8321,0.61801,0.57428,0.55648,0.59059,1.8271,,0.58002,0.58623,0.56453,0.58308,0.57428,-0.0026536,-0.022098,0.013894,False,False
fresh,f_atr14,same-day,0.042628,0.9995,0.025604,0.99942,0.059467,1,0.032519,0.99945,0.75828,0.75093,0.76594,2.7811,0.13311,0.77713,0.75866,0.79745,2.9526,0.086086,0.75951,0.76502,0.74999,0.75001,0.77713,0.018853,-0.0018001,0.041707,False,False
fresh,f_bbw,same-day,0.20024,0.99884,0.10541,0.99879,0.27093,0.9997,0.12818,0.99888,0.73096,0.72418,0.73825,2.565,0.21453,0.75551,0.73851,0.77257,2.7409,0.13483,0.73337,0.74137,0.71779,0.7207,0.75551,0.024548,0.005855,0.043854,False,True
fresh,f_bb_pctb,same-day,0.68158,0.99884,0.4876,0.99879,0.62688,0.9997,0.44844,0.99888,0.62273,0.60858,0.63597,1.9175,0.66136,0.62058,0.59291,0.64384,1.7744,0.59076,0.64894,0.62604,0.60067,0.65159,0.62058,-0.0021499,-0.032625,0.025632,False,False
fresh,f_bbw_rank120,same-day,0.64706,1,0.46218,1,0.68908,1,0.52941,1,0.5957,0.58288,0.60776,1.6767,0.70858,0.5879,0.57627,0.59919,1.4425,0.61755,0.61418,0.60105,0.57683,0.60181,0.5879,-0.0077965,-0.024758,0.010264,False,False
fresh,f_vol10,same-day,0.029882,0.99331,0.015705,0.98914,0.041425,0.99745,0.019969,0.9902,0.74189,0.73414,0.74976,2.6675,0.1872,0.76692,0.74811,0.7868,2.8721,0.11216,0.7502,0.75092,0.72601,0.73048,0.76692,0.025036,0.0045856,0.047397,False,True
fresh,f_vol60,same-day,0.030496,1,0.019947,1,0.040065,1,0.023691,1,0.74553,0.7384,0.75231,2.633,0.15518,0.77239,0.75343,0.79228,2.897,0.10379,0.74923,0.75002,0.73798,0.73561,0.77239,0.026865,0.0064458,0.049337,False,True
fresh,f_vol_ratio_10_60,same-day,1.0119,0.99331,0.84578,0.98914,1.0337,0.99745,0.89648,0.9902,0.58517,0.56845,0.60041,1.6145,0.7427,0.58917,0.5727,0.60375,1.3683,0.55127,0.59706,0.58027,0.58218,0.59051,0.58917,0.004009,-0.017251,0.025569,False,False
fresh,f_body,same-day,0,0.99917,-0.0019455,0.99861,-0.002265,0.9997,-0.0028986,0.99876,0.51663,0.50129,0.52939,1.6673,1.4635,0.50533,0.48844,0.52069,1.6123,1.5198,0.54901,0.49487,0.51786,0.54626,0.50533,-0.011303,-0.033848,0.011144,False,False
fresh,f_upper_shadow,same-day,0.0097614,0.99917,0.004,0.99861,0.012558,0.9997,0.0045147,0.99876,0.64906,0.64292,0.65523,2.1991,0.63816,0.66335,0.64965,0.67998,2.2334,0.55305,0.65821,0.64861,0.64314,0.64797,0.66335,0.014289,-0.0011349,0.031625,False,False
fresh,f_lower_shadow,same-day,0.0063694,0.99917,0.0034305,0.99861,0.009009,0.9997,0.0048544,0.99876,0.60084,0.5933,0.60841,1.8863,0.81638,0.61205,0.59743,0.62483,1.904,0.74381,0.60679,0.60577,0.59123,0.60822,0.61205,0.011214,-0.004739,0.025957,False,False
fresh,f_close_pos,same-day,0.42105,0.99694,0.4,0.99287,0.42188,0.99625,0.41667,0.99321,0.51127,0.49763,0.52236,1.015,0.88417,0.49885,0.48419,0.51317,0.91904,0.91434,0.53509,0.50039,0.50657,0.53346,0.49885,-0.01242,-0.030783,0.0067002,False,False
fresh,f_day_range,same-day,0.041739,0.99917,0.020873,0.99861,0.054098,0.9997,0.026667,0.99876,0.75127,0.74414,0.75833,2.7944,0.21117,0.7619,0.74755,0.77835,2.8423,0.14514,0.76501,0.76132,0.73055,0.74474,0.7619,0.010626,-0.0050327,0.028667,False,False
fresh,f_gap,same-day,0.0035461,0.99917,0,0.99861,0.0039435,0.9997,0,0.99876,0.56332,0.55466,0.57137,1.6905,1.0775,0.55047,0.52578,0.57221,1.6167,1.1414,0.56701,0.56084,0.56345,0.56975,0.55047,-0.012848,-0.038306,0.011213,False,False
fresh,f_up_days5,same-day,3,0.99612,2,0.99356,3,0.9982,2,0.99423,0.57518,0.5625,0.58672,1.5496,0.71253,0.5818,0.56417,0.59703,1.4832,0.63699,0.59158,0.57502,0.56378,0.59825,0.5818,0.0066271,-0.013272,0.027561,False,False
fresh,f_up_streak,same-day,1,1,0,1,1,1,0,1,0.55637,0.54507,0.56644,1.4876,0.83375,0.5467,0.53611,0.55678,1.3966,1.0217,0.57971,0.54259,0.55516,0.58217,0.5467,-0.0096713,-0.025198,0.0060857,False,False
fresh,f_n_lu_20,same-day,0,1,0,1,1,1,0,1,0.65493,0.64783,0.66151,3.1588,0.95887,0.69451,0.67747,0.70912,2.7052,,0.64404,0.67091,0.64499,0.64801,0.69451,0.039583,0.021378,0.055855,False,True
fresh,f_n_lu_60,same-day,1,1,0,1,3,1,0,1,0.7056,0.69871,0.71246,2.7676,0.44087,0.73483,0.71708,0.75212,2.8078,,0.7042,0.72127,0.68933,0.68848,0.73483,0.029225,0.010348,0.049189,False,True
fresh,f_n_lu_250,same-day,5,1,1,1,8,1,3,1,0.73096,0.72461,0.73761,2.5533,0.23928,0.75055,0.73509,0.7679,2.6354,0.12774,0.72715,0.73744,0.72652,0.72099,0.75055,0.019588,0.0020984,0.038411,False,True
fresh,f_days_since_lu,same-day,24,1,108,1,13,1,70,1,0.26702,0.25915,0.27615,0.22812,2.6286,0.25458,0.24149,0.26827,0.11802,2.626,0.26316,0.24814,0.29052,0.27533,0.25458,-0.012436,-0.029387,0.0049547,False,False
fresh,f_vr5,same-day,0.98131,0.9995,0.832,0.99946,0.97082,1,0.84834,0.99949,0.57027,0.56284,0.57795,1.6278,0.87567,0.56635,0.55355,0.57921,1.4686,0.7903,0.59117,0.56361,0.56292,0.57409,0.56635,-0.0039203,-0.018064,0.010914,False,False
fresh,f_vr20,same-day,0.99585,0.99992,0.73442,0.99982,0.96025,0.99985,0.75661,0.99976,0.59952,0.59065,0.60848,1.8513,0.81046,0.58266,0.56895,0.59785,1.6682,0.84443,0.62156,0.59047,0.59401,0.60911,0.58266,-0.016862,-0.032546,0.00071789,False,False
fresh,f_v5_20,same-day,1.0431,0.99959,0.89035,0.99951,1.0071,0.99985,0.90196,0.99949,0.58023,0.56856,0.59169,1.7916,0.94599,0.55911,0.54468,0.57423,1.5463,0.96814,0.59227,0.57656,0.57582,0.57991,0.55911,-0.021121,-0.040083,-0.0020159,False,True
fresh,f_v_dryup5,same-day,0.43992,0.99959,0.44128,0.99951,0.49999,0.99985,0.46947,0.99949,0.50431,0.49485,0.51418,1.2131,1.139,0.53088,0.51748,0.54511,1.3308,1.0019,0.50901,0.49546,0.51075,0.5206,0.53088,0.026575,0.011353,0.042844,False,True
fresh,f_v_rank120,same-day,0.76471,1,0.46218,1,0.70588,1,0.5042,1,0.67241,0.66075,0.68302,2.2324,0.46047,0.62939,0.61806,0.64248,1.8174,0.55588,0.6968,0.67487,0.65258,0.6778,0.62939,-0.043015,-0.058253,-0.024883,False,True
fresh,f_log_tv20,same-day,4.7112,0.99992,4.2745,0.99984,5.2566,0.99985,4.2891,0.99978,0.59315,0.58327,0.60367,1.5534,0.67722,0.68731,0.66733,0.70967,2.2523,0.39409,0.58486,0.5898,0.60265,0.62733,0.68731,0.094163,0.070247,0.11895,False,True
fresh,f_obv_slope20,same-day,0.15233,0.99851,0.030364,0.99852,0.10127,0.99895,-0.0043061,0.9986,0.61109,0.60233,0.61989,1.7733,0.64625,0.59811,0.57189,0.62123,1.594,0.64857,0.62345,0.60934,0.60434,0.63251,0.59811,-0.012982,-0.039768,0.010899,False,False
fresh,f_updown_vol20,same-day,1.3751,0.99983,1.0679,0.99981,1.2342,0.99985,0.99063,0.99973,0.60876,0.59999,0.6175,1.7217,0.62257,0.59733,0.57198,0.62021,1.5454,0.61025,0.619,0.60769,0.60276,0.63056,0.59733,-0.011431,-0.03745,0.011669,False,False
fresh,f_pv_up_surge,same-day,0,1,0,1,0,1,0,1,0.5539,0.54793,0.55964,2.0836,,0.537,0.53092,0.54355,1.8196,,0.57508,0.54239,0.5517,0.56195,0.537,-0.0169,-0.025948,-0.0076968,False,True
fresh,f_macd_dif,same-day,0.012585,1,-0.00018726,1,0.015904,1,-0.0015767,1,0.63017,0.61084,0.64732,2.3471,0.92521,0.63076,0.58063,0.66824,2.3654,0.92976,0.66715,0.64593,0.58686,0.64658,0.63076,0.00058185,-0.051803,0.041881,False,False
fresh,f_macd_hist,same-day,0.002422,1,4.2836e-05,1,0.0017457,1,-0.00010423,1,0.5814,0.56059,0.59856,2.0181,1.1486,0.55248,0.51324,0.58438,1.8897,1.3173,0.59814,0.56809,0.58431,0.60292,0.55248,-0.028925,-0.0707,0.0077952,False,False
fresh,f_macd_hist_d1,same-day,0.00028267,1,-2.2139e-05,1,0.00018227,1,-6.2748e-05,1,0.53979,0.52343,0.55292,1.7925,1.3465,0.52117,0.49554,0.54681,1.7058,1.4654,0.56994,0.52159,0.53867,0.55779,0.52117,-0.018618,-0.049577,0.011618,False,False
fresh,f_macd_hist_d3,same-day,0.00088625,1,4.6213e-06,1,0.00065126,1,-8.895e-05,1,0.54521,0.53145,0.5573,1.7913,1.3041,0.5249,0.49562,0.5543,1.7066,1.4537,0.56096,0.54203,0.53764,0.55172,0.5249,-0.020304,-0.052382,0.013019,False,False
fresh,f_macd_dif_pos,same-day,1,1,0,1,1,1,0,1,0.58386,0.57507,0.59182,1.6067,0.59434,0.59668,0.57324,0.61661,1.5107,0.52105,0.58626,0.59388,0.57113,0.60058,0.59668,0.012824,-0.011827,0.035383,False,False
fresh,f_macd_hist_pos,same-day,1,1,1,1,1,1,0,1,0.55381,0.54644,0.5621,1.3856,0.84399,0.54012,0.52585,0.55441,1.3038,0.70822,0.55966,0.55385,0.54966,0.56304,0.54012,-0.013693,-0.030891,0.0021907,False,False
fresh,f_macd_gold3,same-day,0,1,0,1,0,1,0,1,0.51148,0.50804,0.51496,1.1913,,0.50486,0.4992,0.51171,1.1043,,0.51638,0.50834,0.51151,0.51522,0.50486,-0.0066198,-0.013223,0.0007921,False,False
fresh,f_macd_gold10,same-day,0,1,0,1,0,1,0,1,0.51086,0.50509,0.51732,1.1492,1.251,0.50299,0.49218,0.51393,1.0233,0.71195,0.52162,0.50444,0.51038,0.51009,0.50299,-0.007874,-0.020008,0.0042069,False,False
fresh,f_kd_k,same-day,54.916,1,44.579,1,52.203,1,42.265,1,0.57389,0.5571,0.58974,1.5726,0.82492,0.58456,0.55393,0.61036,1.5892,0.72961,0.59329,0.58108,0.55237,0.60651,0.58456,0.010662,-0.023541,0.040708,False,False
fresh,f_kd_d,same-day,51.765,1,44.889,1,50.61,1,43.008,1,0.56492,0.55018,0.57981,1.4887,0.8324,0.58326,0.55357,0.61032,1.5335,0.72279,0.57982,0.57627,0.54195,0.59294,0.58326,0.018344,-0.014544,0.048392,False,False
fresh,f_kd_kd,same-day,1.2913,1,-0.25102,1,0.78724,1,-0.55508,1,0.54666,0.53525,0.55728,1.2932,0.84197,0.52991,0.51146,0.54686,1.2088,0.92288,0.56407,0.54083,0.54086,0.56695,0.52991,-0.016753,-0.038234,0.0036659,False,False
fresh,f_kd_gold3,same-day,0,1,0,1,0,1,0,1,0.51283,0.50655,0.5184,1.1257,1.9685,0.50943,0.50247,0.51678,1.0867,1.0101,0.5173,0.50517,0.51814,0.52743,0.50943,-0.0034035,-0.012365,0.0068199,False,False
fresh,f_rsi5,same-day,58.384,1,48.931,1,55.289,1,47.131,1,0.60989,0.59509,0.6234,1.821,0.71197,0.60538,0.58009,0.62591,1.6711,0.61924,0.63751,0.61051,0.58981,0.64218,0.60538,-0.0045067,-0.03402,0.021433,False,False
fresh,f_rsi10,same-day,56.643,1,49.404,1,54.951,1,48.182,1,0.62741,0.61195,0.64139,1.959,0.67383,0.62702,0.59577,0.65253,1.8738,0.57854,0.65154,0.63499,0.60214,0.6571,0.62702,-0.00039492,-0.034079,0.030056,False,False
fresh,f_rsi14,same-day,56.086,1,49.546,1,54.668,1,48.538,1,0.63399,0.61851,0.64799,2.0194,0.66637,0.63602,0.60308,0.66324,1.9407,0.56575,0.6566,0.64533,0.60565,0.66076,0.63602,0.0020224,-0.033802,0.032643,False,False
fresh,f_fgn_1,same-day,0.0075246,0.96804,-0.0037427,0.96124,0.0045839,0.99175,0,0.97642,0.53595,0.52884,0.54386,1.1001,0.78883,0.51051,0.49795,0.52279,0.99466,0.92364,0.54476,0.53593,0.53002,0.53767,0.51051,-0.025443,-0.040058,-0.010409,False,True
fresh,f_trust_1,same-day,0,0.96804,0,0.96124,0,0.99175,0,0.97642,0.52148,0.51626,0.52657,1.0694,0.59065,0.52901,0.52108,0.53634,1.9175,1.0997,0.53027,0.50951,0.52885,0.53387,0.52901,0.0075252,-0.001788,0.016483,False,False
fresh,f_fgn_5,same-day,0.020156,0.95589,-0.011869,0.95062,0.021483,0.98875,0,0.97104,0.53369,0.52592,0.54185,0.88418,0.58162,0.51719,0.50341,0.53145,0.8717,0.72409,0.54288,0.53781,0.52299,0.53839,0.51719,-0.016499,-0.032128,-0.00052464,False,True
fresh,f_trust_5,same-day,0,0.95589,0,0.95062,0,0.98875,0,0.97104,0.52174,0.51605,0.52729,0.98859,0.63838,0.52808,0.51917,0.53653,1.7105,1.093,0.52823,0.51151,0.5288,0.53822,0.52808,0.0063422,-0.0041309,0.016049,False,False
fresh,f_fgn_20,same-day,0.046246,0.94202,-0.045003,0.94141,0.050936,0.98499,0.0013508,0.96455,0.54324,0.53511,0.55138,0.73895,0.4127,0.52316,0.50695,0.53876,0.79642,0.5668,0.543,0.54245,0.54426,0.55323,0.52316,-0.020078,-0.039026,-0.0024261,False,True
fresh,f_trust_20,same-day,0,0.94202,0,0.94141,0,0.98499,0,0.96455,0.52087,0.51465,0.52698,0.9605,0.65063,0.52952,0.5208,0.53842,1.5234,1.0547,0.53001,0.51137,0.5254,0.53658,0.52952,0.0086471,-0.0016841,0.019555,False,False
fresh,f_trust_streak,same-day,0,0.96804,0,0.96134,0,0.9919,0,0.97662,0.50273,0.49839,0.50714,1.0822,,0.53438,0.52591,0.54284,1.9176,,0.51343,0.48973,0.50996,0.51838,0.53438,0.031646,0.021758,0.041086,False,True
fresh,f_fgn_streak,same-day,1,0.96804,0,0.96134,1,0.9919,0,0.97662,0.5296,0.52299,0.53714,1.1277,0.86789,0.51424,0.50372,0.52404,1.0675,1.0556,0.53621,0.52864,0.52619,0.53464,0.51424,-0.015357,-0.028064,-0.0034993,False,True
fresh,f_inst_pct_v1,same-day,0.010341,0.96804,-0.0059524,0.96134,0.007015,0.9919,0,0.97662,0.54342,0.53639,0.55113,0.87636,0.50047,0.51666,0.50446,0.529,0.80282,0.65543,0.5512,0.54072,0.54116,0.54939,0.51666,-0.026759,-0.041242,-0.01255,False,True
fresh,f_ml_chg5,same-day,0.0057771,0.83629,-0.0038585,0.90298,0.0017342,0.92377,-0.002457,0.93078,0.57378,0.56161,0.58394,1.8224,0.99407,0.5388,0.51239,0.56027,1.5877,1.1564,0.59212,0.57411,0.56145,0.56191,0.5388,-0.034979,-0.062203,-0.0097822,False,True
fresh,f_ml_chg20,same-day,0.025969,0.83225,-0.016393,0.90097,0.017431,0.92032,-0.012658,0.92773,0.59453,0.58359,0.60459,1.8059,0.81293,0.56424,0.54097,0.58369,1.5853,0.89726,0.61333,0.59198,0.58494,0.59872,0.56424,-0.030288,-0.056618,-0.0070543,False,True
fresh,f_ml_to_v,same-day,1.7029,0.92996,3.1618,0.95199,1.4687,0.98409,2.4379,0.97579,0.39313,0.38673,0.4002,0.59049,1.5462,0.40397,0.3912,0.41698,0.49172,1.2415,0.37078,0.39272,0.40867,0.39316,0.40397,0.01084,-0.0042935,0.025939,False,False
fresh,f_ms_chg5,same-day,0,0.67341,0,0.61545,0,0.74265,-0.027992,0.54637,0.56207,0.55161,0.57096,1.5016,0.79028,0.55056,0.53819,0.56213,1.3823,0.76057,0.57169,0.56361,0.55402,0.55901,0.55056,-0.011511,-0.027869,0.0035368,False,False
fresh,f_ms_to_ml,same-day,0.015924,0.83761,0.0036881,0.90361,0.0079886,0.92392,0.0011539,0.93142,0.64982,0.64256,0.65797,2.025,0.52303,0.68256,0.67016,0.69482,2.1728,0.31071,0.63867,0.6547,0.65187,0.6596,0.68256,0.032738,0.017463,0.047737,False,True
fresh,f_ms_to_v,same-day,0.027178,0.92996,0.01028,0.95199,0.011151,0.98409,0.002189,0.97579,0.5921,0.58532,0.59949,1.5508,0.69749,0.64012,0.62912,0.65085,1.729,0.39729,0.5669,0.59708,0.60375,0.60401,0.64012,0.048014,0.034592,0.060514,False,True
fresh,f_lend_to_v,same-day,0.63659,0.95011,2.2103,0.96544,0.73403,0.98289,2.2008,0.97176,0.29351,0.28604,0.30082,0.33463,2.5456,0.31185,0.29698,0.32757,0.34018,2.2651,0.26843,0.28342,0.32165,0.31645,0.31185,0.018346,0.0016613,0.036529,False,True
fresh,f_lend_chg5,same-day,0,0.94887,0,0.96488,0,0.97749,0,0.96485,0.51313,0.50571,0.52024,0.69734,0.59372,0.48206,0.47053,0.49531,0.7187,0.83991,0.51849,0.50754,0.51554,0.51655,0.48206,-0.031071,-0.045356,-0.016557,False,True
fresh,f_lend_chg20,same-day,0,0.94483,0,0.96309,0,0.98019,0,0.96647,0.51498,0.50913,0.52107,0.57718,0.52818,0.48003,0.4631,0.49758,0.59795,0.73444,0.51233,0.51218,0.51984,0.52365,0.48003,-0.034957,-0.053028,-0.016512,False,True
fresh,f_dt_ratio,same-day,0.38183,0.39613,0.19767,0.51363,0.40441,0.46414,0.2289,0.52325,0.74611,0.73582,0.75558,2.8631,0.28306,0.76516,0.7478,0.78334,2.9143,0.18148,0.75925,0.75545,0.72805,0.74783,0.76516,0.019052,-0.0011999,0.03969,False,False
fresh,f_dt_ratio20,same-day,0.39632,0.3773,0.22669,0.50289,0.3921,0.42917,0.2432,0.51579,0.74714,0.73667,0.75735,2.8121,0.2438,0.76515,0.74536,0.78432,2.8207,0.16365,0.75351,0.75407,0.73605,0.74935,0.76515,0.018015,-0.0043087,0.040203,False,False
fresh,f_rev_yoy,same-day,7.625,0.75989,2.57,0.73534,18.42,0.93502,8.04,0.93208,0.54891,0.54046,0.55659,1.551,1.034,0.5816,0.56605,0.59802,1.5178,0.80219,0.58316,0.53807,0.55355,0.55881,0.5816,0.032693,0.015389,0.05076,False,True
fresh,f_rev_mom,same-day,1.93,0.75989,0.37,0.73534,4.32,0.93502,1.66,0.93208,0.52323,0.51711,0.53054,1.277,1.0318,0.53527,0.5262,0.54481,1.0842,0.80959,0.55544,0.51896,0.52103,0.52305,0.53527,0.012035,0.00027889,0.023471,False,True
fresh,f_rev_yoy_acc,same-day,0.86,0.74486,-0.12,0.70955,3.99,0.93202,1.51,0.92936,0.52072,0.51365,0.52824,1.3455,1.149,0.52807,0.51917,0.53659,1.1674,0.89162,0.52327,0.52235,0.51848,0.53,0.52807,0.0073415,-0.0042903,0.018283,False,False
fresh,f_mkt_r1,day-level,0,1,0,1,0,1,0,1,0.49331,0.47533,0.50936,0.99762,1.0338,0.51784,0.49253,0.54236,1.0536,0.92035,0.50195,0.48608,0.49934,0.49105,0.51784,0.02453,-0.0046878,0.054455,False,False
fresh,f_mkt_r5,day-level,0,1,0,1,0,1,0,1,0.50554,0.48357,0.52311,1.069,1.0169,0.5074,0.47551,0.53633,1.1305,1.1532,0.52014,0.50311,0.50509,0.50495,0.5074,0.0018656,-0.035798,0.038947,False,False
fresh,f_mkt_r20,day-level,0.0068418,1,0.0057727,1,0.016254,1,0.014719,1,0.50163,0.4788,0.52014,1.0357,1.0613,0.51246,0.47386,0.54569,1.1263,1.0627,0.52015,0.50207,0.50409,0.53746,0.51246,0.010834,-0.034256,0.051617,False,False
fresh,f_mkt_breadth_ma20,day-level,0.53635,1,0.5213,1,0.55378,1,0.5509,1,0.50808,0.48545,0.5265,1.0754,1.0116,0.50472,0.46833,0.53988,0.954,0.97556,0.52414,0.50493,0.5172,0.5247,0.50472,-0.00336,-0.045635,0.036864,False,False
fresh,f_mkt_lu_cnt,day-level,15,1,14,1,39.5,1,35,1,0.5375,0.51755,0.55628,1.2121,0.86897,0.54257,0.50918,0.57079,1.2547,0.86063,0.5439,0.50899,0.54087,0.52776,0.54257,0.0050728,-0.033669,0.042413,False,False
fresh,f_mkt_lu_cnt5,day-level,16,1,14.8,1,42,1,36,1,0.56171,0.54389,0.5786,1.3688,0.69005,0.54784,0.51409,0.57697,1.2246,0.84909,0.54973,0.536,0.56733,0.5502,0.54784,-0.013869,-0.052959,0.018972,False,False
fresh,f_mkt_vol_ratio,day-level,0.72913,1,0.71578,1,0.77694,1,0.76587,1,0.53033,0.51128,0.55162,1.2114,0.90266,0.52858,0.49799,0.55908,1.1735,0.85994,0.53768,0.53811,0.5179,0.51753,0.52858,-0.0017466,-0.040556,0.036668,False,False
fresh,f_mkt_near_hi,day-level,0.20255,1,0.20324,1,0.15517,1,0.14627,1,0.49267,0.47008,0.51275,1.0529,1.1158,0.51684,0.48188,0.54949,1.1046,1.0367,0.5305,0.49917,0.49753,0.5324,0.51684,0.024171,-0.019447,0.06451,False,False
fresh,f_rk_r5,same-day,0.70918,0.71083,0.49134,0.55789,0.62515,0.80087,0.48105,0.55094,0.60744,0.58318,0.62764,2.1572,1.0288,0.57442,0.53462,0.60515,1.8963,1.1074,0.64855,0.60022,0.58416,0.62356,0.57442,-0.033019,-0.077562,0.0095196,False,False
fresh,f_rk_r20,same-day,0.77963,0.71083,0.49121,0.55789,0.70984,0.80087,0.48137,0.55094,0.66176,0.63767,0.68136,2.4867,0.74294,0.62604,0.5782,0.66129,2.1789,0.8237,0.69953,0.65794,0.63637,0.68306,0.62604,-0.035724,-0.084684,0.0056621,False,False
fresh,f_rk_r60,same-day,0.78231,0.71066,0.49137,0.55779,0.73134,0.80072,0.48084,0.55084,0.6829,0.66655,0.69663,2.4742,0.61988,0.66009,0.61992,0.68941,2.2924,0.68483,0.71632,0.69642,0.6363,0.68183,0.66009,-0.022808,-0.064322,0.010389,False,False
fresh,f_rk_vr20,same-day,0.66434,0.71083,0.49171,0.55789,0.62107,0.80087,0.48469,0.55094,0.60085,0.58963,0.61209,1.9217,0.86649,0.58157,0.5661,0.59785,1.6993,0.8879,0.62837,0.59031,0.59339,0.60492,0.58157,-0.019271,-0.03792,0.00093422,False,False
fresh,f_rk_log_tv20,same-day,0.58537,0.71083,0.49812,0.55789,0.67384,0.80087,0.487,0.55094,0.55966,0.55093,0.56864,1.3172,0.76691,0.63612,0.61555,0.65768,1.8116,0.49723,0.54886,0.55214,0.5792,0.59645,0.63612,0.076454,0.05247,0.10104,False,True
fresh,f_rs20,same-day,0.03886,0.9986,-0.0090643,0.99868,0.04177,0.9991,-0.017712,0.99882,0.62896,0.60783,0.64784,2.3446,0.95002,0.62149,0.57113,0.65938,2.3393,1.0018,0.66567,0.63159,0.60028,0.65589,0.62149,-0.00747,-0.061874,0.036603,False,False
fresh,f_ind_lu_cnt,same-day,0,0.4651,0,0.57395,1,0.54202,0,0.5757,0.56327,0.55388,0.57379,1.5307,0.36826,0.64642,0.62662,0.66483,2.0766,0.37229,0.56015,0.56423,0.56434,0.59163,0.64642,0.083149,0.062256,0.10432,False,True
fresh,f_ind_lu_share,same-day,0,0.4651,0,0.57395,0.035294,0.54202,0,0.5757,0.55951,0.55042,0.5699,1.4724,0.36826,0.62592,0.60768,0.64323,1.7264,0.37229,0.55881,0.56179,0.55762,0.58073,0.62592,0.066414,0.046353,0.085675,False,True
fresh,f_ind_lu_cnt5,same-day,2,0.4651,1,0.57395,9,0.54202,2,0.5757,0.60435,0.5931,0.61641,1.544,0.58103,0.6777,0.6604,0.69448,2.1886,0.38899,0.59107,0.61459,0.60263,0.636,0.6777,0.073343,0.052787,0.093263,False,True
fresh,f_ind_r5,same-day,0.0090676,0.4651,0.0053851,0.57395,0.013123,0.54202,0.0040963,0.5757,0.54335,0.52953,0.55798,1.2184,0.72287,0.54432,0.50209,0.58574,1.2051,0.85155,0.55786,0.55079,0.52609,0.55086,0.54432,0.00097253,-0.043631,0.044492,False,False
fresh,f_ind_r5_rel,same-day,0.0066592,0.46477,-0.0054745,0.57354,-0.00097391,0.54202,-0.007431,0.5754,0.58328,0.56468,0.60171,2.026,1.1207,0.54774,0.51365,0.5737,1.8704,1.2636,0.61101,0.57839,0.56995,0.60104,0.54774,-0.035543,-0.073932,-0.0011709,False,True
fresh,x_lu_s,same-day,0,1,0,1,0,1,0,1,0.5,0.5,0.5,,,0.5,0.5,0.5,,,0.5,0.5,0.5,0.5,0.5,0,0,0,False,False
fresh,x_oneword_s,same-day,0,1,0,1,0,1,0,1,0.5,0.5,0.5,,,0.5,0.5,0.5,,,0.5,0.5,0.5,0.5,0.5,0,0,0,False,False
fresh,x_close_at_high,same-day,0,1,0,1,0,1,0,1,0.48255,0.48013,0.485,0.63014,,0.4776,0.47343,0.48177,0.52729,,0.4857,0.48373,0.47904,0.48125,0.4776,-0.0049482,-0.0099866,-0.00028444,False,True
fresh,x_lu_streak,same-day,0,1,0,1,0,1,0,1,0.5,0.5,0.5,,,0.5,0.5,0.5,,,0.5,0.5,0.5,0.5,0.5,0,0,0,False,False
fresh,x_price,same-day,43.7,1,42.2,1,66.55,1,44.05,1,0.50645,0.49818,0.51526,1.1041,0.9824,0.60594,0.5808,0.63185,1.7794,0.67219,0.50823,0.49319,0.51978,0.52677,0.60594,0.099495,0.073424,0.12629,False,True
fresh,x_vol20,same-day,1029.8,1,437.4,1,1951.9,1,431.15,1,0.60955,0.60022,0.6187,1.6452,0.55837,0.68065,0.66668,0.696,2.0622,0.30607,0.6026,0.60882,0.61525,0.64267,0.68065,0.071098,0.053439,0.089481,False,True
cont,f_r1,same-day,0.09916,0.99494,0.099138,0.99721,0.099174,0.99915,0.099156,0.99955,0.51606,0.50208,0.53133,1.0558,0.92787,0.50197,0.48787,0.517,1.0354,0.98778,0.52584,0.51224,0.51655,0.50147,0.50197,-0.014095,-0.034728,0.0069789,False,False
cont,f_r3,same-day,0.12593,0.99874,0.11811,0.99819,0.14136,0.99872,0.12393,0.9994,0.51755,0.498,0.53548,1.1665,0.9603,0.54409,0.50928,0.57541,1.4348,0.8909,0.514,0.52291,0.51174,0.53111,0.54409,0.026544,-0.012227,0.063071,False,False
cont,f_r5,same-day,0.14425,0.99905,0.13002,0.99819,0.15743,0.99957,0.13761,0.99925,0.52724,0.514,0.53846,1.1661,0.95569,0.54153,0.49909,0.58026,1.3414,0.84904,0.51348,0.5378,0.51926,0.52686,0.54153,0.014292,-0.029293,0.056362,False,False
cont,f_r10,same-day,0.16825,0.99905,0.15033,0.99877,0.17943,0.99872,0.15457,0.99985,0.53015,0.51462,0.54546,1.1663,0.90178,0.53197,0.5044,0.56122,1.1896,0.93124,0.51403,0.54149,0.52217,0.51831,0.53197,0.0018277,-0.029032,0.034831,False,False
cont,f_r20,same-day,0.215,0.99842,0.17909,0.99926,0.23592,0.99915,0.19565,0.9994,0.53627,0.51797,0.55308,1.2025,0.93978,0.53191,0.49698,0.56441,1.1949,0.8838,0.50758,0.5602,0.51679,0.50338,0.53191,-0.0043557,-0.042798,0.032837,False,False
cont,f_r60,same-day,0.287,0.99842,0.25,0.99819,0.39252,0.99872,0.30292,0.99925,0.52525,0.5019,0.54692,1.1089,1.0009,0.53069,0.50874,0.55339,1.2026,0.90377,0.49305,0.54796,0.50926,0.48735,0.53069,0.0054463,-0.027456,0.038861,False,False
cont,f_r120,same-day,0.34668,0.99652,0.31894,0.99819,0.55356,0.99745,0.50464,0.9994,0.50171,0.48305,0.52128,1.0314,1.0578,0.52127,0.49375,0.55331,1.1105,0.98922,0.49078,0.51704,0.48559,0.4704,0.52127,0.019562,-0.016161,0.057464,False,False
cont,f_pos20,same-day,1,0.99874,1,0.99803,1,0.99957,1,0.99985,0.51561,0.50083,0.52922,0.9973,0.96176,0.52227,0.49512,0.55156,1.1163,0.89704,0.48865,0.53,0.5088,0.51131,0.52227,0.0066577,-0.023687,0.039946,False,False
cont,f_dist_hi20,same-day,0,0.99874,0,0.99803,0,0.99957,0,0.99985,0.51493,0.50003,0.52911,0.94605,0.98434,0.51876,0.48975,0.54986,1.1163,0.87452,0.4876,0.52911,0.5086,0.51043,0.51876,0.003827,-0.028569,0.03782,False,False
cont,f_pos60,same-day,1,1,0.98367,1,0.98327,1,0.88747,1,0.53197,0.51223,0.551,1.0485,0.96319,0.54024,0.51049,0.57122,1.2322,0.85669,0.49504,0.55764,0.51426,0.50536,0.54024,0.0082717,-0.02609,0.044727,False,False
cont,f_dist_hi60,same-day,0,1,-0.0050378,1,-0.0065809,1,-0.040625,1,0.52767,0.51099,0.54255,1.0575,0.90783,0.53176,0.49247,0.56757,1.2382,0.89717,0.49469,0.54763,0.51605,0.50754,0.53176,0.004089,-0.035087,0.043379,False,False
cont,f_pos120,same-day,0.95299,1,0.87885,1,0.92919,1,0.82969,1,0.52711,0.50865,0.544,1.0486,0.97782,0.54916,0.53049,0.57036,1.3211,0.90197,0.49804,0.55115,0.50775,0.49156,0.54916,0.022055,-0.004816,0.049771,False,False
cont,f_dist_hi120,same-day,-0.019334,1,-0.047865,1,-0.034776,1,-0.077744,1,0.52723,0.50999,0.54342,1.037,0.96594,0.53443,0.49794,0.56766,1.2725,0.91019,0.49464,0.55103,0.50999,0.49337,0.53443,0.007196,-0.0288,0.046228,False,False
cont,f_dist_hi240,same-day,-0.057916,0.9804,-0.10188,0.97281,-0.063761,0.99574,-0.11023,0.9952,0.51755,0.5013,0.53283,1.0682,1.0332,0.52777,0.49738,0.55849,1.1737,0.99269,0.49443,0.54974,0.48296,0.47662,0.52777,0.010224,-0.025,0.046,False,False
cont,f_brk20,same-day,1,1,1,1,1,1,1,1,0.5172,0.50519,0.52867,1.443,0.92555,0.52393,0.50919,0.54013,1.059,0.86695,0.49835,0.51841,0.52499,0.51232,0.52393,0.0067262,-0.012699,0.026065,False,False
cont,f_brk60,same-day,1,1,1,1,1,1,0,1,0.53071,0.5177,0.54368,1.0933,0.98562,0.54047,0.52391,0.55986,1.1784,0.98245,0.51559,0.53942,0.52599,0.50812,0.54047,0.0097609,-0.011588,0.03155,False,False
cont,f_range20,same-day,0.2549,0.97756,0.24162,0.98267,0.30827,0.98766,0.29314,0.99369,0.51945,0.50672,0.53245,1.1533,0.89421,0.54364,0.52457,0.56369,1.1777,0.85512,0.51818,0.52214,0.51621,0.5005,0.54364,0.0242,-1.3856e-05,0.047888,False,False
cont,f_range60,same-day,0.36841,1,0.36596,1,0.46173,1,0.44785,1,0.50493,0.48752,0.52306,1.1017,1.0323,0.52257,0.49909,0.55016,1.1219,0.90471,0.49299,0.50863,0.50569,0.49812,0.52257,0.017648,-0.013018,0.052394,False,False
cont,f_c_ma5,same-day,0.092504,0.99968,0.087979,0.99885,0.10098,1,0.091502,0.99985,0.52396,0.50937,0.53863,1.1994,0.98677,0.54856,0.51157,0.58204,1.4064,0.84266,0.51243,0.53026,0.52086,0.53663,0.54856,0.0246,-0.014405,0.060636,False,False
cont,f_c_ma10,same-day,0.12058,0.99874,0.11204,0.99795,0.13216,1,0.11814,0.9997,0.53366,0.51777,0.54781,1.145,0.93631,0.54024,0.49759,0.57944,1.3188,0.85111,0.50637,0.54793,0.52718,0.53519,0.54024,0.0065872,-0.037043,0.04897,False,False
cont,f_c_ma20,same-day,0.15275,0.99874,0.13642,0.99803,0.16763,0.99957,0.14189,0.99985,0.5353,0.51737,0.55259,1.1563,0.91443,0.53841,0.5005,0.57454,1.2553,0.89131,0.50668,0.55205,0.52596,0.5189,0.53841,0.0031169,-0.036607,0.043588,False,False
cont,f_c_ma60,same-day,0.22262,1,0.1876,1,0.27068,1,0.2063,1,0.5361,0.51536,0.55598,1.1817,0.94717,0.53791,0.50055,0.57236,1.2322,0.86946,0.49978,0.56009,0.52045,0.50188,0.53791,0.0018121,-0.039676,0.043911,False,False
cont,f_c_ma120,same-day,0.27065,1,0.23258,1,0.35686,1,0.28058,1,0.52174,0.50003,0.54368,1.1288,1.0303,0.53445,0.51185,0.5575,1.2161,0.92397,0.49517,0.5454,0.50166,0.48326,0.53445,0.012708,-0.019041,0.044836,False,False
cont,f_ma20_slope5,same-day,0.025099,0.99779,0.01979,0.99737,0.031434,0.99872,0.023229,0.99955,0.53192,0.51369,0.54801,1.1624,0.90239,0.52693,0.49502,0.55662,1.1516,0.88974,0.50211,0.55224,0.51802,0.504,0.52693,-0.0049866,-0.041454,0.029673,False,False
cont,f_ma60_slope10,same-day,0.021102,1,0.018538,1,0.033068,1,0.026425,1,0.51693,0.49288,0.54156,1.1038,1.0242,0.5199,0.50108,0.53972,1.125,0.96874,0.48907,0.53418,0.50657,0.48043,0.5199,0.0029672,-0.029493,0.03548,False,False
cont,f_ma5_ma20,same-day,0.050956,0.99874,0.041282,0.99795,0.057336,0.99957,0.044767,0.99985,0.53177,0.51148,0.55359,1.1043,0.89751,0.52844,0.49718,0.55992,1.1407,0.92976,0.50389,0.55165,0.51763,0.50934,0.52844,-0.003324,-0.04057,0.034935,False,False
cont,f_ma20_ma60,same-day,0.040656,0.99874,0.0339,0.99803,0.069252,0.99957,0.050768,0.99985,0.52255,0.50161,0.54269,1.1102,0.9668,0.52254,0.49934,0.54751,1.15,0.85898,0.48284,0.53979,0.51811,0.49248,0.52254,-6.0722e-06,-0.030548,0.033695,False,False
cont,f_ma60_ma120,same-day,0.028815,1,0.031792,1,0.06241,1,0.062127,1,0.48554,0.46599,0.50855,0.94912,1.079,0.5059,0.47861,0.53695,0.96591,0.98581,0.4848,0.49972,0.46588,0.44912,0.5059,0.020355,-0.016553,0.057625,False,False
cont,f_ma_tight,same-day,0.05524,0.99968,0.050185,0.99893,0.068621,1,0.061633,0.99985,0.50657,0.49056,0.52286,1.0791,0.95307,0.53998,0.51968,0.55837,1.1745,0.80857,0.50851,0.5083,0.50316,0.49695,0.53998,0.03341,0.0078271,0.056546,False,True
cont,f_ma_tight4,same-day,0.11692,1,0.10747,1,0.1522,1,0.13403,1,0.52637,0.50897,0.54441,1.1967,0.95301,0.54976,0.52922,0.57161,1.2064,0.81129,0.49987,0.54441,0.51419,0.51044,0.54976,0.023396,-0.005224,0.052288,False,False
cont,f_n_above_ma,same-day,5,1,5,1,5,1,5,1,0.51288,0.49463,0.53263,1.0414,0.9608,0.4995,0.47342,0.52143,0.66046,0.99879,0.49747,0.52186,0.50793,0.48714,0.4995,-0.013383,-0.045583,0.017869,False,False
cont,f_bull_align,same-day,1,1,0,1,1,1,0,1,0.52727,0.51512,0.53951,1.128,1.0714,0.53688,0.51971,0.55761,1.2706,1.0081,0.49721,0.53844,0.52659,0.50667,0.53688,0.0096171,-0.012009,0.032227,False,False
cont,f_atr14,same-day,0.043775,0.99905,0.043005,0.99869,0.056808,1,0.056792,0.99985,0.52351,0.50064,0.54659,1.1462,0.99475,0.53081,0.49752,0.57027,1.1156,0.9377,0.51528,0.52391,0.52708,0.50025,0.53081,0.0072974,-0.034998,0.054222,False,False
cont,f_bbw,same-day,0.27537,0.99874,0.25191,0.99803,0.34255,0.99957,0.31253,0.99985,0.52505,0.51171,0.53877,1.129,0.93563,0.54647,0.52654,0.56498,1.2132,0.82196,0.51419,0.52812,0.52616,0.50051,0.54647,0.021419,-0.002109,0.045115,False,False
cont,f_bb_pctb,same-day,1.1516,0.99874,1.125,0.99803,1.0748,0.99957,1.0421,0.99985,0.53528,0.51457,0.55442,1.106,0.95311,0.52592,0.4953,0.55298,1.1253,0.88589,0.50834,0.54181,0.53959,0.53816,0.52592,-0.0093589,-0.042295,0.026193,False,False
cont,f_bbw_rank120,same-day,0.84034,1,0.78992,1,0.82353,1,0.78151,1,0.53493,0.51769,0.55329,1.1864,0.83559,0.53937,0.51285,0.56534,1.2627,0.85055,0.51311,0.55251,0.52105,0.52732,0.53937,0.0044427,-0.027432,0.035694,False,False
cont,f_vol10,same-day,0.04512,0.98831,0.043551,0.99047,0.051562,0.99362,0.050358,0.997,0.54431,0.5267,0.5618,1.2314,0.90739,0.55001,0.51516,0.59508,1.1275,0.8485,0.5239,0.54989,0.54679,0.53361,0.55001,0.0057097,-0.037027,0.055756,False,False
cont,f_vol60,same-day,0.033309,1,0.033374,1,0.042285,1,0.042121,1,0.51303,0.48941,0.53828,1.0934,1.0688,0.52705,0.49189,0.57325,1.0945,0.89924,0.51868,0.50883,0.51612,0.4892,0.52705,0.014021,-0.033538,0.068273,False,False
cont,f_vol_ratio_10_60,same-day,1.4241,0.98831,1.3764,0.99047,1.281,0.99362,1.259,0.997,0.53296,0.51268,0.55374,1.1748,0.88049,0.52528,0.50336,0.54502,1.0635,0.88359,0.50162,0.54244,0.53548,0.5555,0.52528,-0.0076818,-0.038584,0.01932,False,False
cont,f_body,same-day,0.073529,0.99494,0.079439,0.99721,0.059293,0.99915,0.072789,0.99955,0.43604,0.42013,0.45223,0.90436,1.674,0.40611,0.37555,0.43367,0.93334,1.9087,0.44674,0.43379,0.4338,0.42384,0.40611,-0.029926,-0.063911,0.0014713,False,False
cont,f_upper_shadow,same-day,0,0.99494,0,0.99721,0,0.99915,0,0.99955,0.49987,0.49966,0.5,0,,0.5,0.5,0.5,,,0.49978,0.49981,0.5,0.5,0.5,0.00012858,0,0.00033926,False,False
cont,f_lower_shadow,same-day,0.0033918,0.99494,0.0046729,0.99721,0.003325,0.99915,0.0061162,0.99955,0.46683,0.45104,0.48171,0.97996,1.2797,0.44163,0.42781,0.45819,0.93961,1.4106,0.46694,0.4628,0.47251,0.45489,0.44163,-0.025206,-0.045908,-0.0029838,False,True
cont,f_close_pos,same-day,1,0.86504,1,0.96501,1,0.81617,1,0.93469,0.50045,0.50021,0.50076,,0,0.50007,0.5,0.50024,,0,0.50121,0.50022,0.50037,0.50045,0.50007,-0.00038296,-0.00071877,-8.6143e-05,False,True
cont,f_day_range,same-day,0.082407,0.99494,0.087156,0.99721,0.073594,0.99915,0.083333,0.99955,0.43439,0.4165,0.45461,0.91671,1.6727,0.40442,0.37676,0.43055,0.86712,1.9688,0.43502,0.43145,0.43823,0.41494,0.40442,-0.029971,-0.06403,-7.57e-05,False,True
cont,f_gap,same-day,0.025316,0.99494,0.019417,0.99721,0.039665,0.99915,0.026226,0.99955,0.56404,0.54727,0.58021,1.648,0.91745,0.5941,0.56605,0.62513,1.9292,0.91814,0.55269,0.56675,0.56593,0.57616,0.5941,0.030061,-0.0021342,0.063775,False,False
cont,f_up_days5,same-day,3,0.99083,3,0.9931,3,0.99574,3,0.9979,0.51237,0.4994,0.52394,1.1052,1.0002,0.5456,0.52843,0.5652,1.2655,0.81341,0.50687,0.52536,0.49664,0.50807,0.5456,0.033224,0.013398,0.056819,False,True
cont,f_up_streak,same-day,2,1,2,1,2,1,2,1,0.51073,0.49839,0.52347,1.0884,1.0739,0.53891,0.52533,0.55317,1.3396,0.84611,0.51272,0.51593,0.50239,0.51873,0.53891,0.028175,0.0086076,0.047555,False,True
cont,f_n_lu_20,same-day,2,1,2,1,3,1,2,1,0.5465,0.52725,0.56525,1.2445,0.95872,0.55061,0.53056,0.57132,1.2328,0.824,0.5216,0.55713,0.544,0.52642,0.55061,0.0041151,-0.023813,0.031824,False,False
cont,f_n_lu_60,same-day,3,1,3,1,5,1,4,1,0.53086,0.5091,0.55391,1.1326,0.96124,0.53802,0.51479,0.56522,1.1486,0.78165,0.51973,0.53559,0.52978,0.50547,0.53802,0.0071579,-0.028013,0.043628,False,False
cont,f_n_lu_250,same-day,7,1,6,1,10,1,10,1,0.51483,0.49568,0.53421,1.1144,0.94268,0.52836,0.49923,0.5665,1.0446,0.86347,0.54386,0.49751,0.52472,0.48797,0.52836,0.013526,-0.022835,0.055751,False,False
cont,f_days_since_lu,same-day,0,1,0,1,0,1,0,1,0.5,0.5,0.5,,,0.5,0.5,0.5,,,0.5,0.5,0.5,0.5,0.5,0,0,0,False,False
cont,f_vr5,same-day,2.6095,0.99968,3.0733,0.99877,1.5893,1,1.896,0.99985,0.43374,0.41537,0.45086,0.80768,1.4081,0.42581,0.39942,0.45234,0.81899,1.4939,0.45598,0.43892,0.41525,0.43028,0.42581,-0.0079292,-0.039921,0.024486,False,False
cont,f_vr20,same-day,3.1627,0.99937,3.4673,0.9991,1.7847,1,1.9859,0.99985,0.45914,0.44471,0.4726,0.86357,1.2673,0.44506,0.41555,0.47217,0.8747,1.3383,0.47248,0.47231,0.4338,0.43426,0.44506,-0.01408,-0.046793,0.017488,False,False
cont,f_v5_20,same-day,1.6365,0.99937,1.5543,0.99877,1.298,1,1.2679,0.99985,0.52289,0.50709,0.53591,1.0756,0.95751,0.51808,0.49915,0.53473,1.1341,0.90731,0.50711,0.53941,0.50746,0.49833,0.51808,-0.0048041,-0.026989,0.018774,False,False
cont,f_v_dryup5,same-day,0.41191,0.99937,0.40855,0.99877,0.46559,1,0.47885,0.99985,0.49487,0.48122,0.50793,1.0289,1.0209,0.47665,0.4414,0.50597,1.0115,1.1035,0.49223,0.48513,0.50996,0.49833,0.47665,-0.018219,-0.056467,0.013241,False,False
cont,f_v_rank120,same-day,0.95798,1,0.96639,1,0.90756,1,0.90756,1,0.50257,0.48069,0.52614,0.95097,1.0109,0.47644,0.44379,0.50357,0.88944,1.0793,0.47169,0.52177,0.49096,0.46942,0.47644,-0.026129,-0.061846,0.010759,False,False
cont,f_log_tv20,same-day,4.5469,0.99937,4.8112,0.9991,5.1786,1,5.3093,0.99985,0.4169,0.40005,0.43393,0.62804,1.4723,0.47364,0.43302,0.52333,0.78021,1.2745,0.40661,0.4221,0.41472,0.40062,0.47364,0.056741,0.010446,0.11128,False,True
cont,f_obv_slope20,same-day,0.37371,0.99779,0.35166,0.99836,0.27668,0.99915,0.24936,0.99925,0.51267,0.49665,0.52723,1.1135,1.0253,0.53252,0.50583,0.55824,1.2236,0.87017,0.50988,0.52838,0.49185,0.47286,0.53252,0.019854,-0.010205,0.050406,False,False
cont,f_updown_vol20,same-day,2.2518,0.99937,2.1456,0.99901,1.8038,1,1.6827,0.99985,0.51328,0.49738,0.52773,1.1064,1.0227,0.53267,0.5061,0.55821,1.2288,0.86396,0.50999,0.52934,0.49223,0.47369,0.53267,0.019385,-0.011084,0.050348,False,False
cont,f_pv_up_surge,same-day,1,1,1,1,1,1,1,1,0.46403,0.45324,0.47464,0.51619,1.4229,0.46144,0.44675,0.47584,0.56495,1.2758,0.4801,0.46563,0.45368,0.45561,0.46144,-0.0025912,-0.020232,0.016086,False,False
cont,f_macd_dif,same-day,0.027799,1,0.022237,1,0.034048,1,0.025683,1,0.53251,0.51167,0.55207,1.1351,0.90859,0.52906,0.49416,0.56125,1.1528,0.88023,0.499,0.55705,0.51467,0.49674,0.52906,-0.0034513,-0.043048,0.036944,False,False
cont,f_macd_hist,same-day,0.010667,1,0.0094677,1,0.010452,1,0.009371,1,0.52566,0.51296,0.53813,1.1583,0.92973,0.52677,0.49834,0.55754,1.2847,0.91019,0.51337,0.53294,0.52155,0.525,0.52677,0.0011128,-0.030526,0.035467,False,False
cont,f_macd_hist_d1,same-day,0.0063077,1,0.006149,1,0.0066515,1,0.0062983,1,0.51088,0.49041,0.53011,1.2097,1.0303,0.54245,0.52651,0.56013,1.3215,0.87214,0.51398,0.50796,0.51345,0.54421,0.54245,0.031572,0.0049865,0.059715,False,True
cont,f_macd_hist_d3,same-day,0.0080044,1,0.0075627,1,0.0092405,1,0.0080706,1,0.5139,0.49807,0.52764,1.1372,1.0303,0.53829,0.51215,0.56592,1.3453,0.90745,0.50649,0.51906,0.51034,0.53841,0.53829,0.024394,-0.0036247,0.056319,False,False
cont,f_macd_dif_pos,same-day,1,1,1,1,1,1,1,1,0.52883,0.50943,0.55078,1.636,0.86726,0.52253,0.50906,0.53649,0.5176,0.79375,0.50775,0.53872,0.52545,0.50214,0.52253,-0.0063043,-0.033084,0.01803,False,False
cont,f_macd_hist_pos,same-day,1,1,1,1,1,1,1,1,0.51349,0.50267,0.52647,1.723,0.9043,0.51457,0.50368,0.52596,1.2025,0.91993,0.50314,0.51401,0.51796,0.50656,0.51457,0.0010818,-0.01491,0.016394,False,False
cont,f_macd_gold3,same-day,0,1,0,1,0,1,0,1,0.49754,0.48681,0.50664,1.033,0.97679,0.50328,0.48768,0.51776,1.0832,0.80985,0.49016,0.49738,0.50147,0.49732,0.50328,0.0057384,-0.012025,0.023381,False,False
cont,f_macd_gold10,same-day,1,1,1,1,1,1,1,1,0.50258,0.49155,0.51272,0.94522,0.96702,0.50344,0.49152,0.51494,1.2557,1.0145,0.50335,0.5016,0.50359,0.50768,0.50344,0.00086151,-0.014167,0.016196,False,False
cont,f_kd_k,same-day,73.827,1,71.812,1,73.589,1,70.227,1,0.52016,0.50203,0.5368,1.0484,0.9278,0.53083,0.49704,0.56438,1.2747,0.95464,0.49534,0.54057,0.50381,0.51203,0.53083,0.01067,-0.024839,0.047746,False,False
cont,f_kd_d,same-day,61.882,1,59.093,1,60.515,1,57.905,1,0.52299,0.50247,0.54361,1.0323,0.94134,0.52707,0.50081,0.55566,1.1404,0.95183,0.49386,0.5423,0.51034,0.51196,0.52707,0.0040808,-0.028824,0.037846,False,False
cont,f_kd_kd,same-day,10.627,1,10.693,1,10.512,1,10.559,1,0.49441,0.47557,0.51385,1.0022,1.0182,0.50394,0.47191,0.53302,1.0292,0.86142,0.50858,0.49033,0.49304,0.51181,0.50394,0.0095304,-0.027703,0.045822,False,False
cont,f_kd_gold3,same-day,1,1,1,1,0,1,0,1,0.49967,0.48667,0.51201,0.99355,0.99846,0.48806,0.4748,0.5017,0.97285,1.2174,0.48872,0.4936,0.51375,0.51848,0.48806,-0.01161,-0.030922,0.0074183,False,False
cont,f_rsi5,same-day,84.937,1,83.795,1,81.849,1,79.917,1,0.5242,0.50737,0.54022,1.1583,1.0262,0.5295,0.49189,0.56547,1.2913,0.94063,0.50466,0.54094,0.51038,0.51478,0.5295,0.0053006,-0.035066,0.045885,False,False
cont,f_rsi10,same-day,75.847,1,74.408,1,72.704,1,70.816,1,0.5346,0.51649,0.55245,1.2075,0.95496,0.53911,0.50699,0.57068,1.3148,0.89651,0.49839,0.55563,0.52308,0.51877,0.53911,0.0045099,-0.032703,0.042546,False,False
cont,f_rsi14,same-day,71.818,1,70.378,1,69.284,1,67.083,1,0.53741,0.5194,0.55511,1.1817,0.89905,0.54343,0.51221,0.57401,1.298,0.89107,0.49891,0.55972,0.52523,0.51942,0.54343,0.0060207,-0.029301,0.042014,False,False
cont,f_fgn_1,same-day,0.066315,0.94058,0.081907,0.97749,0.080114,0.9783,0.098822,0.99144,0.47801,0.46264,0.49382,0.81398,0.85344,0.47037,0.45157,0.48862,0.82934,0.92408,0.52051,0.4551,0.48917,0.48809,0.47037,-0.0076329,-0.035451,0.017135,False,False
cont,f_trust_1,same-day,0,0.94058,0,0.97749,0,0.9783,0,0.99144,0.47623,0.46999,0.48226,0.43614,0.67059,0.49122,0.48135,0.50085,0.73522,0.79435,0.48498,0.47719,0.47058,0.47286,0.49122,0.014992,0.0033341,0.026213,False,True
cont,f_fgn_5,same-day,0.12431,0.92035,0.1341,0.95828,0.16909,0.97064,0.16434,0.98994,0.48346,0.47067,0.49683,0.84741,0.94371,0.49538,0.47733,0.51521,0.97446,0.9428,0.49903,0.46758,0.49857,0.50835,0.49538,0.01192,-0.011695,0.036783,False,False
cont,f_trust_5,same-day,0,0.92035,0,0.95828,0,0.97064,0,0.98994,0.49135,0.47879,0.50362,0.54012,0.56741,0.49044,0.47757,0.50172,0.7656,0.88035,0.46622,0.49436,0.49898,0.49181,0.49044,-0.00090939,-0.017848,0.016295,False,False
cont,f_fgn_20,same-day,0.17488,0.90234,0.16665,0.94275,0.25595,0.96255,0.2101,0.98514,0.49405,0.48064,0.50667,0.8598,0.91824,0.5139,0.49616,0.5318,0.97724,0.90804,0.50083,0.48615,0.50211,0.5028,0.5139,0.019858,-0.0018307,0.042768,False,False
cont,f_trust_20,same-day,0,0.90234,0,0.94275,0,0.96255,0,0.98514,0.48768,0.47865,0.49647,0.53094,0.59451,0.49868,0.48818,0.51027,0.83161,0.81195,0.45938,0.48627,0.50213,0.48975,0.49868,0.011002,-0.0021291,0.02519,False,False
cont,f_trust_streak,same-day,0,0.94121,0,0.97799,0,0.9783,0,0.99159,0.46694,0.46059,0.4732,0.43761,,0.48068,0.47043,0.4898,0.73201,,0.4737,0.47221,0.45622,0.45849,0.48068,0.01374,0.0016961,0.024237,False,True
cont,f_fgn_streak,same-day,1,0.94121,1,0.97799,1,0.9783,1,0.99159,0.48506,0.46931,0.50053,0.92203,1.1056,0.47408,0.45792,0.49243,0.91918,1.1328,0.51129,0.4691,0.49451,0.48975,0.47408,-0.010979,-0.034352,0.012238,False,False
cont,f_inst_pct_v1,same-day,0.027191,0.94121,0.033848,0.97799,0.055576,0.9783,0.065497,0.99159,0.47642,0.45714,0.49476,0.83298,0.93184,0.46143,0.44303,0.48056,0.80816,1.0699,0.51563,0.45062,0.49329,0.49142,0.46143,-0.014998,-0.044206,0.013712,False,False
cont,f_ml_chg5,same-day,0.10315,0.77276,0.083234,0.83466,0.064701,0.87957,0.055851,0.92343,0.52007,0.50247,0.53558,1.1381,1.0164,0.53035,0.51373,0.5492,1.275,0.9396,0.48044,0.53441,0.51684,0.50221,0.53035,0.01028,-0.012355,0.033559,False,False
cont,f_ml_chg20,same-day,0.16096,0.76707,0.11787,0.83047,0.11748,0.88,0.085438,0.92058,0.53009,0.50342,0.55469,1.2414,1.0332,0.53164,0.51377,0.55047,1.2616,0.96847,0.47754,0.5585,0.51231,0.48666,0.53164,0.0015571,-0.028167,0.033235,False,False
cont,f_ml_to_v,same-day,1.3965,0.91214,1.6291,0.92821,1.395,0.9766,1.4859,0.98394,0.46577,0.44896,0.48228,0.97165,1.2541,0.47856,0.46495,0.49226,0.93555,1.1867,0.46546,0.46685,0.4644,0.47474,0.47856,0.01279,-0.010002,0.034869,False,False
cont,f_ms_chg5,same-day,1,0.57775,0.78602,0.67318,0.6,0.68213,0.5502,0.74103,0.50077,0.48328,0.52077,1.1251,1.065,0.52041,0.4999,0.53994,1.1523,0.9856,0.49444,0.5061,0.49583,0.49276,0.52041,0.019634,-0.0077104,0.044332,False,False
cont,f_ms_to_ml,same-day,0.036963,0.77434,0.036723,0.83663,0.01629,0.88043,0.014875,0.92434,0.4942,0.47509,0.51444,1.0533,1.1941,0.50923,0.4957,0.52274,1.1033,1.07,0.49346,0.49022,0.50003,0.46337,0.50923,0.015033,-0.0090333,0.040631,False,False
cont,f_ms_to_v,same-day,0.048619,0.91214,0.062247,0.92821,0.021181,0.9766,0.021453,0.98394,0.46791,0.45101,0.48808,0.95883,1.3412,0.4938,0.47711,0.51009,1.0107,1.2218,0.45635,0.46597,0.47594,0.441,0.4938,0.025892,-3.3413e-05,0.050848,False,False
cont,f_lend_to_v,same-day,0.32765,0.92826,0.53144,0.94858,0.48207,0.98085,0.67402,0.98379,0.42141,0.4041,0.44091,0.80958,1.4387,0.43882,0.42156,0.45627,0.76354,1.3838,0.4419,0.41245,0.4244,0.45201,0.43882,0.017406,-0.0084507,0.043907,False,False
cont,f_lend_chg5,same-day,0,0.92636,0.0012369,0.94694,0,0.97745,0,0.98168,0.48789,0.46973,0.50767,0.7698,0.85205,0.49489,0.48028,0.50934,0.80335,0.839,0.48533,0.50322,0.46734,0.45082,0.49489,0.0069991,-0.017225,0.029882,False,False
cont,f_lend_chg20,same-day,0,0.92193,0.0036293,0.94324,0,0.97787,6.9948e-05,0.98093,0.50105,0.48453,0.51516,0.84564,0.86871,0.49707,0.4821,0.51479,0.84717,0.86054,0.50848,0.51244,0.48137,0.46735,0.49707,-0.003974,-0.026254,0.020595,False,False
cont,f_dt_ratio,same-day,0.35442,0.33628,0.3857,0.3977,0.31072,0.3983,0.33075,0.46495,0.41528,0.3906,0.44341,0.72704,1.4624,0.45591,0.43254,0.48613,0.93565,1.3395,0.42098,0.42321,0.40026,0.3951,0.45591,0.040636,0.0036876,0.079128,False,True
cont,f_dt_ratio20,same-day,0.39245,0.311,0.40352,0.37823,0.39672,0.37277,0.38924,0.43012,0.47433,0.44469,0.5006,0.9981,1.2162,0.52858,0.491,0.56864,0.99886,1.0138,0.48589,0.49451,0.4414,0.45274,0.52858,0.05425,0.0082839,0.10353,True,True
cont,f_rev_yoy,same-day,7.73,0.78413,8.925,0.75943,19.57,0.93362,18.8,0.93605,0.49827,0.47964,0.51656,1.043,1.0977,0.50054,0.47164,0.53185,1.0259,1.0353,0.45522,0.51014,0.48751,0.47508,0.50054,0.0022697,-0.031588,0.039277,False,False
cont,f_rev_mom,same-day,3.3,0.78413,2.53,0.75943,4.1,0.93362,4.79,0.93605,0.50353,0.48824,0.51872,1.085,1.0274,0.49635,0.47498,0.51712,1.0764,1.0034,0.4799,0.50711,0.50179,0.49943,0.49635,-0.0071748,-0.034136,0.018385,False,False
cont,f_rev_yoy_acc,same-day,3.08,0.77181,1.73,0.74423,4.91,0.93191,4.405,0.93289,0.51991,0.50614,0.53295,1.176,0.96778,0.51286,0.4919,0.53368,1.0847,0.96085,0.46523,0.53384,0.50689,0.51582,0.51286,-0.0070545,-0.031806,0.01891,False,False
cont,f_mkt_r1,day-level,0.0012049,1,0.0017498,1,0.0043748,1,0.0042891,1,0.47821,0.45858,0.49662,0.87837,1.0503,0.51707,0.48891,0.54491,1.0438,0.85484,0.47919,0.48427,0.47016,0.48022,0.51707,0.038861,0.0041623,0.07166,False,True
cont,f_mkt_r5,day-level,0.0038527,1,0.0043988,1,0.012463,1,0.011261,1,0.4965,0.47793,0.51508,0.95023,0.91036,0.49874,0.46555,0.52722,0.96401,1.0969,0.48156,0.52079,0.48322,0.48979,0.49874,0.0022399,-0.034122,0.035035,False,False
cont,f_mkt_r20,day-level,0.011805,1,0.01118,1,0.024876,1,0.024873,1,0.50655,0.48637,0.52571,0.98389,0.89233,0.50435,0.48151,0.53446,1.0316,0.92586,0.49218,0.53205,0.49507,0.51192,0.50435,-0.0021972,-0.031288,0.03254,False,False
cont,f_mkt_breadth_ma20,day-level,0.56483,1,0.55172,1,0.58058,1,0.58627,1,0.50794,0.48731,0.5285,0.97202,0.867,0.49934,0.47679,0.52161,0.94761,1.0334,0.4878,0.54182,0.49339,0.51727,0.49934,-0.0086018,-0.039461,0.022227,False,False
cont,f_mkt_lu_cnt,day-level,18,1,19,1,54,1,49,1,0.50183,0.47868,0.52294,1.0186,1.081,0.51897,0.49155,0.54494,1.061,1.0948,0.49982,0.48927,0.49749,0.49968,0.51897,0.017136,-0.017644,0.0529,False,False
cont,f_mkt_lu_cnt5,day-level,17.6,1,17,1,46.6,1,44.8,1,0.51733,0.49427,0.53883,1.0588,0.88367,0.49894,0.47382,0.52073,1.0357,1.0935,0.49919,0.49862,0.52524,0.50495,0.49894,-0.018383,-0.051957,0.012528,False,False
cont,f_mkt_vol_ratio,day-level,0.72672,1,0.71999,1,0.80875,1,0.79404,1,0.5051,0.48611,0.52398,1.0764,1.0881,0.51831,0.49809,0.53701,1.1007,0.90806,0.49674,0.50871,0.50897,0.51952,0.51831,0.013213,-0.015747,0.039832,False,False
cont,f_mkt_near_hi,day-level,0.22072,1,0.21154,1,0.18583,1,0.17681,1,0.5202,0.49924,0.54122,1.0768,0.85803,0.52126,0.49405,0.54921,1.0653,1.0383,0.49259,0.54653,0.51863,0.5251,0.52126,0.0010591,-0.032573,0.033144,False,False
cont,f_rk_r5,same-day,0.97004,0.67573,0.96247,0.75943,0.93779,0.78596,0.92423,0.82825,0.53999,0.52436,0.55371,1.2384,0.86812,0.54025,0.49048,0.58786,1.3305,0.82123,0.52632,0.55187,0.52651,0.52943,0.54025,0.00026179,-0.050233,0.049016,False,False
cont,f_rk_r20,same-day,0.94653,0.67573,0.91985,0.75943,0.89479,0.78596,0.86146,0.82825,0.561,0.53923,0.57925,1.3255,0.78445,0.54186,0.50121,0.58089,1.2677,0.76911,0.5161,0.58731,0.53974,0.5127,0.54186,-0.019146,-0.063178,0.025627,False,False
cont,f_rk_r60,same-day,0.91034,0.67541,0.87545,0.75885,0.86746,0.78596,0.82505,0.82795,0.55774,0.53015,0.58456,1.2318,0.78688,0.54688,0.52169,0.57728,1.288,0.81434,0.51234,0.58204,0.54041,0.5012,0.54688,-0.01086,-0.048403,0.032982,False,False
cont,f_rk_vr20,same-day,0.92593,0.67573,0.94137,0.75943,0.81768,0.78596,0.8636,0.82825,0.45016,0.43293,0.46685,0.86264,1.3377,0.42878,0.40067,0.45834,0.80479,1.382,0.47416,0.45701,0.42361,0.41455,0.42878,-0.02138,-0.054594,0.012569,False,False
cont,f_rk_log_tv20,same-day,0.51996,0.67573,0.58817,0.75943,0.65833,0.78596,0.6748,0.82825,0.42827,0.40873,0.44792,0.63494,1.3021,0.49281,0.44576,0.54601,0.75949,1.1398,0.42655,0.43282,0.42102,0.42321,0.49281,0.064537,0.0096368,0.12268,False,True
cont,f_rs20,same-day,0.1976,0.99842,0.16352,0.99926,0.21039,0.99915,0.17197,0.9994,0.53627,0.51797,0.55308,1.2025,0.93978,0.53191,0.49698,0.56441,1.1949,0.8838,0.50758,0.5602,0.51679,0.50338,0.53191,-0.0043557,-0.042798,0.032837,False,False
cont,f_ind_lu_cnt,same-day,1,0.44406,1,0.46489,3,0.51191,3,0.54256,0.50602,0.48574,0.52512,1.0595,1.04,0.50078,0.48026,0.52161,0.96987,1.0308,0.48736,0.50684,0.51341,0.49986,0.50078,-0.0052407,-0.033514,0.023173,False,False
cont,f_ind_lu_share,same-day,0.014286,0.44406,0.014286,0.46489,0.068966,0.51191,0.060606,0.54256,0.51887,0.49307,0.54723,1.1864,1.0347,0.50266,0.48337,0.52159,0.8951,0.99436,0.49085,0.54088,0.50159,0.49826,0.50266,-0.016205,-0.050064,0.014115,False,False
cont,f_ind_lu_cnt5,same-day,3,0.44406,3,0.46489,12,0.51191,12,0.54256,0.50292,0.47692,0.52878,1.0044,1.0925,0.48392,0.46264,0.5034,0.88468,1.0685,0.46754,0.50997,0.50943,0.49436,0.48392,-0.019004,-0.053135,0.015919,False,False
cont,f_ind_r5,same-day,0.017874,0.44406,0.017467,0.46489,0.033067,0.51191,0.032716,0.54256,0.50873,0.47643,0.54768,1.0666,1.0152,0.50065,0.47401,0.52662,1.0292,0.98619,0.4817,0.54154,0.47627,0.47004,0.50065,-0.0080761,-0.059518,0.033363,False,False
cont,f_ind_r5_rel,same-day,0.13107,0.44406,0.10892,0.46415,0.11667,0.51191,0.10237,0.54256,0.53189,0.50999,0.55364,1.1702,0.90855,0.53522,0.48495,0.58412,1.3796,0.9388,0.51135,0.5315,0.54177,0.56344,0.53522,0.0033314,-0.051119,0.058939,False,False
cont,x_lu_s,same-day,1,1,1,1,1,1,1,1,0.5,0.5,0.5,,,0.5,0.5,0.5,,,0.5,0.5,0.5,0.5,0.5,0,0,0,False,False
cont,x_oneword_s,same-day,0,1,0,1,0,1,0,1,0.55292,0.5447,0.56188,3.7685,,0.57124,0.55726,0.58527,2.7955,,0.54351,0.55536,0.5542,0.56363,0.57124,0.018319,0.0014561,0.034324,False,True
cont,x_close_at_high,same-day,1,1,1,1,1,1,1,1,0.50044,0.50021,0.50074,,0,0.50005,0.5,0.50019,,0,0.50113,0.50025,0.50035,0.50043,0.50005,-0.00038201,-0.00070235,-0.00011229,False,True
cont,x_lu_streak,same-day,1,1,1,1,1,1,1,1,0.53135,0.51964,0.54238,1.3854,1.1223,0.54939,0.53806,0.56126,1.4967,0.74591,0.52661,0.53091,0.53434,0.52732,0.54939,0.018043,0.0023402,0.034551,False,True
cont,x_price,same-day,37.55,1,49.4,1,66.1,1,75,1,0.41269,0.39682,0.42955,0.60437,1.3652,0.4692,0.43496,0.51031,0.74738,1.2747,0.4102,0.42017,0.40336,0.39209,0.4692,0.056516,0.015584,0.10383,False,True
cont,x_vol20,same-day,889.05,1,1234.1,1,1934.9,1,2082.2,1,0.45003,0.43154,0.46777,0.80564,1.3475,0.4871,0.45688,0.51974,0.87484,1.2128,0.42862,0.46118,0.44503,0.42934,0.4871,0.037064,0.00045938,0.074077,False,True
