wk,start,days,base,lu_mean,lu_s_mean,year
2023-W02,2023-01-11,3,0.0026708212775428445,4.0,5.0,2023
2023-W03,2023-01-16,2,0.00959079283887468,15.0,7.5,2023
2023-W05,2023-01-30,5,0.009185856297974079,14.6,16.4,2023
2023-W06,2023-02-06,5,0.0073232323232323236,11.6,12.6,2023
2023-W07,2023-02-13,5,0.008428733173984149,13.4,10.8,2023
2023-W08,2023-02-20,5,0.010309278350515464,16.4,19.4,2023
2023-W09,2023-03-01,3,0.013606866234038098,21.666666666666668,16.333333333333332,2023
2023-W10,2023-03-06,5,0.011030333416896465,17.6,20.6,2023
2023-W11,2023-03-13,5,0.0056278139069534765,9.0,7.6,2023
2023-W12,2023-03-20,5,0.013597804391217565,21.8,22.4,2023
2023-W13,2023-03-27,5,0.004105498880318487,6.6,8.0,2023
2023-W14,2023-04-06,2,0.010575427682737169,17.0,11.5,2023
2023-W15,2023-04-10,5,0.016660450080815615,26.8,22.6,2023
2023-W16,2023-04-17,5,0.009916945580761125,16.0,20.6,2023
2023-W17,2023-04-24,5,0.011739990113692535,19.0,17.6,2023
2023-W18,2023-05-02,4,0.009873495834618945,16.0,17.25,2023
2023-W19,2023-05-08,5,0.00749938529628719,12.2,14.2,2023
2023-W20,2023-05-15,5,0.00975609756097561,16.0,13.4,2023
2023-W21,2023-05-22,5,0.013268411442483263,21.8,21.0,2023
2023-W22,2023-05-29,5,0.011773273455516447,19.4,22.2,2023
2023-W23,2023-06-05,5,0.014018126888217523,23.2,22.4,2023
2023-W24,2023-06-12,5,0.013617739214268499,22.6,20.8,2023
2023-W25,2023-06-19,3,0.012660771704180064,21.0,22.666666666666668,2023
2023-W26,2023-06-26,5,0.01131167268351384,18.8,17.6,2023
2023-W27,2023-07-03,5,0.013935607880826525,23.2,23.4,2023
2023-W28,2023-07-10,5,0.01685997847662322,28.2,25.4,2023
2023-W29,2023-07-17,5,0.016207841735192467,27.2,30.6,2023
2023-W30,2023-07-24,5,0.015252621544327931,25.6,27.6,2023
2023-W31,2023-07-31,4,0.008777149657839928,14.75,14.75,2023
2023-W32,2023-08-07,5,0.003337704136369055,5.6,8.8,2023
2023-W33,2023-08-14,5,0.00919732441471572,15.4,12.6,2023
2023-W34,2023-08-21,5,0.008139813263107493,13.6,14.8,2023
2023-W35,2023-08-28,5,0.008024913163253084,13.4,12.4,2023
2023-W36,2023-09-04,5,0.008609350711467177,14.4,14.8,2023
2023-W37,2023-09-11,5,0.008371203061468548,14.0,15.6,2023
2023-W38,2023-09-18,5,0.004318618042226488,7.2,6.6,2023
2023-W39,2023-09-25,4,0.006767935027823733,11.25,9.0,2023
2023-W40,2023-10-02,5,0.008919961427193828,14.8,16.6,2023
2023-W41,2023-10-11,3,0.010631895687061183,17.666666666666668,18.333333333333332,2023
2023-W42,2023-10-16,5,0.0091588334538443,15.2,14.0,2023
2023-W43,2023-10-23,5,0.011707905853952927,19.4,20.4,2023
2023-W44,2023-10-30,5,0.008235436599249121,13.6,12.4,2023
2023-W45,2023-11-06,5,0.007367149758454106,12.2,13.4,2023
2023-W46,2023-11-13,5,0.011842900302114804,19.6,16.2,2023
2023-W47,2023-11-20,5,0.011618056395982089,19.2,20.8,2023
2023-W48,2023-11-27,5,0.016097797143548778,26.6,25.4,2023
2023-W49,2023-12-04,5,0.012341197822141561,20.4,20.2,2023
2023-W50,2023-12-11,5,0.00894800483675937,14.8,18.4,2023
2023-W51,2023-12-18,5,0.005693519079345851,9.4,10.2,2023
2023-W52,2023-12-25,5,0.005920019330675366,9.8,8.2,2023
2024-W01,2024-01-02,4,0.007249660172179429,12.0,13.0,2024
2024-W02,2024-01-08,5,0.011716390868462375,19.4,15.6,2024
2024-W03,2024-01-15,5,0.008938277569754802,14.8,16.8,2024
2024-W04,2024-01-22,5,0.010018105009052505,16.6,16.6,2024
2024-W05,2024-01-29,5,0.011336227689339121,18.8,21.2,2024
2024-W06,2024-02-05,1,0.028933092224231464,48.0,10.0,2024
2024-W07,2024-02-15,2,0.027727546714888487,46.0,48.5,2024
2024-W08,2024-02-19,5,0.019022393450517698,31.6,32.8,2024
2024-W09,2024-02-26,4,0.016834510747031413,28.0,28.5,2024
2024-W10,2024-03-04,5,0.015819750719079578,26.4,28.6,2024
2024-W11,2024-03-11,5,0.011003468484631025,18.4,18.6,2024
2024-W12,2024-03-18,5,0.012540308133285561,21.0,20.4,2024
2024-W13,2024-03-25,5,0.00976074276871801,16.4,17.4,2024
2024-W14,2024-04-01,3,0.015253565768621236,25.666666666666668,21.333333333333332,2024
2024-W15,2024-04-08,5,0.016838610221747895,28.4,31.6,2024
2024-W16,2024-04-15,5,0.015951790145338533,27.0,27.4,2024
2024-W17,2024-04-22,5,0.017852948085506224,30.4,27.8,2024
2024-W18,2024-04-29,4,0.01725650775080433,29.5,29.75,2024
2024-W19,2024-05-06,5,0.012249183387774148,21.0,22.4,2024
2024-W20,2024-05-13,5,0.015119795301232844,26.0,27.0,2024
2024-W21,2024-05-20,5,0.01765594145661517,30.4,26.6,2024
2024-W22,2024-05-27,5,0.02202132591562355,38.0,35.6,2024
2024-W23,2024-06-03,5,0.015035854730511219,26.0,32.2,2024
2024-W24,2024-06-11,4,0.016594516594516596,28.75,24.5,2024
2024-W25,2024-06-17,5,0.015444905486399263,26.8,30.8,2024
2024-W26,2024-06-24,5,0.020103388856978748,35.0,30.6,2024
2024-W27,2024-07-01,5,0.029910611964244785,52.2,49.4,2024
2024-W28,2024-07-08,5,0.019144789636592916,33.4,38.8,2024
2024-W29,2024-07-15,5,0.014429683921209345,25.2,27.2,2024
2024-W30,2024-07-22,3,0.009536524890329964,16.666666666666668,18.333333333333332,2024
2024-W31,2024-07-29,5,0.009614284079203388,16.8,20.0,2024
2024-W32,2024-08-05,5,0.0369864572664163,65.0,58.8,2024
2024-W33,2024-08-12,5,0.017705141300646918,31.2,30.8,2024
2024-W34,2024-08-19,5,0.015017064846416382,26.4,28.4,2024
2024-W35,2024-08-26,5,0.014916875427009793,26.2,28.4,2024
2024-W36,2024-09-02,5,0.010396435507825888,18.2,18.0,2024
2024-W37,2024-09-09,5,0.014942397627466636,26.2,23.0,2024
2024-W38,2024-09-16,4,0.020898493033835654,36.75,34.25,2024
2024-W39,2024-09-23,5,0.0126193724420191,22.2,28.4,2024
2024-W40,2024-09-30,3,0.015761488796050133,27.666666666666668,19.333333333333332,2024
2024-W41,2024-10-07,4,0.012417927490722238,21.75,24.5,2024
2024-W42,2024-10-14,5,0.012431569343065694,21.8,19.8,2024
2024-W43,2024-10-21,5,0.013697066544914965,24.0,27.4,2024
2024-W44,2024-10-28,4,0.01161790017211704,20.25,20.75,2024
2024-W45,2024-11-04,5,0.011122577686045179,19.4,19.8,2024
2024-W46,2024-11-11,5,0.009369287020109689,16.4,16.6,2024
2024-W47,2024-11-18,5,0.01336837294332724,23.4,21.4,2024
2024-W48,2024-11-25,5,0.007921019400757663,13.8,15.0,2024
2024-W49,2024-12-02,5,0.012403813024003675,21.6,23.0,2024
2024-W50,2024-12-09,5,0.005059797608095676,8.8,10.2,2024
2024-W51,2024-12-16,5,0.010934622467771639,19.0,15.0,2024
2024-W52,2024-12-23,5,0.012098167991704113,21.0,24.0,2024
2025-W01,2024-12-30,4,0.0077675489067894135,13.5,12.0,2024
2025-W02,2025-01-06,5,0.006668966310221916,11.6,13.8,2025
2025-W03,2025-01-13,5,0.00910033406289598,15.8,14.8,2025
2025-W04,2025-01-20,3,0.005400192864030858,9.333333333333334,12.0,2025
2025-W06,2025-02-03,5,0.01410893951659535,24.4,21.6,2025
2025-W07,2025-02-10,5,0.01340265742345465,23.2,24.2,2025
2025-W08,2025-02-17,5,0.01191026827012026,20.6,22.0,2025
2025-W09,2025-02-24,4,0.004634322954380883,8.0,9.0,2025
2025-W10,2025-03-03,5,0.006839786691398099,11.8,10.6,2025
2025-W11,2025-03-10,5,0.006015037593984963,10.4,10.6,2025
2025-W12,2025-03-17,5,0.010850744545769364,18.8,17.0,2025
2025-W13,2025-03-24,5,0.007159353348729792,12.4,17.0,2025
2025-W14,2025-03-31,3,0.007508663842895649,13.0,13.333333333333334,2025
2025-W15,2025-04-11,1,0.02420749279538905,42.0,41.0,2025
2025-W16,2025-04-14,5,0.02270893371757925,39.4,45.8,2025
2025-W17,2025-04-21,5,0.022129533078438186,38.2,31.0,2025
2025-W18,2025-04-28,4,0.01971790443293034,34.25,41.5,2025
2025-W19,2025-05-05,5,0.017033030268155138,29.6,25.6,2025
2025-W20,2025-05-12,5,0.012433801519686852,21.6,26.0,2025
2025-W21,2025-05-19,5,0.013805798435342844,24.0,22.8,2025
2025-W22,2025-05-26,4,0.006476683937823834,11.25,16.0,2025
2025-W23,2025-06-02,5,0.010130079429031887,17.6,15.4,2025
2025-W24,2025-06-09,5,0.009887330420786388,17.2,17.2,2025
2025-W25,2025-06-16,5,0.009411224606909217,16.4,16.8,2025
2025-W26,2025-06-23,5,0.011139182361047313,19.4,20.2,2025
2025-W27,2025-06-30,5,0.008637567660946678,15.0,14.0,2025
2025-W28,2025-07-07,5,0.009002770083102494,15.6,16.8,2025
2025-W29,2025-07-14,5,0.009483057707875563,16.4,15.2,2025
2025-W30,2025-07-21,5,0.007381776239907728,12.8,12.6,2025
2025-W31,2025-07-28,5,0.014692272096251735,25.4,21.8,2025
2025-W32,2025-08-04,5,0.016013824884792627,27.8,27.6,2025
2025-W33,2025-08-11,5,0.02610996089256959,45.4,40.0,2025
2025-W34,2025-08-18,5,0.01884191176470588,32.8,37.2,2025
2025-W35,2025-08-25,5,0.022836814321781043,39.8,44.6,2025
2025-W36,2025-09-01,5,0.021146994598322033,36.8,35.0,2025
2025-W37,2025-09-08,5,0.0135259055479138,23.6,25.8,2025
2025-W38,2025-09-15,5,0.015694810402107916,27.4,26.6,2025
2025-W39,2025-09-22,5,0.010920795493734913,19.0,18.2,2025
2025-W40,2025-09-30,4,0.012084592145015106,21.0,22.75,2025
2025-W41,2025-10-07,3,0.012845092024539878,22.333333333333332,22.333333333333332,2025
2025-W42,2025-10-13,5,0.01405368045156088,24.4,21.0,2025
2025-W43,2025-10-20,4,0.013989039515431208,24.25,27.0,2025
2025-W44,2025-10-27,5,0.01047783534830167,18.2,19.2,2025
2025-W45,2025-11-03,5,0.010750202288752746,18.6,19.0,2025
2025-W46,2025-11-10,5,0.01349014181943964,23.4,25.4,2025
2025-W47,2025-11-17,5,0.006683567642313897,11.6,10.0,2025
2025-W48,2025-11-24,5,0.013746101420815525,23.8,24.4,2025
2025-W49,2025-12-01,5,0.013362515839189033,23.2,21.6,2025
2025-W50,2025-12-08,5,0.015303187205154757,26.6,25.6,2025
2025-W51,2025-12-15,5,0.012746899402847955,22.2,22.8,2025
2025-W52,2025-12-22,4,0.013182404355924918,23.0,23.75,2025
2026-W01,2025-12-29,4,0.017724413950829045,31.0,30.0,2025
2026-W02,2026-01-05,5,0.02339114559561844,41.0,36.8,2026
2026-W03,2026-01-12,5,0.030492661281146888,53.6,51.2,2026
2026-W04,2026-01-19,5,0.025611838360842343,45.0,46.6,2026
2026-W05,2026-01-26,5,0.016467915956842702,29.0,37.6,2026
2026-W06,2026-02-02,5,0.018194223334091427,32.0,28.4,2026
2026-W07,2026-02-09,3,0.022100491122024935,39.0,26.333333333333332,2026
2026-W09,2026-02-23,4,0.035779946259369255,63.25,65.25,2026
2026-W10,2026-03-02,5,0.017175141242937852,30.4,40.4,2026
2026-W11,2026-03-09,5,0.03589569928885879,63.6,53.2,2026
2026-W12,2026-03-16,5,0.03084196307969383,54.8,64.2,2026
2026-W13,2026-03-23,5,0.022199684471489744,39.4,35.2,2026
2026-W14,2026-03-30,4,0.021931674398987768,39.0,35.75,2026
2026-W15,2026-04-07,4,0.048883270122208174,87.0,72.5,2026
2026-W16,2026-04-13,5,0.04401881720430108,78.6,78.2,2026
2026-W17,2026-04-20,5,0.03318806570566544,59.4,75.0,2026
2026-W18,2026-04-27,4,0.034771679932970256,62.25,48.75,2026
2026-W19,2026-05-04,5,0.03976829675838253,71.4,70.2,2026
2026-W20,2026-05-11,5,0.03154153709462461,56.8,64.2,2026
2026-W21,2026-05-18,5,0.04667405764966741,84.2,71.6,2026
2026-W22,2026-05-25,5,0.04132140095017125,74.8,77.6,2026
2026-W23,2026-06-01,5,0.03556485355648536,64.6,80.8,2026
2026-W24,2026-06-08,5,0.03801780024173168,69.2,54.6,2026
2026-W25,2026-06-15,4,0.04490524581159022,81.75,78.25,2026
2026-W26,2026-06-22,5,0.01952182496161439,35.6,51.6,2026
2026-W27,2026-06-29,5,0.04303547963206308,78.6,74.0,2026
2026-W28,2026-07-06,4,0.017323693902605374,31.75,35.25,2026
2026-W29,2026-07-13,5,0.013500272182906914,24.8,30.6,2026
2026-W30,2026-07-20,5,0.017549596686287333,32.2,32.2,2026
2026-W31,2026-07-27,5,0.035296688886460495,64.6,46.8,2026
2026-W32,2026-08-03,5,0.03215574756644427,58.8,65.4,2026
2026-W33,2026-08-10,5,0.019400544959128064,35.6,44.2,2026
2026-W34,2026-08-17,5,0.010719754977029096,19.6,22.4,2026
2026-W35,2026-08-24,5,0.02058694699956198,37.6,36.8,2026
2026-W36,2026-08-31,5,0.014521452145214522,26.4,25.2,2026
2026-W37,2026-09-07,5,0.01079295154185022,19.6,20.6,2026
2026-W38,2026-09-14,5,0.025157232704402517,45.6,37.8,2026
2026-W39,2026-09-21,4,0.01601104209799862,29.0,33.75,2026
2026-W40,2026-09-29,3,0.027920646583394562,50.666666666666664,48.0,2026
