a,b,metric,a_val,b_val,diff,lo,hi,p_gt0
NEW_y,OLD_y,all_hit1,0.49333333333333335,0.6053333333333333,-0.11199999999999993,-0.18133333333333335,-0.04533333333333334,0.0005
NEW_y,OLD_y,all_hit3,0.4613333333333333,0.5315555555555554,-0.07022222222222213,-0.11111111111111116,-0.029333333333333322,0.0
NEW_y,OLD_y,all_hit10,0.3706666666666667,0.40399999999999997,-0.03333333333333327,-0.05279999999999996,-0.013600000000000056,0.0005
NEW_y,OLD_y,all_buy1,0.12266666666666666,0.11733333333333333,0.005333333333333329,-0.032,0.048,0.5845
NEW_y,OLD_y,all_buy10,0.17120000000000002,0.17520000000000002,-0.0040000000000000036,-0.017346666666666698,0.009333333333333332,0.28
NEW_y,OLD_y,all_aucy,0.839468772423995,0.8413828487998584,-0.0019140763758633828,-0.00517989473216759,0.0014508216551555723,0.123
NEW_y,OLD_y,fresh_aucy,0.8064241740666317,0.8092332834199377,-0.0028091093533060274,-0.007132176553702474,0.0015687305525714872,0.097
NEW_y,OLD_y,fresh_hit1,0.1653333333333333,0.19733333333333336,-0.032000000000000056,-0.10133333333333333,0.03999999999999998,0.192
NEW_y,OLD_y,fresh_hit10,0.13813333333333333,0.14746666666666666,-0.009333333333333332,-0.0218666666666667,0.0026666666666666505,0.066
NEW_y,OLD_y,fresh_buy10,0.12613333333333332,0.1376,-0.01146666666666668,-0.023999999999999994,0.0005333333333333301,0.0305
NEW_y,OLD_y,all_unbuyhit1,0.3706666666666667,0.48799999999999993,-0.11733333333333323,-0.1893333333333333,-0.05066666666666669,0.0005
NEW_y,OLD_y,all_unbuyhit10,0.19946666666666668,0.22879999999999995,-0.029333333333333267,-0.046666666666666634,-0.014126666666666675,0.0
ALL_y,OLD_y,all_hit1,0.5786666666666667,0.6053333333333333,-0.026666666666666616,-0.06933333333333325,0.016000000000000014,0.103
ALL_y,OLD_y,all_hit3,0.5368888888888889,0.5315555555555554,0.005333333333333412,-0.01333333333333342,0.02400000000000002,0.696
ALL_y,OLD_y,all_hit10,0.40853333333333336,0.40399999999999997,0.004533333333333389,-0.003733333333333258,0.012266666666666705,0.8515
ALL_y,OLD_y,all_buy1,0.09599999999999999,0.11733333333333333,-0.021333333333333343,-0.064,0.01866666666666665,0.1535
ALL_y,OLD_y,all_buy10,0.17600000000000002,0.17520000000000002,0.0007999999999999952,-0.008806666666666695,0.00986666666666669,0.557
ALL_y,OLD_y,all_aucy,0.8448568843378279,0.8413828487998584,0.0034740355379695442,0.0017446304250218702,0.00509500757453265,1.0
ALL_y,OLD_y,fresh_aucy,0.8134123305483594,0.8092332834199377,0.0041790471284216535,0.001815144521451212,0.006225816645749923,1.0
ALL_y,OLD_y,fresh_hit1,0.24266666666666667,0.19733333333333336,0.04533333333333331,-0.005333333333333329,0.09600000000000003,0.956
ALL_y,OLD_y,fresh_hit10,0.15893333333333334,0.14746666666666666,0.01146666666666668,-0.0029333333333333165,0.024806666666666647,0.937
ALL_y,OLD_y,fresh_buy10,0.14506666666666668,0.1376,0.007466666666666677,-0.006933333333333347,0.020533333333333348,0.8525
ALL_y,OLD_y,all_unbuyhit1,0.4826666666666667,0.48799999999999993,-0.0053333333333332456,-0.04533333333333334,0.03466666666666662,0.3885
ALL_y,OLD_y,all_unbuyhit10,0.23253333333333334,0.22879999999999995,0.003733333333333394,-0.0034666666666666747,0.01200000000000001,0.8235
ALLW_y,OLD_y,all_hit1,0.5733333333333334,0.6053333333333333,-0.03199999999999992,-0.08000000000000002,0.015999999999999907,0.0965
ALLW_y,OLD_y,all_hit3,0.536,0.5315555555555554,0.004444444444444584,-0.021333333333333315,0.03200000000000003,0.6005
ALLW_y,OLD_y,all_hit10,0.4066666666666667,0.40399999999999997,0.002666666666666706,-0.009333333333333416,0.014133333333333333,0.6495
ALLW_y,OLD_y,all_buy1,0.10933333333333334,0.11733333333333333,-0.007999999999999993,-0.04266666666666666,0.029333333333333336,0.328
ALLW_y,OLD_y,all_buy10,0.1738666666666667,0.17520000000000002,-0.0013333333333333253,-0.010940000000000016,0.00853333333333331,0.382
ALLW_y,OLD_y,all_aucy,0.8447675627120242,0.8413828487998584,0.003384713912165882,0.0014629861998124688,0.0051641382687005796,0.9995
ALLW_y,OLD_y,fresh_aucy,0.8132363947645591,0.8092332834199377,0.004003111344621391,0.0013615048854283662,0.00639825914823151,0.998
ALLW_y,OLD_y,fresh_hit1,0.19199999999999998,0.19733333333333336,-0.005333333333333384,-0.053333333333333344,0.04533333333333334,0.391
ALLW_y,OLD_y,fresh_hit10,0.15280000000000002,0.14746666666666666,0.005333333333333357,-0.00747333333333337,0.017866666666666642,0.79
ALLW_y,OLD_y,fresh_buy10,0.13999999999999999,0.1376,0.0023999999999999855,-0.009073333333333333,0.013600000000000001,0.661
ALLW_y,OLD_y,all_unbuyhit1,0.464,0.48799999999999993,-0.02399999999999991,-0.07199999999999995,0.026666666666666672,0.173
ALLW_y,OLD_y,all_unbuyhit10,0.23279999999999998,0.22879999999999995,0.004000000000000031,-0.005866666666666744,0.014666666666666689,0.751
NEW_y,ALL_y,all_hit1,0.49333333333333335,0.5786666666666667,-0.08533333333333332,-0.15199999999999997,-0.026666666666666616,0.002
NEW_y,ALL_y,all_hit3,0.4613333333333333,0.5368888888888889,-0.07555555555555554,-0.11644444444444446,-0.03911111111111121,0.0
NEW_y,ALL_y,all_hit10,0.3706666666666667,0.40853333333333336,-0.03786666666666666,-0.05680000000000002,-0.018400000000000083,0.0
NEW_y,ALL_y,all_buy1,0.12266666666666666,0.09599999999999999,0.026666666666666672,-0.018733333333333355,0.07733333333333332,0.857
NEW_y,ALL_y,all_buy10,0.17120000000000002,0.17600000000000002,-0.004799999999999999,-0.018933333333333358,0.00986666666666669,0.2695
NEW_y,ALL_y,all_aucy,0.839468772423995,0.8448568843378279,-0.005388111913832927,-0.007415861725298026,-0.0031826196694567164,0.0
NEW_y,ALL_y,fresh_aucy,0.8064241740666317,0.8134123305483594,-0.006988156481727681,-0.009752713458202986,-0.004040159773407768,0.0
NEW_y,ALL_y,fresh_hit1,0.1653333333333333,0.24266666666666667,-0.07733333333333337,-0.13066666666666668,-0.018666666666666692,0.0035
NEW_y,ALL_y,fresh_hit10,0.13813333333333333,0.15893333333333334,-0.020800000000000013,-0.035466666666666674,-0.006133333333333324,0.001
NEW_y,ALL_y,fresh_buy10,0.12613333333333332,0.14506666666666668,-0.018933333333333358,-0.03413333333333332,-0.0040000000000000036,0.006
NEW_y,ALL_y,all_unbuyhit1,0.3706666666666667,0.4826666666666667,-0.11199999999999999,-0.17866666666666675,-0.04799999999999999,0.0005
NEW_y,ALL_y,all_unbuyhit10,0.19946666666666668,0.23253333333333334,-0.03306666666666666,-0.051206666666666685,-0.016793333333333327,0.0
ALLW_y,ALL_y,all_hit1,0.5733333333333334,0.5786666666666667,-0.005333333333333301,-0.045333333333333226,0.03733333333333333,0.387
ALLW_y,ALL_y,all_hit3,0.536,0.5368888888888889,-0.000888888888888828,-0.031111111111111093,0.027555555555555555,0.469
ALLW_y,ALL_y,all_hit10,0.4066666666666667,0.40853333333333336,-0.0018666666666666831,-0.014933333333333298,0.011200000000000045,0.389
ALLW_y,ALL_y,all_buy1,0.10933333333333334,0.09599999999999999,0.01333333333333335,-0.016,0.04266666666666667,0.793
ALLW_y,ALL_y,all_buy10,0.1738666666666667,0.17600000000000002,-0.0021333333333333204,-0.012266666666666676,0.008533333333333365,0.3385
ALLW_y,ALL_y,all_aucy,0.8447675627120242,0.8448568843378279,-8.932162580366221e-05,-0.0009955004735127642,0.000804110156742213,0.4075
ALLW_y,ALL_y,fresh_aucy,0.8132363947645591,0.8134123305483594,-0.00017593578380026287,-0.0013512771856503598,0.001000338321607577,0.365
ALLW_y,ALL_y,fresh_hit1,0.19199999999999998,0.24266666666666667,-0.05066666666666669,-0.10400000000000001,0.005333333333333301,0.0335
ALLW_y,ALL_y,fresh_hit10,0.15280000000000002,0.15893333333333334,-0.006133333333333324,-0.020000000000000018,0.007733333333333342,0.185
ALLW_y,ALL_y,fresh_buy10,0.13999999999999999,0.14506666666666668,-0.0050666666666666915,-0.017599999999999977,0.007199999999999998,0.2015
ALLW_y,ALL_y,all_unbuyhit1,0.464,0.4826666666666667,-0.018666666666666665,-0.06133333333333335,0.026666666666666783,0.21
ALLW_y,ALL_y,all_unbuyhit10,0.23279999999999998,0.23253333333333334,0.0002666666666666373,-0.00906666666666664,0.010133333333333274,0.4955
NEW_y,OLDSM_y,all_hit1,0.49333333333333335,0.5813333333333333,-0.08799999999999991,-0.14399999999999996,-0.029333333333333433,0.0
NEW_y,OLDSM_y,all_hit3,0.4613333333333333,0.5262222222222221,-0.06488888888888883,-0.09600000000000003,-0.032888888888888856,0.0
NEW_y,OLDSM_y,all_hit10,0.3706666666666667,0.38453333333333334,-0.013866666666666638,-0.037866666666666604,0.00986666666666669,0.126
NEW_y,OLDSM_y,all_buy1,0.12266666666666666,0.13066666666666668,-0.008000000000000021,-0.06933333333333333,0.053333333333333344,0.396
NEW_y,OLDSM_y,all_buy10,0.17120000000000002,0.17359999999999998,-0.0023999999999999577,-0.01920666666666666,0.013600000000000001,0.379
NEW_y,OLDSM_y,all_aucy,0.839468772423995,0.8356390495655646,0.0038297228584304177,-0.0002865552977355606,0.008109859241621062,0.9675
NEW_y,OLDSM_y,fresh_aucy,0.8064241740666317,0.8024075292001798,0.004016644866451924,-0.0011646632680681391,0.009150599412790372,0.9305
NEW_y,OLDSM_y,fresh_hit1,0.1653333333333333,0.19733333333333336,-0.032000000000000056,-0.09066666666666662,0.026733333333332974,0.1495
NEW_y,OLDSM_y,fresh_hit10,0.13813333333333333,0.1386666666666667,-0.0005333333333333579,-0.013866666666666652,0.01093333333333335,0.4455
NEW_y,OLDSM_y,fresh_buy10,0.12613333333333332,0.12746666666666667,-0.001333333333333353,-0.014673333333333354,0.010933333333333337,0.407
NEW_y,OLDSM_y,all_unbuyhit1,0.3706666666666667,0.45066666666666655,-0.07999999999999985,-0.1413333333333333,-0.018666666666666776,0.0035
NEW_y,OLDSM_y,all_unbuyhit10,0.19946666666666668,0.21093333333333336,-0.01146666666666668,-0.02746666666666664,0.003466666666666729,0.0725
NEW_buy,OLD_buy,all_buy1,0.24,0.26133333333333336,-0.02133333333333337,-0.0906666666666667,0.05066666666666664,0.2915
NEW_buy,OLD_buy,all_buy3,0.22044444444444444,0.2248888888888889,-0.004444444444444445,-0.04357777777777779,0.03555555555555556,0.4125
NEW_buy,OLD_buy,all_buy10,0.19866666666666666,0.20853333333333332,-0.009866666666666662,-0.0314666666666667,0.011733333333333346,0.178
NEW_buy,OLD_buy,all_aucb,0.823349319040792,0.8241439820980272,-0.0007946630572351898,-0.004123847876644637,0.0023685779250881113,0.2975
NEW_buy,OLD_buy,fresh_buy10,0.12346666666666667,0.13733333333333334,-0.013866666666666666,-0.028540000000000034,0.00026666666666666576,0.026
