variant,kind,M,k,train_first,train_last,train_days,train_pos,all_n1,all_hit1,all_buy1,all_cont1,all_lock1,all_n3,all_hit3,all_buy3,all_cont3,all_lock3,all_n10,all_hit10,all_buy10,all_cont10,all_lock10,all_aucy,all_aucb,fresh_n1,fresh_hit1,fresh_buy1,fresh_cont1,fresh_lock1,fresh_n3,fresh_hit3,fresh_buy3,fresh_cont3,fresh_lock3,fresh_n10,fresh_hit10,fresh_buy10,fresh_cont10,fresh_lock10,fresh_aucy,fresh_aucb,hit1_seedmin,hit1_seedmax,hit10_seedmin,hit10_seedmax,all_hit1_vsOLD_lo,all_hit1_vsOLD_hi,all_hit10_vsOLD_lo,all_hit10_vsOLD_hi,all_aucy_vsOLD_lo,all_aucy_vsOLD_hi,fresh_hit10_vsOLD_lo,fresh_hit10_vsOLD_hi
NEW 累積 1月,NEW,2026-02,0,2026-01-02,2026-01-28,19,843,42.0,0.30952380952380953,0.10317460317460318,0.8968253968253967,0.23015873015873015,126.0,0.2751322751322751,0.1349206349206349,0.8306878306878307,0.16666666666666666,420.0,0.2111111111111111,0.1261904761904762,0.7301587301587302,0.10793650793650794,0.8288226626524654,0.8217980009928624,42.0,0.05555555555555555,0.047619047619047616,0.0,0.007936507936507936,126.0,0.06878306878306878,0.06349206349206349,0.0,0.005291005291005291,420.0,0.07142857142857144,0.06904761904761904,0.0,0.002380952380952381,0.7959409282272553,0.8015618996064543,0.16666666666666666,0.4523809523809524,0.20476190476190476,0.21666666666666667,-0.3492063492063492,-0.1203703703703704,-0.17408119658119658,-0.10341269841269847,-0.035978657990486364,-0.021615300747878704,-0.0911150793650794,-0.016666666666666677
NEW 累積 1～2月,NEW,2026-03,0,2026-01-02,2026-02-24,31,1276,42.0,0.4047619047619048,0.20634920634920637,1.0,0.23809523809523805,126.0,0.3412698412698412,0.17460317460317457,0.9867724867724869,0.20634920634920637,420.0,0.27539682539682536,0.15634920634920635,0.9214285714285714,0.15873015873015872,0.8438867817363948,0.8373032632932788,42.0,0.007936507936507936,0.007936507936507936,0.0,0.0,126.0,0.05291005291005291,0.047619047619047616,0.0,0.005291005291005291,420.0,0.07936507936507936,0.07539682539682539,0.0,0.003968253968253969,0.8118836479422397,0.8180012127213638,0.30952380952380953,0.5476190476190477,0.25,0.2976190476190476,-0.2619047619047618,0.0,-0.09037037037037038,-0.05555555555555555,-0.020040224546259398,-0.007797122893012992,-0.08255026455026457,-0.012695767195767206
NEW 累積 1～3月,NEW,2026-04,0,2026-01-02,2026-03-27,53,2349,42.0,0.43650793650793646,0.19047619047619047,1.0,0.35714285714285715,126.0,0.3968253968253968,0.18253968253968253,0.9761904761904762,0.29365079365079366,420.0,0.3111111111111111,0.16746031746031745,0.9468253968253969,0.1865079365079365,0.8445386346662462,0.8367236354328855,42.0,0.09523809523809523,0.08730158730158728,0.0,0.007936507936507936,126.0,0.10846560846560845,0.10317460317460318,0.0,0.005291005291005291,420.0,0.08730158730158731,0.08253968253968254,0.0,0.004761904761904762,0.8121060628338971,0.8169524460684113,0.35714285714285715,0.47619047619047616,0.28809523809523807,0.32857142857142857,-0.2518518518518518,0.042735042735042694,-0.05811965811965808,-0.013492063492063498,-0.020388878711274004,-0.006443134030798394,-0.0740811965811966,-0.006658730158730203
NEW 累積 1～4月,NEW,2026-05,0,2026-01-02,2026-04-28,73,3658,42.0,0.42857142857142855,0.15079365079365079,0.9841269841269842,0.3968253968253968,126.0,0.4417989417989418,0.14814814814814814,0.9735449735449736,0.373015873015873,420.0,0.3111111111111111,0.16428571428571428,0.9111111111111111,0.19682539682539682,0.8501553077503797,0.8430959246489569,42.0,0.12698412698412698,0.12698412698412698,0.0,0.0,126.0,0.10846560846560845,0.10846560846560845,0.0,0.0,420.0,0.10079365079365078,0.0992063492063492,0.0,0.0015873015873015875,0.8195453001333476,0.8248324174515206,0.38095238095238093,0.47619047619047616,0.3,0.319047619047619,-0.19841269841269848,-0.007923280423280468,-0.07777777777777778,-0.0059166666666667376,-0.014838076709621372,-0.00020634174263675618,-0.05927777777777779,0.007941798941798913
NEW 累積 1～5月,NEW,2026-06,0,2026-01-02,2026-05-27,93,5043,42.0,0.4920634920634921,0.11904761904761903,0.9841269841269842,0.5158730158730158,126.0,0.4338624338624339,0.13227513227513224,0.9761904761904763,0.39153439153439146,420.0,0.32301587301587303,0.1714285714285714,0.9357142857142856,0.19999999999999998,0.854480781455441,0.8481136267384676,42.0,0.11904761904761903,0.1111111111111111,0.0,0.007936507936507936,126.0,0.10846560846560845,0.10317460317460318,0.0,0.005291005291005291,420.0,0.09126984126984128,0.08888888888888889,0.0,0.002380952380952381,0.8252008240843555,0.8310331664980923,0.47619047619047616,0.5238095238095238,0.30714285714285716,0.3380952380952381,-0.12962962962962965,0.022222222222222254,-0.06074074074074076,0.006481481481481479,-0.01065392666358882,0.0035785655003774397,-0.0641111111111111,-0.01036904761904762
NEW 累積 1～6月,NEW,2026-07,0,2026-01-02,2026-06-26,114,6402,42.0,0.5158730158730159,0.08730158730158728,1.0,0.5396825396825397,126.0,0.4444444444444444,0.12169312169312169,0.9920634920634921,0.4074074074074074,420.0,0.33809523809523806,0.1761904761904762,0.9436507936507935,0.20952380952380953,0.8556109125233581,0.8491496066387212,42.0,0.15079365079365079,0.15079365079365079,0.0,0.0,126.0,0.13227513227513227,0.13227513227513227,0.0,0.0,420.0,0.10079365079365078,0.09999999999999999,0.0,0.0007936507936507938,0.826554073352972,0.8322063937989249,0.47619047619047616,0.5476190476190477,0.32857142857142857,0.3523809523809524,-0.08333333333333326,0.031746031746031744,-0.049648148148148094,0.026855158730158764,-0.009959938692095363,0.005650982554775474,-0.050009259259259274,0.0023855311355311147
NEW 累積 1～7月,NEW,2026-08,0,2026-01-02,2026-07-29,136,7227,42.0,0.48412698412698413,0.08730158730158728,1.0,0.5,126.0,0.4259259259259259,0.14285714285714285,0.9920634920634921,0.3862433862433862,420.0,0.3277777777777778,0.16666666666666666,0.9452380952380951,0.2111111111111111,0.8550032744240198,0.8484215269099397,42.0,0.12698412698412698,0.12698412698412698,0.0,0.0,126.0,0.10052910052910052,0.10052910052910052,0.0,0.0,420.0,0.10396825396825397,0.10238095238095239,0.0,0.0015873015873015875,0.8257301580058375,0.8313464015201953,0.38095238095238093,0.6190476190476191,0.31666666666666665,0.3357142857142857,-0.14074074074074078,0.020337995337994724,-0.056296296296296344,0.011111111111111127,-0.009692911938462698,0.00396735696970038,-0.048148148148148134,0.004444444444444446
REC 只用最近 1 個月,REC,2026-08,1,2026-07-01,2026-07-29,20,660,42.0,0.373015873015873,0.12698412698412698,0.9682539682539683,0.2777777777777778,126.0,0.3544973544973545,0.13756613756613756,0.9391534391534391,0.25396825396825395,420.0,0.2595238095238095,0.14365079365079367,0.8158730158730158,0.14523809523809525,0.8314430861648511,0.824473173112386,42.0,0.07142857142857142,0.07142857142857142,0.0,0.0,126.0,0.07142857142857142,0.06084656084656084,0.0,0.015873015873015872,420.0,0.07222222222222223,0.06666666666666667,0.0,0.007936507936507936,0.7987101288350091,0.8041163321175322,0.2857142857142857,0.47619047619047616,0.25476190476190474,0.2619047619047619,-0.24786324786324787,-0.06349206349206354,-0.12224074074074075,-0.05793650793650798,-0.034216830390527996,-0.018797320092772872,-0.0748148148148148,-0.03407407407407409
REC 只用最近 2 個月,REC,2026-08,2,2026-06-01,2026-07-29,41,1999,42.0,0.42063492063492064,0.11904761904761903,0.9841269841269842,0.38095238095238093,126.0,0.34920634920634924,0.12962962962962962,0.9735449735449736,0.2830687830687831,420.0,0.2992063492063492,0.15793650793650793,0.9206349206349206,0.18571428571428572,0.8487883115189993,0.8415840595682655,42.0,0.1349206349206349,0.1349206349206349,0.0,0.0,126.0,0.11375661375661376,0.1111111111111111,0.0,0.0026455026455026454,420.0,0.10079365079365081,0.09761904761904762,0.0,0.003968253968253969,0.8181083917679449,0.8231430498511093,0.38095238095238093,0.4523809523809524,0.28809523809523807,0.30952380952380953,-0.26851851851851855,0.007407407407407418,-0.07619312169312176,-0.02307692307692305,-0.01622256108923232,-0.002197359956041382,-0.04444444444444444,-0.005982905982905989
REC 只用最近 3 個月,REC,2026-08,3,2026-05-04,2026-07-29,61,3435,42.0,0.4920634920634921,0.10317460317460318,0.9920634920634921,0.4682539682539682,126.0,0.42063492063492064,0.1349206349206349,0.9867724867724869,0.3597883597883598,420.0,0.30634920634920637,0.1595238095238095,0.8841269841269842,0.19365079365079363,0.8520157414902872,0.8455952985032839,42.0,0.1111111111111111,0.10317460317460318,0.0,0.007936507936507936,126.0,0.1349206349206349,0.12698412698412698,0.0,0.007936507936507936,420.0,0.09841269841269841,0.09444444444444444,0.0,0.003968253968253969,0.8228020896183286,0.8284620667677931,0.40476190476190477,0.5476190476190477,0.3,0.3119047619047619,-0.1031746031746032,5.551115123125783e-17,-0.07302380952380959,-0.013324074074074101,-0.014038347061293744,0.0015478070542084789,-0.053968253968253964,-0.004761904761904773
REC 只用最近 4 個月,REC,2026-08,4,2026-04-01,2026-07-29,81,4805,42.0,0.41269841269841273,0.05555555555555555,0.9841269841269842,0.4523809523809524,126.0,0.373015873015873,0.1164021164021164,0.9708994708994708,0.3333333333333333,420.0,0.3,0.15396825396825395,0.8658730158730159,0.19365079365079363,0.8542805514372599,0.8478870423077697,42.0,0.1349206349206349,0.1349206349206349,0.0,0.0,126.0,0.12169312169312169,0.1164021164021164,0.0,0.005291005291005291,420.0,0.09206349206349207,0.08730158730158728,0.0,0.0047619047619047615,0.8254127604628799,0.8309741065691126,0.40476190476190477,0.42857142857142855,0.28095238095238095,0.32142857142857145,-0.22222222222222215,-0.046296296296296335,-0.09285714285714286,-0.005982905982906015,-0.011694655376923624,0.00430168287807799,-0.06370370370370369,-0.003968253968253982
REC 只用最近 5 個月,REC,2026-08,5,2026-03-02,2026-07-29,103,5819,42.0,0.49206349206349204,0.07142857142857142,1.0,0.5714285714285714,126.0,0.4338624338624339,0.12962962962962962,0.9894179894179894,0.41269841269841273,420.0,0.33174603174603173,0.17301587301587304,0.9277777777777777,0.20634920634920637,0.8538985353016258,0.8469247095819893,42.0,0.15079365079365079,0.15079365079365079,0.0,0.0,126.0,0.1111111111111111,0.10846560846560845,0.0,0.005291005291005291,420.0,0.09761904761904762,0.09206349206349207,0.0,0.006349206349206348,0.82424643434789,0.829491086389277,0.4523809523809524,0.5238095238095238,0.3119047619047619,0.34523809523809523,-0.11111111111111116,0.027840909090908868,-0.045925925925925926,0.012972222222222163,-0.011971472805336728,0.003948822108298396,-0.0626984126984127,0.010256410256410222
REC 只用最近 6 個月,REC,2026-08,6,2026-02-02,2026-07-29,115,6349,42.0,0.4682539682539682,0.08730158730158728,1.0,0.5,126.0,0.4047619047619048,0.1111111111111111,0.9867724867724869,0.38095238095238093,420.0,0.31746031746031744,0.15952380952380954,0.9261904761904761,0.20714285714285716,0.8554786470160801,0.8490406551212782,42.0,0.14285714285714285,0.14285714285714285,0.0,0.0,126.0,0.12698412698412698,0.12433862433862435,0.0,0.0026455026455026454,420.0,0.10793650793650794,0.10476190476190476,0.0,0.003174603174603175,0.8265094551680195,0.8321071151453028,0.42857142857142855,0.5,0.2976190476190476,0.33095238095238094,-0.1453703703703704,0.008547008547008628,-0.0674618437118437,0.005555555555555536,-0.00958045861853718,0.0051770317032077675,-0.045185185185185175,0.007936507936507922
OLDSM ≤2025 抽樣（正例數＝NEW 1～7月）,OLDSM,2026-08,0,2023-01-11,2025-12-31,714,7187,42.0,0.5793650793650794,0.10317460317460318,0.9841269841269842,0.6031746031746033,126.0,0.4735449735449735,0.14285714285714288,0.9867724867724869,0.42063492063492064,420.0,0.33968253968253964,0.17777777777777778,0.9714285714285715,0.20873015873015874,0.8535118450267665,0.8479838398710755,42.0,0.2222222222222222,0.2222222222222222,0.0,0.0,126.0,0.15608465608465608,0.15079365079365079,0.0,0.005291005291005291,420.0,0.12301587301587302,0.11984126984126985,0.0,0.003174603174603175,0.8246613496662931,0.8315974968010714,0.5476190476190477,0.5952380952380952,0.32857142857142857,0.34523809523809523,0.0,0.07407407407407413,-0.028148148148148144,0.014141414141414123,-0.005044975485012829,-0.0019064671060357338,-0.015555555555555545,0.012050925925925854
ALL ≤2026-07,ALL,2026-08,0,2023-01-11,2026-07-29,850,22498,42.0,0.5714285714285714,0.05555555555555555,1.0,0.6666666666666666,126.0,0.5052910052910052,0.12962962962962962,1.0,0.4682539682539682,420.0,0.3523809523809524,0.17777777777777778,0.9865079365079366,0.2253968253968254,0.8591991355116338,0.853597953852883,42.0,0.2698412698412698,0.2698412698412698,0.0,0.0,126.0,0.1931216931216931,0.1931216931216931,0.0,0.0,420.0,0.12142857142857143,0.12142857142857143,0.0,0.0,0.831063383173874,0.8377752378385007,0.5714285714285714,0.5714285714285714,0.34523809523809523,0.36428571428571427,-0.018518518518518545,0.07936507936507942,-0.0007936507936507922,0.012037037037037068,-0.0019233683034773463,0.004776778557517821,-0.021429894179894188,0.01623931623931621
ALLW ≤2026-07（2026×3）,ALLW,2026-08,0,2023-01-11,2026-07-29,850,22498,42.0,0.5317460317460317,0.07142857142857142,1.0,0.5952380952380952,126.0,0.4497354497354497,0.11904761904761903,1.0,0.4417989417989418,420.0,0.3436507936507936,0.16666666666666666,0.9825396825396825,0.22857142857142856,0.8590134332234785,0.8528383317193171,42.0,0.16666666666666666,0.16666666666666666,0.0,0.0,126.0,0.1693121693121693,0.1693121693121693,0.0,0.0,420.0,0.12936507936507935,0.12857142857142856,0.0,0.0007936507936507938,0.830784688526197,0.8367237537041537,0.5,0.5714285714285714,0.3333333333333333,0.3619047619047619,-0.051851851851851816,0.03174603174603163,-0.03186752136752136,0.020370370370370428,-0.0023016100268275,0.004763036777364104,-0.010256410256410234,0.018253968253968245
OLD ≤2025,OLD,-,0,2023-01-11,2025-12-31,714,15271,42.0,0.5396825396825397,0.06349206349206349,1.0,0.6031746031746031,126.0,0.4656084656084656,0.11904761904761903,0.9947089947089948,0.4497354497354497,420.0,0.34761904761904755,0.17777777777777778,0.9880952380952381,0.22222222222222224,0.8571859711143249,0.8516256854142856,42.0,0.21428571428571427,0.21428571428571427,0.0,0.0,126.0,0.18253968253968253,0.18253968253968253,0.0,0.0,420.0,0.1253968253968254,0.1246031746031746,0.0,0.0007936507936507938,0.8289999611280964,0.8359037989846403,0.5,0.5714285714285714,0.34285714285714286,0.3523809523809524,0.0,0.0,0.0,0.0,0.0,0.0,0.0,0.0
