period,days,新起漲率,新起漲率_lo,新起漲率_hi,新起漲率_k,新起漲率_n,新起漲率_wl,新起漲率_wh,新起漲 可買率,新起漲 可買率_lo,新起漲 可買率_hi,新起漲 可買率_k,新起漲 可買率_n,新起漲 可買率_wl,新起漲 可買率_wh,延續率,延續率_lo,延續率_hi,延續率_k,延續率_n,延續率_wl,延續率_wh,延續 可買率,延續 可買率_lo,延續 可買率_hi,延續 可買率_k,延續 可買率_n,延續 可買率_wl,延續 可買率_wh,延續率｜一字鎖,延續率｜一字鎖_lo,延續率｜一字鎖_hi,延續率｜一字鎖_k,延續率｜一字鎖_n,延續率｜一字鎖_wl,延續率｜一字鎖_wh,延續率｜非一字,延續率｜非一字_lo,延續率｜非一字_hi,延續率｜非一字_k,延續率｜非一字_n,延續率｜非一字_wl,延續率｜非一字_wh,延續 可買率｜一字鎖,延續 可買率｜一字鎖_lo,延續 可買率｜一字鎖_hi,延續 可買率｜一字鎖_k,延續 可買率｜一字鎖_n,延續 可買率｜一字鎖_wl,延續 可買率｜一字鎖_wh,延續 可買率｜非一字,延續 可買率｜非一字_lo,延續 可買率｜非一字_hi,延續 可買率｜非一字_k,延續 可買率｜非一字_n,延續 可買率｜非一字_wl,延續 可買率｜非一字_wh,延續率｜連板1,延續率｜連板1_lo,延續率｜連板1_hi,延續率｜連板1_k,延續率｜連板1_n,延續率｜連板1_wl,延續率｜連板1_wh,延續率｜連板2,延續率｜連板2_lo,延續率｜連板2_hi,延續率｜連板2_k,延續率｜連板2_n,延續率｜連板2_wl,延續率｜連板2_wh,延續率｜連板3,延續率｜連板3_lo,延續率｜連板3_hi,延續率｜連板3_k,延續率｜連板3_n,延續率｜連板3_wl,延續率｜連板3_wh,延續率｜連板4+,延續率｜連板4+_lo,延續率｜連板4+_hi,延續率｜連板4+_k,延續率｜連板4+_n,延續率｜連板4+_wl,延續率｜連板4+_wh,全部漲停率,全部漲停率_lo,全部漲停率_hi,全部漲停率_k,全部漲停率_n,全部漲停率_wl,全部漲停率_wh,s 日漲停佔比,s 日漲停佔比_lo,s 日漲停佔比_hi,s 日漲停佔比_k,s 日漲停佔比_n,s 日漲停佔比_wl,s 日漲停佔比_wh,lu_per_day,lu_per_day_med,hot_share
A 2023-2025,714,0.010103,0.0094846,0.010685,12107,1198377,0.0099253,0.010283,0.0096597,0.0090573,0.010246,11576,1198377,0.0094862,0.0098364,0.20627,0.19526,0.21814,3164,15339,0.19994,0.21275,0.1564,0.148,0.16457,2399,15339,0.15074,0.16223,0.49421,0.45697,0.53401,427,864,0.46097,0.5275,0.18908,0.17918,0.20001,2737,14475,0.18279,0.19555,0.11921,0.098062,0.14183,103,864,0.099274,0.14252,0.15862,0.14983,0.16707,2296,14475,0.15276,0.16466,0.19064,0.18054,0.20134,2315,12143,0.18376,0.19773,0.24979,0.23003,0.2698,587,2350,0.2327,0.26769,0.30427,0.26211,0.3514,178,585,0.26837,0.34274,0.32184,0.26038,0.38115,84,261,0.2681,0.38075,0.012582,0.01176,0.013327,15271,1213716,0.012385,0.012782,0.012638,0.011904,0.013532,15339,1213716,0.012441,0.012838,21.388,20,0.18908
B 2026,180,0.021162,0.018506,0.024014,6664,314903,0.020665,0.021671,0.019571,0.017342,0.021931,6163,314903,0.019093,0.020061,0.26079,0.24248,0.27864,2350,9011,0.25183,0.26996,0.17257,0.15869,0.18628,1555,9011,0.1649,0.18051,0.4977,0.44456,0.54019,432,868,0.46452,0.5309,0.23554,0.21823,0.25269,1918,8143,0.22645,0.24488,0.13018,0.095083,0.17002,113,868,0.10942,0.15421,0.17708,0.16256,0.19036,1442,8143,0.16895,0.18553,0.23665,0.21856,0.25392,1578,6668,0.2266,0.247,0.30172,0.26889,0.33755,474,1571,0.27953,0.32488,0.37975,0.3313,0.43331,180,474,0.33719,0.42424,0.39597,0.3264,0.45347,118,298,0.34211,0.45249,0.027828,0.024223,0.031779,9014,323914,0.027268,0.0284,0.027819,0.024214,0.031731,9011,323914,0.027258,0.028391,50.078,45,0.73889
2023,233,0.008267,0.0074827,0.0089542,3129,378492,0.0079835,0.0085605,0.0079024,0.0071387,0.0085886,2991,378492,0.0076253,0.0081895,0.19156,0.17352,0.20735,744,3884,0.17949,0.20423,0.15371,0.13749,0.17005,597,3884,0.14271,0.16539,0.43956,0.36992,0.50421,80,182,0.36944,0.51218,0.17936,0.16116,0.19632,664,3702,0.16734,0.19205,0.10989,0.066667,0.15287,20,182,0.072271,0.16364,0.15586,0.13866,0.17227,577,3702,0.14453,0.1679,0.18066,0.16313,0.19698,568,3144,0.16761,0.1945,0.21062,0.17072,0.24342,119,565,0.17901,0.24614,0.33898,0.26527,0.41268,40,118,0.25985,0.42827,0.29825,0.19397,0.4,17,57,0.19532,0.42665,0.010129,0.0091445,0.011028,3873,382376,0.0098163,0.010451,0.010158,0.0092519,0.011064,3884,382376,0.0098446,0.01048,16.622,16,0.077253
2024,242,0.011532,0.010482,0.012942,4732,410341,0.01121,0.011863,0.011083,0.010055,0.012454,4548,410341,0.010768,0.011408,0.2242,0.20378,0.24568,1373,6124,0.21393,0.23482,0.16199,0.14921,0.17525,992,6124,0.15297,0.17142,0.51902,0.46151,0.5777,191,368,0.46804,0.56961,0.20535,0.18698,0.2252,1182,5756,0.19511,0.21598,0.092391,0.056026,0.12903,34,368,0.066869,0.12634,0.16644,0.15221,0.18064,958,5756,0.15704,0.17628,0.20771,0.18871,0.22511,986,4747,0.19641,0.21948,0.26061,0.22715,0.29484,258,990,0.23422,0.28884,0.31783,0.23205,0.39451,82,258,0.26404,0.37697,0.36434,0.2728,0.43745,47,129,0.28633,0.4502,0.014659,0.013315,0.016322,6105,416465,0.014299,0.015029,0.014705,0.0133,0.016236,6124,416465,0.014344,0.015075,25.227,23,0.27686
2025,239,0.010368,0.0095487,0.011319,4246,409544,0.010062,0.010682,0.0098573,0.0090601,0.010796,4037,409544,0.0095593,0.010165,0.1964,0.18135,0.21267,1047,5331,0.18595,0.20728,0.15194,0.13881,0.16656,810,5331,0.14256,0.16183,0.49682,0.43469,0.56126,156,314,0.44189,0.55182,0.1776,0.162,0.19446,891,5017,0.16727,0.18842,0.15605,0.10877,0.20476,49,314,0.12009,0.20032,0.15168,0.1374,0.16697,761,5017,0.14202,0.16188,0.17897,0.16248,0.1957,761,4252,0.16774,0.19078,0.26415,0.23506,0.29697,210,795,0.23469,0.29588,0.26794,0.20901,0.33409,56,209,0.21248,0.33178,0.26667,0.17682,0.38304,20,75,0.17976,0.37631,0.012758,0.011656,0.014004,5293,414875,0.012421,0.013104,0.01285,0.011564,0.014409,5331,414875,0.012511,0.013197,22.146,20,0.20921
2025H2,127,0.011108,0.0098439,0.012621,2417,217595,0.010676,0.011557,0.010474,0.0092751,0.011949,2279,217595,0.010054,0.01091,0.21096,0.1886,0.23241,643,3048,0.19684,0.2258,0.16273,0.143,0.17963,496,3048,0.15005,0.17626,0.50971,0.43618,0.58607,105,206,0.44189,0.57717,0.1893,0.16815,0.21016,538,2842,0.17532,0.20412,0.16019,0.091326,0.23777,33,206,0.1164,0.21643,0.16291,0.14373,0.18027,463,2842,0.14979,0.17694,0.19818,0.17681,0.21879,478,2412,0.18275,0.21456,0.25895,0.22562,0.29237,123,475,0.2216,0.30017,0.25833,0.17513,0.3305,31,120,0.18837,0.34329,0.26829,0.15385,0.34516,11,41,0.15695,0.41934,0.013869,0.012188,0.016031,3060,220643,0.013389,0.014365,0.013814,0.01212,0.015954,3048,220643,0.013336,0.01431,24.094,22,0.26772
2026H1,116,0.023782,0.021411,0.026287,4769,200527,0.023124,0.024458,0.022361,0.020196,0.024633,4484,200527,0.021723,0.023017,0.27471,0.2577,0.29185,1798,6545,0.26403,0.28566,0.17892,0.16332,0.19586,1171,6545,0.16982,0.18839,0.53477,0.49007,0.57642,323,604,0.49489,0.5742,0.24827,0.2315,0.2669,1475,5941,0.23745,0.25942,0.12748,0.093994,0.16442,77,604,0.10322,0.15646,0.18414,0.16825,0.20037,1094,5941,0.17449,0.1942,0.25241,0.23597,0.26906,1202,4762,0.24028,0.26495,0.31455,0.28112,0.35823,374,1189,0.28879,0.34151,0.36022,0.30615,0.41621,134,372,0.31309,0.4102,0.3964,0.3315,0.45579,88,222,0.33434,0.46198,0.031714,0.02872,0.03495,6567,207072,0.030967,0.032477,0.031607,0.027868,0.035418,6545,207072,0.030862,0.03237,56.612,51,0.87069
2026Q3+,64,0.016568,0.012334,0.02213,1895,114376,0.015844,0.017324,0.01468,0.011467,0.01816,1679,114376,0.013999,0.015393,0.22384,0.18673,0.25793,552,2466,0.20783,0.24072,0.15572,0.12384,0.18114,384,2466,0.14194,0.17056,0.41288,0.29136,0.50088,109,264,0.35515,0.47311,0.20118,0.16842,0.23476,443,2202,0.18496,0.21844,0.13636,0.052122,0.21307,36,264,0.10015,0.18301,0.15804,0.13111,0.18243,348,2202,0.1434,0.17387,0.19727,0.1622,0.22994,376,1906,0.18002,0.21574,0.26178,0.19021,0.32484,100,382,0.22022,0.30808,0.45098,0.385,0.5522,46,102,0.35794,0.54757,0.39474,0.24853,0.56637,30,76,0.29246,0.50714,0.020943,0.015577,0.027984,2447,116842,0.020137,0.02178,0.021105,0.015664,0.027567,2466,116842,0.020297,0.021945,38.234,29,0.5
2023Q1,48,0.0075071,0.0061834,0.0090167,567,75528,0.0069161,0.0081483,0.0072159,0.0059361,0.0087398,545,75528,0.0066368,0.0078451,0.14222,0.11441,0.17442,95,668,0.11777,0.17075,0.11527,0.091938,0.14912,77,668,0.093221,0.14172,0.34615,0.10431,0.6129,9,26,0.19412,0.5378,0.13396,0.10502,0.17002,86,642,0.10977,0.16249,0.11538,0,0.19355,3,26,0.040032,0.28976,0.11526,0.089931,0.15163,74,642,0.092818,0.14229,0.13415,0.10735,0.16626,77,574,0.10868,0.16447,0.18182,0.071337,0.32825,14,77,0.11151,0.28236,0.23077,0,0.52019,3,13,0.081794,0.50257,0.25,0,0.33333,1,4,0.045586,0.69936,0.0086881,0.0071533,0.010331,662,76196,0.0080535,0.0093723,0.0087669,0.0070436,0.010438,668,76196,0.0081293,0.009454,13.792,13.5,0.041667
2023Q2,59,0.0095469,0.0084694,0.010547,911,95424,0.0089493,0.010184,0.0091172,0.0080774,0.010169,870,95424,0.0085336,0.0097403,0.2041,0.18201,0.22882,229,1122,0.18154,0.22867,0.16043,0.13115,0.18728,180,1122,0.14012,0.18306,0.49091,0.41304,0.5866,27,55,0.36377,0.61924,0.18932,0.16619,0.21592,202,1067,0.16694,0.21392,0.14545,0.060582,0.22795,8,55,0.075592,0.26161,0.1612,0.13078,0.19194,172,1067,0.14036,0.18447,0.18931,0.16444,0.21793,170,898,0.16503,0.21624,0.2303,0.17553,0.29227,38,165,0.17264,0.30024,0.36842,0.18173,0.54545,14,38,0.23384,0.52716,0.33333,0.14286,0.45653,7,21,0.17195,0.54627,0.011808,0.010453,0.013181,1140,96546,0.011146,0.012509,0.011621,0.0099142,0.013235,1122,96546,0.010965,0.012317,19.322,20,0.11864
2023Q3,63,0.0080051,0.0064701,0.0096091,835,104308,0.0074822,0.0085644,0.0075929,0.006126,0.0091196,792,104308,0.0070839,0.0081381,0.1966,0.15979,0.23199,208,1058,0.17377,0.22162,0.14461,0.11568,0.1713,153,1058,0.1247,0.16709,0.45161,0.36364,0.54295,28,62,0.3342,0.57468,0.18072,0.14356,0.21629,180,996,0.15807,0.20583,0.080645,0.03882,0.11486,5,62,0.034938,0.17529,0.14859,0.11679,0.17868,148,996,0.12786,0.17203,0.18684,0.15481,0.21802,159,851,0.16208,0.21441,0.21519,0.13098,0.2956,34,158,0.15828,0.28562,0.35294,0.24188,0.47221,12,34,0.21488,0.52086,0.2,0,0.375,3,15,0.070474,0.45186,0.0098988,0.0077953,0.012192,1043,105366,0.0093187,0.010515,0.010041,0.0077166,0.012497,1058,105366,0.0094568,0.010661,16.556,15,0.079365
2023Q4,63,0.0079045,0.0066359,0.0091338,816,103232,0.0073823,0.0084633,0.0075945,0.0063575,0.0088496,784,103232,0.007083,0.0081428,0.20463,0.17884,0.23133,212,1036,0.18118,0.23027,0.1805,0.1554,0.20465,187,1036,0.15828,0.20509,0.41026,0.32653,0.53125,16,39,0.27079,0.56582,0.19659,0.17036,0.22366,196,997,0.1731,0.2224,0.10256,0.024984,0.20269,4,39,0.040613,0.23579,0.18355,0.15809,0.20895,183,997,0.16075,0.20878,0.19732,0.17085,0.22825,162,821,0.17153,0.22593,0.2,0.13908,0.28023,33,165,0.1461,0.26755,0.33333,0.2,0.42596,11,33,0.1975,0.50392,0.35294,0.077083,0.475,6,17,0.17309,0.587,0.0098592,0.0082254,0.011482,1028,104268,0.0092773,0.010477,0.0099359,0.0085092,0.011353,1036,104268,0.0093517,0.010556,16.317,15,0.063492
2024Q1,56,0.010026,0.0084943,0.011874,922,91958,0.0094025,0.010691,0.0095805,0.0080988,0.011342,881,91958,0.008971,0.010231,0.2432,0.22157,0.26274,295,1213,0.21989,0.26813,0.18219,0.16133,0.20067,221,1213,0.16148,0.20491,0.58571,0.45105,0.73333,41,70,0.46881,0.6937,0.22222,0.19682,0.24126,254,1143,0.19907,0.24723,0.11429,0.041367,0.1791,8,70,0.059061,0.20964,0.18635,0.16297,0.2046,213,1143,0.16484,0.20996,0.23472,0.2037,0.25725,215,916,0.20841,0.26324,0.24885,0.19186,0.3173,54,217,0.19603,0.31041,0.33333,0.225,0.41225,18,54,0.22241,0.46639,0.30769,0.086932,0.47299,8,26,0.16501,0.49989,0.013062,0.010957,0.0157,1217,93171,0.012353,0.013811,0.013019,0.010475,0.016221,1213,93171,0.012311,0.013767,21.732,20.5,0.21429
2024Q2,61,0.012874,0.012236,0.013685,1325,102919,0.012203,0.013581,0.012369,0.011544,0.013243,1273,102919,0.011712,0.013063,0.24698,0.21844,0.27625,430,1741,0.2273,0.26778,0.17461,0.15198,0.19895,304,1741,0.1575,0.19316,0.57843,0.5,0.65637,59,102,0.48146,0.66971,0.22636,0.19534,0.25988,371,1639,0.20675,0.24724,0.068627,0.017544,0.14659,7,102,0.033638,0.13493,0.18121,0.15848,0.20681,297,1639,0.16331,0.2006,0.23002,0.19664,0.26354,305,1326,0.20816,0.25343,0.31081,0.26212,0.35212,92,296,0.26079,0.36568,0.22472,0.16376,0.30564,20,89,0.15044,0.32178,0.43333,0.15475,0.6903,13,30,0.27377,0.60803,0.016769,0.0157,0.017956,1755,104660,0.016008,0.017564,0.016635,0.015382,0.017883,1741,104660,0.015877,0.017428,28.77,27,0.42623
2024Q3,63,0.013911,0.011469,0.016834,1509,108474,0.013231,0.014626,0.013423,0.010965,0.016426,1456,108474,0.012755,0.014125,0.21713,0.1712,0.27465,426,1962,0.19944,0.23591,0.15494,0.12852,0.18956,304,1962,0.13961,0.17163,0.53543,0.39996,0.63685,68,127,0.44893,0.61986,0.1951,0.15253,0.25018,358,1835,0.17761,0.21386,0.14173,0.088634,0.20424,18,127,0.09157,0.21293,0.15586,0.12506,0.19449,286,1835,0.13998,0.17317,0.19355,0.15638,0.24366,294,1519,0.17446,0.21418,0.24671,0.1818,0.30496,75,304,0.20161,0.29813,0.4557,0.31406,0.57838,36,79,0.35048,0.56502,0.35,0.15325,0.46612,21,60,0.24168,0.47638,0.017521,0.014395,0.020817,1935,110436,0.016764,0.018312,0.017766,0.013755,0.022863,1962,110436,0.017003,0.018562,30.714,26,0.39683
2024Q4,62,0.0091223,0.007798,0.010306,976,106990,0.00857,0.0097099,0.0087672,0.0075061,0.0098448,938,106990,0.0082259,0.0093437,0.18377,0.15536,0.21712,222,1208,0.16295,0.20661,0.13493,0.10657,0.16083,163,1208,0.11682,0.15536,0.33333,0.18786,0.5,23,69,0.23351,0.45074,0.17471,0.14931,0.20141,199,1139,0.15377,0.19785,0.014493,0,0.046923,1,69,0.0025629,0.077633,0.14223,0.1136,0.16866,162,1139,0.12315,0.16372,0.17444,0.14652,0.20445,172,986,0.15203,0.19938,0.21387,0.15012,0.27249,37,173,0.15933,0.28084,0.22222,0.072685,0.38235,8,36,0.11716,0.38085,0.38462,0.1494,0.6,5,13,0.17709,0.64478,0.011072,0.0094416,0.012449,1198,108198,0.010466,0.011713,0.011165,0.0095482,0.012453,1208,108198,0.010556,0.011808,19.323,19,0.064516
2025Q1,55,0.0077464,0.0065249,0.009342,731,94366,0.0072067,0.0083262,0.0074709,0.0063223,0.0090033,705,94366,0.0069412,0.0080407,0.15519,0.12012,0.19738,133,857,0.13249,0.18097,0.11552,0.082712,0.1516,99,857,0.095813,0.13866,0.48718,0.35352,0.69829,19,39,0.33865,0.63801,0.13936,0.10537,0.17829,114,818,0.11731,0.16479,0.10256,0.028554,0.19768,4,39,0.040613,0.23579,0.11614,0.083196,0.15353,95,818,0.095953,0.13991,0.12725,0.10152,0.1529,92,723,0.10491,0.15353,0.29032,0.16816,0.42677,27,93,0.20785,0.38943,0.44444,0.21231,0.63531,12,27,0.27586,0.62687,0.14286,0,0.25,2,14,0.040093,0.39942,0.0090734,0.0075229,0.01094,864,95223,0.0084907,0.0096958,0.0089999,0.0074425,0.010863,857,95223,0.0084196,0.0096199,15.709,15,0.054545
2025Q2,57,0.011252,0.0093016,0.013076,1098,97583,0.010609,0.011933,0.010791,0.0089311,0.012553,1053,97583,0.010162,0.011459,0.19004,0.17134,0.20499,271,1426,0.17052,0.21123,0.15077,0.13202,0.16958,215,1426,0.13314,0.17028,0.46377,0.35,0.56334,32,69,0.35114,0.58022,0.17612,0.14939,0.19739,239,1357,0.15678,0.1973,0.17391,0.10714,0.22892,12,69,0.10238,0.27984,0.14959,0.1275,0.17041,203,1357,0.13161,0.16956,0.17099,0.14868,0.19207,191,1117,0.15005,0.19419,0.26432,0.2239,0.30952,60,227,0.21122,0.32526,0.20968,0.14005,0.28944,13,62,0.12684,0.32639,0.35,0.15577,0.55292,7,20,0.18119,0.56715,0.013827,0.011373,0.016299,1369,99009,0.013118,0.014573,0.014403,0.01116,0.018022,1426,99009,0.013679,0.015164,24.018,20,0.22807
2025Q3,65,0.01208,0.0097857,0.014104,1344,111257,0.011455,0.012739,0.011388,0.0092569,0.013347,1267,111257,0.010781,0.012029,0.20354,0.16735,0.2406,345,1695,0.18505,0.22337,0.15162,0.12403,0.18415,257,1695,0.13534,0.16948,0.55556,0.44273,0.64939,65,117,0.46517,0.6424,0.17744,0.14299,0.21622,280,1578,0.15938,0.19707,0.12821,0.052222,0.23913,15,117,0.079256,0.20079,0.15336,0.12377,0.18767,242,1578,0.13642,0.17198,0.19055,0.15541,0.22864,258,1354,0.17051,0.21233,0.25882,0.19764,0.31316,66,255,0.20892,0.31588,0.21538,0.12156,0.28026,14,65,0.13287,0.32967,0.33333,0.26482,0.4,7,21,0.17195,0.54627,0.014953,0.011842,0.017896,1689,112952,0.014262,0.015678,0.015006,0.012014,0.018007,1695,112952,0.014314,0.015732,25.985,22,0.36923
2025Q4,62,0.01009,0.0090335,0.011125,1073,106338,0.0095072,0.010709,0.0095168,0.0084624,0.010543,1012,106338,0.0089507,0.010118,0.22025,0.19954,0.24212,298,1353,0.19898,0.24311,0.17664,0.15707,0.19799,239,1353,0.15725,0.19787,0.44944,0.34968,0.55279,40,89,0.35032,0.55274,0.20411,0.18584,0.22378,258,1264,0.18281,0.22721,0.20225,0.096944,0.31344,18,89,0.13194,0.2972,0.17484,0.15586,0.19726,221,1264,0.1549,0.19676,0.20794,0.19057,0.2287,220,1058,0.18456,0.23343,0.25909,0.21787,0.30172,57,220,0.20568,0.32077,0.30909,0.17025,0.45114,17,55,0.20282,0.44029,0.2,0,0.33333,4,20,0.080656,0.41602,0.012731,0.011333,0.014099,1371,107691,0.012078,0.013418,0.012564,0.011033,0.01374,1353,107691,0.011916,0.013247,22.113,23,0.16129
2026Q1,55,0.018769,0.016759,0.021024,1777,94676,0.017924,0.019653,0.017639,0.015819,0.019703,1670,94676,0.01682,0.018497,0.2683,0.23772,0.29855,645,2404,0.25097,0.28637,0.19551,0.16962,0.22241,470,2404,0.18014,0.21184,0.48454,0.41718,0.5428,94,194,0.4152,0.55448,0.24932,0.21892,0.27765,551,2210,0.23173,0.26778,0.15979,0.12772,0.19677,31,194,0.11492,0.21788,0.19864,0.16794,0.22895,439,2210,0.18254,0.21579,0.24957,0.22437,0.27473,437,1751,0.22986,0.27038,0.31973,0.27262,0.37586,141,441,0.27792,0.36465,0.30556,0.22896,0.38151,44,144,0.23618,0.38503,0.33824,0.12626,0.46298,23,68,0.23714,0.45663,0.024948,0.022155,0.028244,2422,97080,0.023986,0.025949,0.024763,0.021896,0.028946,2404,97080,0.023804,0.02576,44.036,42,0.78182
2026Q2,61,0.028266,0.025897,0.030173,2992,105851,0.027285,0.029282,0.026585,0.02438,0.028471,2814,105851,0.025632,0.027571,0.27844,0.2594,0.29961,1153,4141,0.26499,0.29229,0.16928,0.1545,0.18704,701,4141,0.15817,0.18101,0.55854,0.49709,0.62244,229,410,0.51015,0.60584,0.24765,0.22603,0.27039,924,3731,0.23407,0.26176,0.1122,0.069549,0.15895,46,410,0.085175,0.14642,0.17556,0.1617,0.19167,655,3731,0.16368,0.1881,0.25407,0.23448,0.27276,765,3011,0.23884,0.26992,0.3115,0.26231,0.37067,233,748,0.27934,0.34558,0.39474,0.31809,0.47261,90,228,0.33354,0.45942,0.42208,0.36068,0.4833,65,154,0.3469,0.50105,0.037685,0.034213,0.040697,4145,109992,0.036575,0.038826,0.037648,0.032995,0.042177,4141,109992,0.036539,0.038789,67.951,65,0.95082
2026Q3,63,0.016525,0.012212,0.021682,1861,112614,0.015797,0.017287,0.014607,0.011376,0.018227,1645,112614,0.013923,0.015325,0.22149,0.18662,0.25662,536,2420,0.20539,0.23847,0.15331,0.12546,0.18016,371,2420,0.1395,0.16821,0.41379,0.2999,0.50355,108,261,0.35571,0.47437,0.19824,0.16645,0.22995,428,2159,0.18197,0.21559,0.13793,0.053688,0.21379,36,261,0.10132,0.18504,0.15516,0.12982,0.17973,335,2159,0.14051,0.17105,0.19498,0.1621,0.22982,365,1872,0.17766,0.21354,0.256,0.19054,0.31995,96,375,0.21446,0.30249,0.46,0.40462,0.55556,46,100,0.36561,0.55735,0.39726,0.25815,0.57358,29,73,0.29287,0.51193,0.020837,0.015332,0.027491,2397,115034,0.020028,0.021679,0.021037,0.015875,0.027237,2420,115034,0.020224,0.021883,38.048,28,0.49206
2026Q4,1,0.019296,0.019296,0.019296,34,1762,0.013841,0.026843,0.019296,0.019296,0.019296,34,1762,0.013841,0.026843,0.34783,0.34783,0.34783,16,46,0.22681,0.4923,0.28261,0.28261,0.28261,13,46,0.17324,0.42549,0.33333,0.33333,0.33333,1,3,0.06149,0.79235,0.34884,0.34884,0.34884,15,43,0.22418,0.49828,0,0,0,0,3,0,0.56151,0.30233,0.30233,0.30233,13,43,0.18602,0.45106,0.32353,0.32353,0.32353,11,34,0.19131,0.49157,0.57143,0.57143,0.57143,4,7,0.25045,0.84178,0,0,0,0,2,0,0.65763,0.33333,0.33333,0.33333,1,3,0.06149,0.79235,0.027655,0.027655,0.027655,50,1808,0.021039,0.036273,0.025442,0.025442,0.025442,46,1808,0.019128,0.033769,50,50,1
2026-01,21,0.018004,0.014743,0.020764,648,35992,0.016681,0.01943,0.017282,0.014058,0.019769,622,35992,0.015986,0.01868,0.25442,0.24576,0.26743,230,904,0.22711,0.28381,0.19358,0.18589,0.21147,175,904,0.16915,0.22062,0.49091,0.34694,0.59524,27,55,0.36377,0.61924,0.2391,0.2209,0.26099,203,849,0.21163,0.26893,0.12727,0.10526,0.14286,7,55,0.063041,0.24017,0.19788,0.19003,0.21655,168,849,0.17247,0.22601,0.24739,0.23951,0.26263,166,671,0.21624,0.28142,0.30539,0.26943,0.35897,51,167,0.24056,0.37897,0.22642,0.14894,0.31373,12,53,0.13454,0.35527,0.076923,0,0.22222,1,13,0.01371,0.33315,0.023797,0.019766,0.02696,878,36896,0.02229,0.025402,0.024501,0.021151,0.026805,904,36896,0.022973,0.026129,41.81,41,0.85714
2026-02,12,0.01833,0.015141,0.024033,379,20677,0.016589,0.020249,0.017024,0.013638,0.022274,352,20677,0.015348,0.018879,0.31328,0.20423,0.40323,151,482,0.27348,0.35603,0.26141,0.1831,0.33871,126,482,0.22418,0.30242,0.41935,0.14286,0.66667,13,31,0.26415,0.59234,0.30599,0.20741,0.38261,138,451,0.26524,0.35001,0.16129,0.13333,0.22222,5,31,0.070925,0.32635,0.26829,0.18519,0.34783,121,451,0.22948,0.31102,0.29379,0.19091,0.41176,104,354,0.24875,0.34325,0.35227,0.31579,0.38298,31,88,0.26056,0.45634,0.39286,0.125,0.75,11,28,0.23565,0.57591,0.41667,0,0.625,5,12,0.19326,0.68049,0.025048,0.018194,0.03733,530,21159,0.023027,0.027242,0.02278,0.016147,0.035068,482,21159,0.020854,0.024879,44.167,43,0.66667
2026-03,22,0.019733,0.015067,0.023931,750,38007,0.018383,0.021181,0.018312,0.014043,0.022089,696,38007,0.017012,0.01971,0.25933,0.19679,0.30502,264,1018,0.23335,0.28712,0.16601,0.10539,0.21478,169,1018,0.14442,0.19012,0.5,0.43548,0.5283,54,108,0.40733,0.59267,0.23077,0.16956,0.28017,210,910,0.20456,0.25924,0.17593,0.13158,0.20716,19,108,0.11562,0.2585,0.16484,0.10147,0.21463,150,910,0.14215,0.19034,0.23003,0.17413,0.27823,167,726,0.20088,0.26201,0.3172,0.20472,0.38013,59,186,0.2546,0.38721,0.33333,0.24211,0.45833,21,63,0.22949,0.45633,0.39535,0.22222,0.51429,17,43,0.26365,0.54421,0.025983,0.019188,0.032194,1014,39025,0.024451,0.027609,0.026086,0.019698,0.032258,1018,39025,0.02455,0.027715,46.091,48,0.77273
2026-04,20,0.028716,0.026597,0.03144,987,34371,0.027002,0.030535,0.026912,0.024516,0.029395,925,34371,0.025254,0.028677,0.28561,0.2619,0.30189,383,1341,0.26207,0.31037,0.17748,0.17516,0.17947,238,1341,0.15796,0.19884,0.56489,0.4507,0.7,74,131,0.47934,0.64674,0.25537,0.23274,0.27169,309,1210,0.2316,0.28069,0.1374,0.1125,0.17949,18,131,0.088714,0.20676,0.18182,0.17751,0.18681,220,1210,0.1611,0.20455,0.26078,0.23419,0.28653,254,974,0.23418,0.28926,0.30894,0.28851,0.33287,76,246,0.25451,0.36925,0.44444,0.34444,0.55,32,72,0.33539,0.55913,0.42857,0.16667,0.52273,21,49,0.30023,0.5673,0.038362,0.033799,0.042919,1370,35712,0.03642,0.040405,0.03755,0.030172,0.044485,1341,35712,0.035628,0.039572,68.5,64,0.95
2026-05,20,0.029537,0.025465,0.032382,1023,34634,0.027806,0.031373,0.027401,0.023187,0.030448,949,34634,0.025733,0.029173,0.29126,0.24702,0.35226,413,1418,0.2682,0.31544,0.17489,0.13802,0.21502,248,1418,0.15601,0.19554,0.55405,0.4715,0.64228,82,148,0.47361,0.63176,0.26063,0.21053,0.32701,331,1270,0.23723,0.28547,0.12838,0.03125,0.22308,19,148,0.083749,0.19181,0.18031,0.14832,0.21851,229,1270,0.16014,0.20241,0.2762,0.246,0.31624,282,1021,0.24965,0.30443,0.29811,0.19512,0.44891,79,265,0.24624,0.35575,0.35443,0.30233,0.41667,28,79,0.25795,0.46441,0.45283,0.38889,0.63333,24,53,0.32657,0.58546,0.039831,0.033996,0.045332,1436,36052,0.037861,0.0419,0.039332,0.036662,0.041932,1418,36052,0.037374,0.041388,71.8,66.5,1
2026-06,21,0.026651,0.023212,0.030292,982,36846,0.025056,0.028346,0.025512,0.022401,0.02868,940,36846,0.02395,0.027172,0.25832,0.23149,0.27438,357,1382,0.23594,0.28205,0.15557,0.12859,0.1731,215,1382,0.13742,0.17563,0.55725,0.51064,0.62414,73,131,0.47177,0.63948,0.22702,0.1975,0.24924,284,1251,0.20466,0.25105,0.068702,0.02459,0.10909,9,131,0.036562,0.12542,0.16467,0.13716,0.18008,206,1251,0.14515,0.18624,0.22539,0.19068,0.24829,229,1016,0.20076,0.25209,0.32911,0.25517,0.40805,78,237,0.27243,0.39125,0.38961,0.26761,0.59184,30,77,0.28842,0.50129,0.38462,0.28571,0.43902,20,52,0.2647,0.5204,0.035027,0.029996,0.039094,1339,38228,0.03323,0.036917,0.036152,0.0258,0.046764,1382,38228,0.034326,0.03807,63.762,65,0.90476
2026-07,22,0.019466,0.010551,0.036471,767,39403,0.018148,0.020877,0.015938,0.0090301,0.025671,628,39403,0.014748,0.017222,0.21189,0.17288,0.27465,196,925,0.18678,0.23939,0.15459,0.11307,0.21908,143,925,0.13273,0.17932,0.43363,0.27668,0.55645,49,113,0.34592,0.5257,0.18103,0.15262,0.21863,147,812,0.15607,0.209,0.21239,0.059701,0.34028,24,113,0.14708,0.29661,0.14655,0.11927,0.19335,119,812,0.12389,0.17254,0.19766,0.13953,0.27709,152,769,0.17105,0.22728,0.20755,0.10485,0.30909,22,106,0.14125,0.29431,0.48148,0.36364,0.6264,13,27,0.30743,0.66015,0.3913,0.28571,0.55556,9,23,0.22157,0.59215,0.023879,0.012976,0.04464,963,40328,0.022434,0.025415,0.022937,0.013278,0.036687,925,40328,0.021521,0.024444,43.773,29.5,0.5
2026-08,21,0.016273,0.011108,0.021466,611,37547,0.015042,0.017603,0.014835,0.010372,0.019256,557,37547,0.013661,0.016108,0.21272,0.15918,0.26628,184,865,0.18675,0.24123,0.1341,0.096886,0.17625,116,865,0.11301,0.15844,0.41237,0.29851,0.51139,40,97,0.31957,0.51185,0.1875,0.1388,0.2458,144,768,0.16148,0.21664,0.061856,0,0.11029,6,97,0.028654,0.12844,0.14323,0.10712,0.19328,110,768,0.12023,0.16978,0.15705,0.1321,0.20383,98,624,0.13061,0.18769,0.3121,0.13736,0.38624,49,157,0.24484,0.38834,0.41667,0.37143,0.54286,20,48,0.28849,0.55719,0.47222,0.22581,0.85714,17,36,0.31986,0.62994,0.020697,0.014406,0.027368,795,38412,0.01932,0.022169,0.022519,0.01449,0.029933,865,38412,0.021082,0.024051,37.857,31,0.52381
2026-09,20,0.013543,0.0089784,0.018159,483,35664,0.012395,0.014796,0.012898,0.0081976,0.017652,460,35664,0.011778,0.014123,0.24762,0.21328,0.27203,156,630,0.21551,0.28279,0.17778,0.11469,0.20936,112,630,0.1499,0.20956,0.37255,0.26087,0.5,19,51,0.2532,0.50975,0.23661,0.18161,0.25622,137,579,0.2038,0.2729,0.11765,0.084746,0.16,6,51,0.05505,0.23381,0.18307,0.11264,0.21766,106,579,0.1537,0.21663,0.24008,0.19638,0.26337,115,479,0.204,0.28031,0.22321,0.15152,0.32609,25,112,0.15601,0.30878,0.52,0.4182,0.71429,13,25,0.33498,0.69969,0.21429,0.1,0.25,3,14,0.075712,0.4759,0.017606,0.011837,0.023385,639,36294,0.016303,0.019011,0.017358,0.012718,0.022522,630,36294,0.016065,0.018754,31.95,26.5,0.45
