seed,day,spearman,top1_same,top10_overlap
1,0,0.917031985057233,1.0,0.4
1,1,0.9341258357916438,1.0,0.3
1,2,0.9357384534677523,0.0,0.5
1,3,0.9214506041965781,0.0,0.4
1,4,0.9182216436996954,0.0,0.4
1,5,0.9257708337754267,1.0,0.6
1,6,0.9216669069250835,0.0,0.7
1,7,0.9167436249340094,0.0,0.8
1,8,0.9250257140463239,1.0,0.5
1,9,0.9177704492630693,0.0,0.6
1,10,0.9213447733814055,0.0,0.4
1,11,0.9290516556608645,0.0,0.4
1,12,0.9225300819072753,1.0,0.7
1,13,0.9253460850996764,1.0,0.4
1,14,0.9094232542158797,1.0,0.5
1,15,0.9197432895400397,0.0,0.7
1,16,0.9242520497879909,0.0,0.5
1,17,0.9328987349905559,0.0,0.7
1,18,0.9316303491655781,0.0,0.5
1,19,0.9305682844839779,0.0,0.6
1,20,0.9399130591605274,0.0,0.6
1,21,0.9386774593661211,0.0,0.4
1,22,0.9301926610248267,0.0,0.5
1,23,0.9284494864665849,0.0,0.7
1,24,0.9333743133471037,0.0,0.8
1,25,0.9225205505923286,0.0,0.6
1,26,0.9372053789653433,0.0,0.7
1,27,0.9380913007839805,0.0,0.5
1,28,0.9375549857445329,0.0,0.8
1,29,0.9411786501483458,0.0,0.6
1,30,0.9387996581808755,0.0,0.5
1,31,0.9360060327149092,0.0,0.6
1,32,0.9403413401881346,0.0,0.4
1,33,0.9365381034332442,0.0,0.2
1,34,0.9338992151407403,0.0,0.5
1,35,0.9312300492221492,0.0,0.7
1,36,0.9325721140029434,0.0,0.7
1,37,0.9260314219654575,1.0,0.6
1,38,0.920339311088089,0.0,0.5
1,39,0.9134444442596049,0.0,0.6
1,40,0.9275902457109101,0.0,0.6
1,41,0.9292936764523694,0.0,0.8
1,42,0.9194269567169,0.0,0.7
1,43,0.9064879716870031,0.0,0.7
1,44,0.9255336236664012,0.0,0.5
1,45,0.916044140915447,1.0,0.6
1,46,0.9173529324501244,1.0,0.7
1,47,0.9321341087910039,1.0,0.8
1,48,0.9251292166492485,1.0,0.7
1,49,0.932192609590786,0.0,0.7
1,50,0.9115278923586437,0.0,0.7
1,51,0.926447547433244,1.0,0.3
1,52,0.9400058235439357,1.0,0.5
1,53,0.9387438879660819,0.0,0.7
1,54,0.941808187201395,0.0,0.4
1,55,0.9403115516401322,0.0,0.5
1,56,0.9391482476544326,1.0,0.4
1,57,0.932249407347149,0.0,0.7
1,58,0.9453009766800023,1.0,0.8
1,59,0.941168310636643,0.0,0.8
1,60,0.9402850042603539,1.0,0.7
1,61,0.9253380845917483,0.0,0.9
1,62,0.9093094547851707,1.0,0.5
1,63,0.884968289762102,0.0,0.3
1,64,0.9013828118366476,0.0,0.4
1,65,0.9160767287052348,0.0,0.5
1,66,0.9197901888222453,0.0,0.4
1,67,0.9354955147573283,1.0,0.8
1,68,0.9270355245161699,0.0,0.4
1,69,0.9403127170739961,0.0,0.6
1,70,0.9381354738946447,0.0,0.6
1,71,0.9418482120480673,0.0,0.8
1,72,0.9247476710478509,1.0,0.3
1,73,0.9315104476249869,0.0,0.4
1,74,0.9296342577123724,0.0,0.5
1,75,0.9283182128847746,0.0,0.4
1,76,0.9403562509707126,0.0,0.4
1,77,0.9377444796270025,1.0,0.4
1,78,0.9328189845309011,1.0,0.4
1,79,0.9220438651049104,1.0,0.3
1,80,0.9372999818315028,1.0,0.4
1,81,0.9458782806854172,0.0,0.6
1,82,0.9372442506401885,0.0,0.3
1,83,0.9457277527080316,0.0,0.2
1,84,0.9267864247238407,0.0,0.5
1,85,0.9403492292370185,0.0,0.5
1,86,0.9358381161282324,0.0,0.6
1,87,0.9412684704269259,0.0,0.8
1,88,0.9337752992015229,1.0,0.7
1,89,0.9403844102356811,1.0,0.7
1,90,0.9447562777885428,1.0,0.7
1,91,0.9505874713615796,1.0,0.8
1,92,0.9436819656701216,1.0,0.7
1,93,0.9485828157486006,0.0,0.8
1,94,0.9499356467621818,0.0,0.6
1,95,0.9464615436971366,0.0,0.7
1,96,0.9388637075618599,1.0,0.7
1,97,0.9371471807006897,0.0,0.9
1,98,0.9535782460406278,0.0,0.9
1,99,0.946332546646274,1.0,0.7
1,100,0.9477691699396273,0.0,0.6
1,101,0.951889517459577,0.0,0.7
1,102,0.9555845584575402,1.0,0.7
1,103,0.9531208171957067,0.0,0.8
1,104,0.9489184109038116,0.0,0.9
1,105,0.9567192625134369,1.0,0.6
1,106,0.9579463536547502,1.0,0.8
1,107,0.9486540948690328,1.0,0.5
1,108,0.9455828550528689,1.0,0.7
1,109,0.954570784995069,1.0,1.0
1,110,0.9525410394466366,1.0,0.7
1,111,0.9460870556160601,0.0,0.9
1,112,0.9404507528127123,1.0,0.6
1,113,0.9370396293293889,1.0,0.4
1,114,0.939734810428087,1.0,0.8
1,115,0.9458017019089976,1.0,0.4
1,116,0.9428405657401291,1.0,0.5
1,117,0.9416868252661831,1.0,0.5
1,118,0.9411280318114185,1.0,0.7
1,119,0.954515079922688,0.0,0.6
1,120,0.9504672702622597,0.0,0.7
1,121,0.9539691696157316,0.0,0.7
1,122,0.9560165087214819,0.0,0.7
1,123,0.9467164069139936,0.0,0.7
1,124,0.9564452966040242,1.0,0.8
2,0,0.9132033496286657,0.0,0.1
2,1,0.9226242052843302,0.0,0.1
2,2,0.9220324491604878,0.0,0.4
2,3,0.9134082058830509,1.0,0.5
2,4,0.9201394674747645,0.0,0.4
2,5,0.9226926710318822,0.0,0.7
2,6,0.9195386326728158,0.0,0.4
2,7,0.914818254688831,0.0,0.7
2,8,0.9235373807322728,0.0,0.3
2,9,0.9122377655133079,0.0,0.6
2,10,0.9182105868862802,0.0,0.6
2,11,0.9278014065260303,0.0,0.3
2,12,0.9239188009079716,0.0,0.2
2,13,0.9300867793264419,0.0,0.4
2,14,0.9087754861422369,0.0,0.6
2,15,0.9105655851999492,0.0,0.7
2,16,0.9023571652102623,0.0,0.7
2,17,0.9287020307762255,0.0,0.8
2,18,0.9302113349234868,0.0,0.5
2,19,0.9369818251213552,0.0,0.6
2,20,0.93740441909267,0.0,0.9
2,21,0.9292321629099755,1.0,0.5
2,22,0.9238279876248696,1.0,0.6
2,23,0.9169887054716905,0.0,0.7
2,24,0.9287813895600516,1.0,0.7
2,25,0.9241104220228376,0.0,0.5
2,26,0.9352998122732271,0.0,0.4
2,27,0.9378494804531403,1.0,0.7
2,28,0.9464037209563517,0.0,0.7
2,29,0.9380268105747056,0.0,0.4
2,30,0.9418446841749514,0.0,0.6
2,31,0.9376363910867078,0.0,0.6
2,32,0.939457249222639,0.0,0.3
2,33,0.9392023182128314,0.0,0.5
2,34,0.9333005449055118,0.0,0.5
2,35,0.928973563169282,0.0,0.6
2,36,0.9301331808725566,1.0,0.7
2,37,0.9248803952876721,0.0,0.6
2,38,0.9250266119646899,0.0,0.7
2,39,0.9151588562433507,0.0,0.8
2,40,0.9258056043919036,0.0,0.5
2,41,0.9249821795460602,0.0,0.8
2,42,0.9151459221421437,0.0,0.6
2,43,0.8981253333288987,0.0,0.4
2,44,0.910532456927223,0.0,0.4
2,45,0.8930770564211012,1.0,0.6
2,46,0.9285705814725131,1.0,0.8
2,47,0.9271045929279453,1.0,0.7
2,48,0.9273327934500705,1.0,0.5
2,49,0.9318704650876939,0.0,0.6
2,50,0.9144731419370434,0.0,0.8
2,51,0.9336895858709807,1.0,0.8
2,52,0.9331892241083436,1.0,0.5
2,53,0.9333350871674924,1.0,0.6
2,54,0.9395148163764218,0.0,0.5
2,55,0.9369067605547051,0.0,0.5
2,56,0.937857566548808,0.0,0.6
2,57,0.9308643527649013,0.0,0.6
2,58,0.9290331119313449,1.0,0.3
2,59,0.9389975114966078,1.0,0.6
2,60,0.9464952774429288,1.0,0.7
2,61,0.9338259076645224,0.0,0.8
2,62,0.930358382310147,1.0,0.3
2,63,0.9139868764856264,1.0,0.6
2,64,0.9187062426525475,0.0,0.5
2,65,0.9128956902184011,0.0,0.3
2,66,0.9238791953941955,0.0,0.4
2,67,0.9328989922248344,1.0,0.8
2,68,0.9316090537372611,1.0,0.6
2,69,0.9356013774928619,0.0,0.7
2,70,0.9321919129556209,0.0,0.7
2,71,0.9356880593677945,0.0,0.8
2,72,0.9148149581273639,1.0,0.2
2,73,0.9262926387349596,0.0,0.2
2,74,0.9266350189367626,1.0,0.3
2,75,0.9357789397236068,0.0,0.2
2,76,0.9367871576959513,0.0,0.5
2,77,0.9253389039353256,0.0,0.5
2,78,0.9247663249182088,1.0,0.4
2,79,0.9223276911038488,1.0,0.5
2,80,0.9322319152587191,1.0,0.5
2,81,0.9309418424717384,0.0,0.4
2,82,0.9435370721601343,0.0,0.2
2,83,0.9463691562820742,0.0,0.3
2,84,0.928361518884094,0.0,0.6
2,85,0.9385620271992411,0.0,0.7
2,86,0.9349720844154139,1.0,0.6
2,87,0.9375486547538868,0.0,0.9
2,88,0.9300600887607379,0.0,0.8
2,89,0.9406720118075335,1.0,0.7
2,90,0.9281221238211202,1.0,0.6
2,91,0.9412350566876313,1.0,0.6
2,92,0.9397594767772932,1.0,0.7
2,93,0.9394572309919488,1.0,0.8
2,94,0.9421318340149616,0.0,0.8
2,95,0.9361562611474391,1.0,0.7
2,96,0.9258417200543031,1.0,0.6
2,97,0.9282772240043563,0.0,0.7
2,98,0.9416367662104941,0.0,0.9
2,99,0.9326549982679514,0.0,0.8
2,100,0.9398930732937371,0.0,0.6
2,101,0.9481550355128421,0.0,0.5
2,102,0.9510595076168089,1.0,0.8
2,103,0.9509165338548213,1.0,0.9
2,104,0.9476479214893767,0.0,0.9
2,105,0.9542833508316222,1.0,0.7
2,106,0.9392360786463049,0.0,0.7
2,107,0.9519698370467256,0.0,0.7
2,108,0.9483266282000742,1.0,0.7
2,109,0.949315494350729,1.0,0.9
2,110,0.947279938738143,1.0,0.8
2,111,0.9372882995213151,0.0,0.7
2,112,0.9329796762559149,0.0,0.7
2,113,0.9334122648408344,1.0,0.3
2,114,0.9227359801485523,0.0,0.3
2,115,0.940787062422062,1.0,0.4
2,116,0.9357961035652326,0.0,0.4
2,117,0.9378606596350366,1.0,0.4
2,118,0.9427206049016734,1.0,0.6
2,119,0.9529816750675674,0.0,0.4
2,120,0.9527082680114639,1.0,0.6
2,121,0.9566111467669192,0.0,0.5
2,122,0.9586497378386581,0.0,0.8
2,123,0.9554197733532804,0.0,0.7
2,124,0.9563641630105484,0.0,0.7
3,0,0.9306928414430503,0.0,0.4
3,1,0.9364175281196372,0.0,0.2
3,2,0.9311733305805873,0.0,0.5
3,3,0.9163309113483163,0.0,0.4
3,4,0.9121325922707283,1.0,0.6
3,5,0.9152115314995658,1.0,0.5
3,6,0.9206388051154726,0.0,0.2
3,7,0.9150956163999721,0.0,0.4
3,8,0.9199360919659614,0.0,0.4
3,9,0.9122610084312124,0.0,0.7
3,10,0.9167221595306941,0.0,0.5
3,11,0.9247632119078113,0.0,0.6
3,12,0.9203083913515435,1.0,0.3
3,13,0.9260062032167766,1.0,0.3
3,14,0.8952970254128002,1.0,0.7
3,15,0.8966007695692262,0.0,0.6
3,16,0.899171113985366,0.0,0.5
3,17,0.9210764190260077,0.0,0.4
3,18,0.9183522172414346,0.0,0.6
3,19,0.9238852461025728,0.0,0.4
3,20,0.9331716192695321,0.0,0.8
3,21,0.9329530803267392,0.0,0.6
3,22,0.9118699417204076,0.0,0.4
3,23,0.9143154988574768,0.0,0.7
3,24,0.9135091925070954,0.0,0.6
3,25,0.917911343848339,1.0,0.8
3,26,0.9260648261045304,0.0,0.6
3,27,0.9284232148526758,1.0,0.4
3,28,0.9446055084844418,0.0,0.5
3,29,0.9332228464323562,0.0,0.4
3,30,0.9320050664382641,0.0,0.6
3,31,0.9302060898455486,0.0,0.6
3,32,0.9307346334298549,0.0,0.5
3,33,0.9380414482004394,0.0,0.6
3,34,0.9393925341270194,0.0,0.8
3,35,0.9350461937116135,0.0,0.6
3,36,0.925928395554218,0.0,0.8
3,37,0.9116983274942317,0.0,0.7
3,38,0.9256038032538269,0.0,0.7
3,39,0.9129841748894141,0.0,0.7
3,40,0.9307590196739647,0.0,0.5
3,41,0.9283990921692212,0.0,0.7
3,42,0.9170867636436084,0.0,0.6
3,43,0.9083306331734772,0.0,0.6
3,44,0.923025315357083,0.0,0.4
3,45,0.9134730282186685,0.0,0.5
3,46,0.9186429464191905,0.0,0.8
3,47,0.9330288820112084,0.0,0.8
3,48,0.9309959067725005,0.0,0.4
3,49,0.9269793551375752,0.0,0.6
3,50,0.905162046342502,0.0,0.7
3,51,0.9243995614183005,1.0,0.6
3,52,0.9314165618067414,1.0,0.8
3,53,0.9286113452331464,1.0,0.7
3,54,0.932603229906011,0.0,0.6
3,55,0.9421862648865109,0.0,0.5
3,56,0.939046874805395,0.0,0.5
3,57,0.93043266050812,0.0,0.8
3,58,0.9330550418521005,1.0,0.8
3,59,0.9416290975745402,0.0,0.8
3,60,0.9365126518188608,0.0,0.8
3,61,0.9314325933382087,1.0,0.6
3,62,0.9238857876723912,1.0,0.3
3,63,0.9006757983819631,1.0,0.7
3,64,0.9032305962118855,0.0,0.7
3,65,0.9178304111968568,1.0,0.6
3,66,0.920631779354872,0.0,0.5
3,67,0.9302017252942609,1.0,0.8
3,68,0.9330504672952339,0.0,0.7
3,69,0.927017887190313,0.0,0.4
3,70,0.9293534669533018,1.0,0.5
3,71,0.9408804776448321,0.0,0.8
3,72,0.9032459845837316,1.0,0.3
3,73,0.9188057900190171,0.0,0.4
3,74,0.921639391602225,1.0,0.5
3,75,0.9318970334413607,0.0,0.5
3,76,0.9360729717298907,1.0,0.6
3,77,0.9267165798936716,0.0,0.6
3,78,0.9173861237701678,1.0,0.4
3,79,0.9118554998672271,1.0,0.4
3,80,0.9212604539338963,1.0,0.5
3,81,0.9246780350295043,1.0,0.4
3,82,0.9294379369876475,1.0,0.2
3,83,0.946777631663254,0.0,0.6
3,84,0.9289711971012244,0.0,0.5
3,85,0.9423098677417536,0.0,0.7
3,86,0.9382174436380157,0.0,0.7
3,87,0.9375197815808696,0.0,0.8
3,88,0.9177558367463778,1.0,0.7
3,89,0.937722335715582,1.0,0.7
3,90,0.9261855387510247,1.0,0.7
3,91,0.9416437695000586,1.0,0.7
3,92,0.9333045468748206,1.0,0.6
3,93,0.9455611310424367,1.0,0.8
3,94,0.9368820676312524,0.0,0.7
3,95,0.9339406580901836,1.0,0.8
3,96,0.9334195082588861,1.0,0.6
3,97,0.9285173507019645,0.0,0.7
3,98,0.9517465743537379,0.0,0.9
3,99,0.9298065462476897,0.0,0.6
3,100,0.9240544579675173,1.0,0.8
3,101,0.9375107479928482,0.0,0.7
3,102,0.9454074245931328,1.0,0.7
3,103,0.9454845292643789,1.0,0.8
3,104,0.9397056124125858,1.0,0.9
3,105,0.9461657783175441,1.0,0.6
3,106,0.9380495680750811,0.0,0.7
3,107,0.9509578929429618,0.0,0.7
3,108,0.9448936796488668,1.0,0.6
3,109,0.9541961549088741,0.0,0.9
3,110,0.9526998382193904,1.0,0.7
3,111,0.9388105674846722,0.0,0.7
3,112,0.9444593495845789,1.0,0.8
3,113,0.9373316817332094,0.0,0.6
3,114,0.9273348294513412,0.0,0.5
3,115,0.9450939336016978,1.0,0.8
3,116,0.9403639122886123,0.0,0.6
3,117,0.9332356468626097,1.0,0.5
3,118,0.9359152615315892,0.0,0.8
3,119,0.9528147240485968,1.0,0.6
3,120,0.9522753760816672,0.0,0.7
3,121,0.9453211509419203,0.0,0.6
3,122,0.9507530820537498,0.0,0.8
3,123,0.9471464621807941,0.0,0.6
3,124,0.9505652927644168,0.0,0.6
