ym,days,base,lu_mean,lu_min,cool,breadth,mkt_r20,year,pctile_vs_2325
2023-01,7.0,0.006295130531383078,9.714285714285714,2.0,0.7142857142857143,0.6210973858833313,0.04755021631717682,2023,0.0
2023-02,18.0,0.008884536010353633,14.11111111111111,5.0,0.6111111111111112,0.8421136736869812,0.07948244363069534,2023,0.16666666666666666
2023-03,23.0,0.009237875288683603,14.782608695652174,2.0,0.5217391304347826,0.5922263264656067,0.012658228166401386,2023,0.19444444444444445
2023-04,17.0,0.012510486194696722,20.176470588235293,5.0,0.29411764705882354,0.6183173060417175,0.017615176737308502,2023,0.5
2023-05,22.0,0.010286921708185053,16.818181818181817,5.0,0.36363636363636365,0.5292317867279053,0.026191238313913345,2023,0.3611111111111111
2023-06,20.0,0.012876571876602032,21.35,11.0,0.2,0.6843069791793823,0.029972752556204796,2023,0.6111111111111112
2023-07,21.0,0.015105826126536185,25.285714285714285,10.0,0.09523809523809523,0.4893608093261719,-0.005689900368452072,2023,0.75
2023-08,22.0,0.0073573328989520554,12.318181818181818,3.0,0.6363636363636364,0.34157267212867737,-0.012788241729140282,2023,0.05555555555555555
2023-09,20.0,0.007219892150988616,12.05,3.0,0.65,0.5729774236679077,0.0019047618843615055,2023,0.027777777777777776
2023-10,20.0,0.009620314243493472,15.95,7.0,0.55,0.3899080753326416,-0.024703841656446457,2023,0.25
2023-11,22.0,0.011212179504795406,18.545454545454547,8.0,0.4090909090909091,0.7260273694992065,0.07360000163316727,2023,0.4444444444444444
2023-12,21.0,0.008669354838709677,14.333333333333334,4.0,0.5238095238095238,0.6018822193145752,0.005791505798697472,2023,0.1388888888888889
2024-01,22.0,0.010044734747646623,16.636363636363637,5.0,0.45454545454545453,0.40251442790031433,-0.011479591950774193,2024,0.3055555555555556
2024-02,13.0,0.018666049096804076,31.0,10.0,0.15384615384615385,0.6926679611206055,0.05394590646028519,2024,0.8888888888888888
2024-03,21.0,0.012747552925108126,21.333333333333332,4.0,0.2857142857142857,0.5339327454566956,0.0046974243596196175,2024,0.5555555555555556
2024-04,20.0,0.016797047970479706,28.45,8.0,0.05,0.5259931087493896,0.01650165021419525,2024,0.8055555555555556
2024-05,22.0,0.016707201015121076,28.727272727272727,14.0,0.045454545454545456,0.6202067732810974,0.029411764815449715,2024,0.7777777777777778
2024-06,19.0,0.016809782443790392,29.157894736842106,15.0,0.0,0.6046250462532043,0.02654867246747017,2024,0.8333333333333334
2024-07,21.0,0.01854680340388392,32.38095238095238,11.0,0.047619047619047616,0.5200238823890686,-0.03127787262201309,2024,0.8611111111111112
2024-08,22.0,0.01944810820596374,34.18181818181818,0.0,0.13636363636363635,0.453647255897522,0.023474179208278656,2024,0.9166666666666666
2024-09,20.0,0.01432844324170346,25.15,9.0,0.15,0.47044363617897034,-0.012048192322254181,2024,0.6944444444444444
2024-10,19.0,0.013161848668790192,23.05263157894737,10.0,0.05263157894736842,0.4617798924446106,-0.036745406687259674,2024,0.6388888888888888
2024-11,21.0,0.010470062165994111,18.285714285714285,4.0,0.19047619047619047,0.3513219952583313,-0.02871410734951496,2024,0.3888888888888889
2024-12,22.0,0.009831607572429662,17.09090909090909,4.0,0.5,0.3923921585083008,-0.03144654259085655,2024,0.2777777777777778
2025-01,15.0,0.007488191697707461,13.0,5.0,0.6,0.32849958539009094,-0.016579246148467064,2025,0.08333333333333333
2025-02,19.0,0.011352914320499162,19.63157894736842,4.0,0.3157894736842105,0.7388337850570679,0.05677473545074463,2025,0.4722222222222222
2025-03,21.0,0.008148209320890798,14.095238095238095,1.0,0.47619047619047616,0.35809627175331116,-0.09812360256910324,2025,0.1111111111111111
2025-04,16.0,0.020102497473653818,34.8125,0.0,0.1875,0.26149260997772217,-0.049837954342365265,2025,0.9444444444444444
2025-05,20.0,0.012688091607445983,22.05,6.0,0.2,0.7930140495300293,0.0368325375020504,2025,0.5277777777777778
2025-06,21.0,0.010152145359019265,17.666666666666668,5.0,0.2857142857142857,0.43806520104408264,0.018916722387075424,2025,0.3333333333333333
2025-07,23.0,0.009287847980520621,16.08695652173913,3.0,0.30434782608695654,0.5434108376502991,-0.0031347961630672216,2025,0.2222222222222222
2025-08,21.0,0.020999315537303217,36.523809523809526,19.0,0.0,0.6637121438980103,0.05702858418226242,2025,0.9722222222222222
2025-09,21.0,0.015086089095381252,26.285714285714285,11.0,0.09523809523809523,0.5033854246139526,0.006371375638991594,2025,0.7222222222222222
2025-10,20.0,0.012755542758422113,22.15,13.0,0.15,0.43261584639549255,-0.013544087298214436,2025,0.5833333333333334
2025-11,20.0,0.01116593092703194,19.35,5.0,0.2,0.3427378535270691,-0.014634146355092525,2025,0.4166666666666667
2025-12,22.0,0.014124588794318835,24.59090909090909,9.0,0.09090909090909091,0.5956520438194275,0.02187499962747097,2025,0.6666666666666666
2026-01,21.0,0.02379661751951431,41.80952380952381,17.0,0.0,0.6388192772865295,0.017440535128116608,2026,1.0
2026-02,12.0,0.025048442743040786,44.166666666666664,10.0,0.08333333333333333,0.3851105868816376,0.0021276595070958138,2026,1.0
2026-03,22.0,0.02598334401024984,46.09090909090909,10.0,0.09090909090909091,0.4506969749927521,-0.04813366383314133,2026,1.0
2026-04,20.0,0.03836245519713262,68.5,28.0,0.0,0.5997734069824219,0.09249334037303925,2026,1.0
2026-05,20.0,0.03983135470986353,71.8,35.0,0.0,0.5799448490142822,0.06332540512084961,2026,1.0
2026-06,21.0,0.035026682013184054,63.76190476190476,14.0,0.047619047619047616,0.570720374584198,-0.0014104372821748257,2026,1.0
2026-07,22.0,0.023879190636778416,43.77272727272727,4.0,0.3181818181818182,0.3315874934196472,-0.13814181089401245,2026,1.0
2026-08,21.0,0.02069665729459544,37.857142857142854,14.0,0.047619047619047616,0.5965472459793091,0.06791975349187851,2026,0.9722222222222222
2026-09,20.0,0.017606215903455118,31.95,10.0,0.05,0.48571357131004333,0.018002206459641457,2026,0.8611111111111112
2026-10,1.0,0.02765486725663717,50.0,50.0,0.0,0.6631823182106018,0.00976801011711359,2026,1.0
