rank,code,name,mkt,score,close,atr14,atr_rank
1,3441,聯一光,otc,-0.6198,211.0,0.0633,26
2,1721,國慶科技,tse,-0.6304,27.35,0.0491,128
3,4923,力士,otc,-0.8424,66.6,0.0635,25
4,3624,光頡,otc,-0.8554,148.5,0.0765,8
5,3675,德微,otc,-0.8847,360.0,0.0588,50
6,3354,律勝,otc,-0.898,30.1,0.0771,4
7,6715,嘉基,tse,-0.8995,449.0,0.0718,13
8,2426,鼎元,tse,-0.9008,104.0,0.0602,41
9,6182,合晶,otc,-0.9385,135.0,0.0616,34
10,2342,茂矽,tse,-0.9691,51.3,0.0568,63
11,6456,GIS-KY,tse,-0.9727,92.9,0.0545,83
12,8042,金山電,otc,-0.9946,121.0,0.0482,135
13,6432,今展科,otc,-1.0448,66.6,0.0485,132
14,3467,台灣精材,otc,-1.0516,73.2,0.0779,2
15,3576,聯合再生,tse,-1.0532,19.35,0.045,161
16,5285,界霖,tse,-1.0621,99.0,0.0482,136
17,6274,台燿,otc,-1.0849,1620.0,0.0567,65
18,6155,鈞寶,tse,-1.0958,72.5,0.0414,207
19,4919,新唐,tse,-1.1185,163.0,0.0565,68
20,3167,大量,tse,-1.1618,981.0,0.0542,87
21,8046,南電,tse,-1.1643,1460.0,0.0528,95
22,6213,聯茂,tse,-1.1763,683.0,0.0555,75
23,3229,晟鈦,tse,-1.1863,58.8,0.0762,9
24,2484,希華,tse,-1.1985,86.5,0.0457,153
25,6173,信昌電,otc,-1.2127,303.0,0.0759,10
26,6227,茂綸,otc,-1.2234,140.5,0.0577,53
27,6706,惠特,tse,-1.2295,154.5,0.077,6
28,8039,台虹,tse,-1.2328,296.0,0.0498,125
29,2455,全新,tse,-1.2428,580.0,0.0515,106
30,3455,由田,otc,-1.2966,280.0,0.0626,28
31,3031,佰鴻,tse,-1.3017,32.8,0.0532,92
32,2327,國巨*,tse,-1.3022,626.0,0.0472,140
33,4127,天良,otc,-1.3076,45.6,0.0589,49
34,3498,陽程,otc,-1.3109,215.0,0.0688,16
35,3147,大綜,otc,-1.3187,264.5,0.0423,191
36,3162,精確,otc,-1.3249,89.6,0.049,129
37,3490,單井,otc,-1.3476,50.7,0.0495,126
38,6742,澤米,tse,-1.3729,57.7,0.0571,59
39,6588,東典光電,otc,-1.3843,114.0,0.0567,64
40,6127,九豪,otc,-1.3863,58.4,0.0412,210
41,3234,光環,otc,-1.3991,181.5,0.06,44
42,2340,台亞,tse,-1.4316,45.75,0.0502,119
43,6187,萬潤,otc,-1.432,1355.0,0.0506,113
44,6120,達運,tse,-1.4418,15.25,0.0391,235
45,3042,晶技,tse,-1.4427,230.5,0.0535,90
46,1809,中釉,tse,-1.462,47.55,0.0476,139
47,1569,濱川,otc,-1.4624,66.5,0.0574,57
48,6531,愛普*,tse,-1.4666,1000.0,0.0565,69
49,3026,禾伸堂,tse,-1.4803,835.0,0.0624,29
50,3189,景碩,tse,-1.4914,1050.0,0.0465,146
51,6205,詮欣,tse,-1.494,73.7,0.0523,99
52,7788,松川精密,tse,-1.4949,307.0,0.0465,145
53,3149,正達,tse,-1.5061,77.3,0.0453,160
54,7795,長廣,tse,-1.5133,548.0,0.055,78
55,8182,加高,otc,-1.5239,46.4,0.0406,219
56,3532,台勝科,tse,-1.5404,475.5,0.0599,45
57,3623,富晶通,otc,-1.5419,30.55,0.0445,166
58,8121,越峰,otc,-1.5438,34.1,0.0402,222
59,6133,金橋,tse,-1.5445,29.1,0.0594,48
60,6727,亞泰金屬,otc,-1.5552,516.0,0.052,103
61,6505,台塑化,tse,-1.5555,100.0,0.0486,131
62,2338,光罩,tse,-1.5762,49.65,0.0644,22
63,3037,欣興,tse,-1.5928,1305.0,0.0436,177
64,6716,應廣,otc,-1.5942,121.0,0.0425,187
65,6148,驊宏資,otc,-1.6102,38.1,0.0656,20
66,3066,李洲,otc,-1.6136,29.0,0.0623,30
67,6292,迅德,otc,-1.6344,70.9,0.0308,367
68,5464,霖宏,otc,-1.6428,90.7,0.0569,62
69,4768,晶呈科技,otc,-1.6589,374.5,0.0558,73
70,6257,矽格,tse,-1.6839,257.5,0.0505,116
71,1595,川寶,otc,-1.6849,79.3,0.0602,43
72,3339,泰谷,otc,-1.7069,47.0,0.0552,76
73,5483,中美晶,otc,-1.7237,221.5,0.0493,127
74,2032,新鋼,tse,-1.7361,20.05,0.0401,224
75,6116,彩晶,tse,-1.7407,16.05,0.0481,138
76,5328,華容,otc,-1.744,59.1,0.0448,164
77,3221,台嘉碩,otc,-1.7481,56.0,0.0409,213
78,4912,聯德控股-KY,tse,-1.7489,106.0,0.0398,230
79,3581,博磊,otc,-1.7666,118.5,0.0502,120
80,6435,大中,otc,-1.7666,277.0,0.0329,336
81,4551,智伸科,tse,-1.7825,186.0,0.0417,199
82,4906,正文,tse,-1.8009,41.85,0.0409,215
83,8996,高力,tse,-1.8065,1510.0,0.0771,5
84,6907,雅特力-KY,otc,-1.814,200.5,0.0371,264
85,2069,運錩,tse,-1.8182,25.95,0.0571,60
86,2025,千興,tse,-1.8255,14.3,0.0377,255
87,1815,富喬,otc,-1.8317,121.0,0.0534,91
88,2302,麗正,tse,-1.8362,46.5,0.0456,155
89,2434,統懋,tse,-1.8547,63.0,0.0641,24
90,3653,健策,tse,-1.8553,6800.0,0.0565,70
91,6861,睿生光電,tse,-1.8714,296.0,0.0777,3
92,6239,力成,tse,-1.878,308.0,0.0372,261
93,8358,金居,otc,-1.8884,519.0,0.0506,114
94,4960,誠美材,tse,-1.8953,24.55,0.0509,110
95,6683,雍智科技,otc,-1.8954,1490.0,0.0769,7
96,3406,玉晶光,tse,-1.9015,961.0,0.0717,14
97,2468,華經,tse,-1.9086,45.35,0.0581,52
98,1326,台化,tse,-1.9148,71.7,0.0414,205
99,8043,蜜望實,otc,-1.963,142.0,0.04,226
100,3265,台星科,otc,-1.9722,188.0,0.0462,149
101,6743,安普新,tse,-1.9737,35.45,0.0316,354
102,6141,柏承,tse,-1.9773,51.0,0.0521,102
103,6830,汎銓,tse,-1.9801,547.0,0.0566,67
104,6443,元晶,tse,-1.9808,28.75,0.0507,112
105,5425,台半,otc,-2.0021,102.0,0.0368,276
106,5351,鈺創,otc,-2.0082,116.0,0.0425,188
107,4707,磐亞,otc,-2.0125,30.15,0.047,142
108,2483,百容,tse,-2.0126,37.0,0.0366,279
109,6217,中探針,otc,-2.0149,177.5,0.0521,101
110,6617,共信-KY,otc,-2.0242,131.5,0.0524,98
111,6515,穎崴,tse,-2.0271,6070.0,0.0614,37
112,5309,系統電,otc,-2.0294,65.7,0.0364,281
113,2243,宏旭-KY,tse,-2.0476,52.8,0.0434,180
114,4989,榮科,tse,-2.0524,63.9,0.0352,295
115,3529,力旺,otc,-2.055,3170.0,0.0616,35
116,6150,撼訊,otc,-2.0663,68.5,0.0348,302
117,5475,德宏,otc,-2.0978,180.5,0.0576,54
118,6872,浩宇生醫,otc,-2.1048,23.1,0.0739,11
119,6909,創控,tse,-2.1267,44.35,0.0395,232
120,6739,竹陞科技,otc,-2.1278,1175.0,0.0602,42
121,3685,元創精密,otc,-2.1326,36.0,0.0359,287
122,8215,明基材,tse,-2.1366,29.7,0.045,162
123,6603,富強鑫,otc,-2.148,29.25,0.0543,85
124,6221,晉泰,otc,-2.1551,30.25,0.0681,18
125,6108,競國,tse,-2.1561,25.7,0.0402,223
126,2404,漢唐,tse,-2.1578,1285.0,0.0516,105
127,3450,聯鈞,tse,-2.1737,543.0,0.0566,66
128,6693,廣閎科,otc,-2.1764,206.0,0.0595,47
129,3141,晶宏,otc,-2.1767,87.1,0.05,121
130,6122,擎邦,otc,-2.1781,63.9,0.0282,414
131,6441,廣錠,otc,-2.1817,24.95,0.0504,117
132,2363,矽統,tse,-2.1868,62.4,0.0416,202
133,1708,東鹼,tse,-2.1899,56.2,0.0283,412
134,6202,盛群,tse,-2.1927,63.2,0.0275,431
135,1711,永光,tse,-2.1938,43.0,0.0335,324
136,1303,南亞,tse,-2.1991,260.0,0.0514,108
137,7777,能率亞洲,otc,-2.2035,39.2,0.0323,346
138,2413,環科,tse,-2.2048,52.3,0.055,77
139,8438,昶昕,tse,-2.2064,84.2,0.0394,233
140,4939,亞電,otc,-2.2143,79.2,0.0596,46
141,3324,雙鴻,otc,-2.2195,1505.0,0.0698,15
142,5426,振發,otc,-2.2345,29.65,0.0281,417
143,6770,力積電,tse,-2.2363,76.5,0.0372,262
144,8240,華宏,otc,-2.2432,60.6,0.0428,182
145,4772,台特化,otc,-2.2463,281.5,0.0349,300
146,3714,富采,tse,-2.2695,70.8,0.0416,201
147,2491,吉祥全,tse,-2.2777,41.45,0.0434,179
148,4714,永捷,otc,-2.2973,12.35,0.0434,181
149,2367,燿華,tse,-2.3064,45.15,0.0254,475
150,8261,富鼎,tse,-2.3071,186.5,0.0437,175
151,5230,雷笛克光學,otc,-2.3083,22.25,0.0546,81
152,8084,巨虹,otc,-2.3106,21.8,0.0975,1
153,6548,長科*,otc,-2.3134,76.7,0.0391,234
154,8040,九暘,otc,-2.3172,95.7,0.0513,109
155,3535,晶彩科,tse,-2.3197,92.9,0.0391,237
156,2481,強茂,tse,-2.3333,174.5,0.0561,72
157,2402,毅嘉,tse,-2.3367,59.1,0.0285,406
158,1597,直得,tse,-2.3375,148.0,0.05,122
159,6199,天品,otc,-2.3464,132.0,0.0422,193
160,2241,艾姆勒,tse,-2.3511,43.75,0.0528,96
161,6147,頎邦,otc,-2.3542,223.0,0.0545,84
162,6691,洋基工程,tse,-2.355,741.0,0.0339,311
163,3008,大立光,tse,-2.3568,6290.0,0.0576,55
164,3665,貿聯-KY,tse,-2.3688,2540.0,0.0543,86
165,3090,日電貿,tse,-2.3942,173.5,0.0358,290
166,6640,均華,otc,-2.4246,1125.0,0.0644,21
167,1309,台達化,tse,-2.4313,14.3,0.0335,325
168,1714,和桐,tse,-2.4318,16.85,0.0369,271
169,1710,東聯,tse,-2.4366,17.15,0.0377,256
170,3163,波若威,otc,-2.455,713.0,0.0412,209
171,6885,全福生技,tse,-2.4585,30.4,0.0604,40
172,2489,瑞軒,tse,-2.4592,41.15,0.0547,80
173,6449,鈺邦,tse,-2.4665,224.5,0.0442,168
174,2360,致茂,tse,-2.4713,2190.0,0.061,39
175,3537,堡達,otc,-2.4827,56.8,0.0274,432
176,6224,聚鼎,tse,-2.4855,80.8,0.0481,137
177,3372,典範,otc,-2.4922,16.9,0.0404,221
178,3550,聯穎,tse,-2.5237,25.8,0.0437,173
179,3551,世禾,otc,-2.5383,199.5,0.0303,375
180,2375,凱美,tse,-2.5528,126.0,0.038,249
181,4979,華星光,otc,-2.557,585.0,0.0575,56
182,5347,世界,otc,-2.5576,187.0,0.0426,184
183,7714,創泓科技,otc,-2.5637,171.0,0.0549,79
184,3543,州巧,tse,-2.5645,51.0,0.0383,246
185,4931,新盛力,otc,-2.5735,252.0,0.0408,216
186,4577,達航科技,otc,-2.5847,92.0,0.0365,280
187,1528,恩德,tse,-2.5992,24.75,0.0612,38
188,3552,同致,otc,-2.6014,45.8,0.039,239
189,8028,昇陽半導體,tse,-2.603,283.5,0.0467,144
190,3443,創意,tse,-2.607,7900.0,0.057,61
191,3228,金麗科,otc,-2.6079,175.5,0.0425,186
192,1301,台塑,tse,-2.6093,68.3,0.0345,305
193,3374,精材,otc,-2.6297,467.5,0.0536,89
194,6152,百一,tse,-2.6319,15.7,0.03,381
195,4534,慶騰,otc,-2.6359,30.0,0.0545,82
196,3717,聯嘉投控,tse,-2.6427,26.45,0.0558,74
197,6526,達發,tse,-2.6442,835.0,0.0447,165
198,3030,德律,tse,-2.6533,300.0,0.0271,438
199,6805,富世達,tse,-2.6747,2310.0,0.0683,17
200,2059,川湖,tse,-2.6851,12145.0,0.0459,152
201,8103,瀚荃,tse,-2.6891,121.0,0.062,32
202,3006,晶豪科,tse,-2.6933,285.5,0.0503,118
203,3563,牧德,tse,-2.6974,760.0,0.0464,147
204,6179,亞通,otc,-2.6993,36.5,0.0667,19
205,6668,中揚光,tse,-2.7008,47.35,0.0628,27
206,5234,達興材料,tse,-2.7108,312.0,0.0369,274
207,6425,易發,otc,-2.7145,79.8,0.0514,107
208,6209,今國光,tse,-2.735,83.9,0.0406,218
209,2436,偉詮電,tse,-2.7479,76.0,0.0329,335
210,2399,映泰,tse,-2.7523,51.2,0.0386,243
211,5202,力新,otc,-2.7697,14.1,0.0618,33
212,8431,匯鑽科,otc,-2.77,64.1,0.0641,23
213,2316,楠梓電,tse,-2.7833,170.5,0.0331,333
214,8255,朋程,otc,-2.7837,153.0,0.0261,456
215,3363,上詮,otc,-2.8011,671.0,0.0455,156
216,6271,同欣電,tse,-2.8103,234.5,0.0299,387
217,6175,立敦,otc,-2.8105,76.7,0.0288,402
218,3060,銘異,tse,-2.8171,28.9,0.0324,344
219,6695,芯鼎,tse,-2.8185,54.4,0.0326,341
220,6901,鑽石投資,tse,-2.8187,17.0,0.0313,359
221,2478,大毅,tse,-2.8194,127.0,0.0388,241
222,2472,立隆電,tse,-2.8232,229.0,0.0388,240
223,3693,營邦,otc,-2.8381,663.0,0.0507,111
224,3580,友威科,otc,-2.8514,108.5,0.0517,104
225,6530,創威,otc,-2.8526,100.5,0.0399,227
226,6451,訊芯-KY,tse,-2.8653,429.0,0.046,150
227,3483,力致,otc,-2.8721,80.9,0.0289,400
228,5227,立凱-KY,otc,-2.8766,30.55,0.0459,151
229,3051,力特,tse,-2.885,23.6,0.0322,347
230,3481,群創,tse,-2.9184,52.8,0.0415,204
231,1313,聯成,tse,-2.9216,12.65,0.0285,407
232,6278,台表科,tse,-2.9279,217.0,0.0421,194
233,6291,沛亨,otc,-2.9404,493.0,0.0522,100
234,3533,嘉澤,tse,-2.9407,1855.0,0.0424,190
235,3017,奇鋐,tse,-2.9464,3440.0,0.0527,97
236,6231,系微,otc,-2.9524,243.0,0.0378,254
237,3169,亞信,otc,-2.9568,115.0,0.0332,330
238,2034,允強,tse,-2.9614,24.0,0.0375,258
239,4977,眾達-KY,tse,-2.9626,175.5,0.0391,236
240,6166,凌華,tse,-2.9931,130.0,0.0484,134
241,4770,上品,tse,-3.0051,278.0,0.0484,133
242,6223,旺矽,otc,-3.0079,5310.0,0.0616,36
243,5340,建榮,otc,-3.019,83.2,0.0342,309
244,8096,擎亞,otc,-3.0502,89.0,0.0418,196
245,2303,聯電,tse,-3.0506,161.5,0.0418,197
246,4749,新應材,otc,-3.0516,785.0,0.0338,314
247,6272,驊陞,tse,-3.0578,25.85,0.0438,171
248,6525,捷敏-KY,tse,-3.0719,139.5,0.0369,273
249,2383,台光電,tse,-3.0741,5185.0,0.0436,176
250,2401,凌陽,tse,-3.0771,27.3,0.0293,394
251,6517,保勝光學,otc,-3.0804,66.0,0.0293,393
252,4566,時碩工業,tse,-3.0909,75.8,0.0338,317
253,6510,精測,otc,-3.1019,3070.0,0.0719,12
254,8155,博智,otc,-3.1024,323.0,0.049,130
255,6196,帆宣,tse,-3.1037,618.0,0.0363,282
256,2527,宏璟,tse,-3.1045,49.55,0.0307,369
257,3715,定穎投控,tse,-3.1078,129.5,0.0378,253
258,8131,福懋科,tse,-3.1257,63.5,0.0268,445
259,6831,邁科,tse,-3.1284,481.0,0.0499,123
260,2103,台橡,tse,-3.1354,28.15,0.0294,391
261,3264,欣銓,otc,-3.1483,245.0,0.0532,93
262,2368,金像電,tse,-3.1508,1105.0,0.0585,51
263,1785,光洋科,otc,-3.1675,102.5,0.0288,401
264,2408,南亞科,tse,-3.1689,526.0,0.0411,212
265,3357,臺慶科,otc,-3.1722,215.5,0.0326,339
266,2355,敬鵬,tse,-3.1792,43.3,0.0193,599
267,6643,M31,otc,-3.2054,516.0,0.0573,58
268,2344,華邦電,tse,-3.2054,179.0,0.0437,174
269,8086,宏捷科,otc,-3.2068,120.0,0.0324,343
270,2376,技嘉,tse,-3.222,373.5,0.0284,410
271,2485,兆赫,tse,-3.2296,41.3,0.0335,326
272,5434,崇越,tse,-3.2297,583.0,0.0265,451
273,6438,迅得,tse,-3.2315,168.0,0.0302,376
274,2855,統一證,tse,-3.2425,57.6,0.0384,245
275,4916,事欣科,tse,-3.2443,104.5,0.0307,370
276,2371,大同,tse,-3.2457,31.1,0.0307,372
277,8088,品安,otc,-3.2616,44.45,0.026,464
278,6243,迅杰,tse,-3.2636,41.1,0.032,348
279,3049,精金,tse,-3.2671,12.45,0.0333,328
280,6840,東研信超,otc,-3.2764,98.7,0.0426,183
281,3645,達邁,tse,-3.2844,74.0,0.0327,337
282,6491,晶碩,tse,-3.3132,424.0,0.0273,435
283,6689,伊雲谷,tse,-3.3201,64.8,0.0454,158
284,5321,美而快,otc,-3.3246,68.6,0.0621,31
285,3491,昇達科,otc,-3.3272,1485.0,0.0539,88
286,2345,智邦,tse,-3.3399,1965.0,0.0409,214
287,5864,致和證,otc,-3.342,39.0,0.0317,353
288,2236,百達-KY,tse,-3.3513,107.5,0.0498,124
289,1529,樂事綠能,tse,-3.3532,16.05,0.0369,268
290,6416,瑞祺電通,tse,-3.3576,117.5,0.0426,185
291,1409,新纖,tse,-3.3632,24.95,0.0256,471
292,4739,康普,tse,-3.3688,88.7,0.0323,345
293,2421,建準,tse,-3.39,166.0,0.0325,342
294,3293,鈊象,otc,-3.393,791.0,0.0255,472
295,2406,國碩,tse,-3.3932,31.2,0.0398,229
296,2454,聯發科,tse,-3.3964,4950.0,0.0453,159
297,2465,麗臺,tse,-3.3993,92.9,0.0308,365
298,6869,雲豹能源,tse,-3.4026,70.5,0.0326,340
299,4949,有成精密,tse,-3.4036,77.7,0.0347,303
300,2460,建通,tse,-3.4051,30.8,0.0301,378
301,4909,新復興,otc,-3.4104,36.85,0.027,441
302,6139,亞翔,tse,-3.4109,775.0,0.0352,296
303,2428,興勤,tse,-3.4139,263.0,0.03,383
304,6197,佳必琪,tse,-3.4232,339.5,0.0252,478
305,1605,華新,tse,-3.4291,38.75,0.026,462
306,5251,天鉞電,otc,-3.4385,29.95,0.0506,115
307,6163,華電網,otc,-3.441,41.2,0.0331,332
308,3044,健鼎,tse,-3.4424,542.0,0.0352,299
309,2351,順德,tse,-3.4592,211.5,0.0562,71
310,8071,能率網通,otc,-3.4625,22.4,0.0218,547
311,2419,仲琦,tse,-3.4764,29.3,0.0314,358
312,4934,太極,tse,-3.4878,14.75,0.0339,312
313,3062,建漢,tse,-3.4882,22.65,0.0315,357
314,5443,均豪,otc,-3.4932,113.5,0.0412,208
315,6664,群翊,otc,-3.4978,378.0,0.0276,428
316,3317,尼克森,otc,-3.5082,65.3,0.0422,192
317,3035,智原,tse,-3.5128,215.5,0.0408,217
318,3362,先進光,otc,-3.5316,175.5,0.0468,143
319,2233,宇隆,tse,-3.5322,170.0,0.0282,416
320,3323,加百裕,otc,-3.5327,30.35,0.0233,520
321,3380,明泰,tse,-3.5432,31.95,0.037,265
322,1305,華夏,tse,-3.5493,12.55,0.0273,434
323,5457,宣德,otc,-3.5549,24.4,0.0369,270
324,2254,巨鎧精密-創,tse,-3.5577,94.3,0.0308,366
325,5536,聖暉*,otc,-3.5608,956.0,0.0354,293
326,3131,弘塑,otc,-3.5663,2430.0,0.0445,167
327,3312,弘憶股,tse,-3.5789,52.1,0.0378,250
328,5291,邑昇,otc,-3.592,62.0,0.0296,390
329,3294,英濟,otc,-3.596,32.8,0.0399,228
330,6690,安碁資訊,otc,-3.6084,176.0,0.0448,163
331,6789,采鈺,tse,-3.6214,490.5,0.0382,247
332,3041,揚智,tse,-3.6227,24.8,0.0289,398
333,6164,華興,tse,-3.6329,12.6,0.0309,364
334,6584,南俊國際,otc,-3.6668,531.0,0.037,267
335,4526,東台,tse,-3.6755,34.3,0.0373,259
336,8050,廣積,otc,-3.6847,62.2,0.0317,352
337,6112,邁達特,tse,-3.6942,47.65,0.0454,157
338,6547,高端疫苗,otc,-3.6959,60.8,0.0369,269
339,8033,雷虎,tse,-3.7001,175.0,0.03,384
340,1312,國喬,tse,-3.704,14.75,0.0349,301
341,3211,順達,otc,-3.7054,397.0,0.0378,252
342,6118,建達,otc,-3.7144,16.15,0.0338,316
343,6156,松上,otc,-3.73,22.35,0.0233,518
344,3702,大聯大,tse,-3.7324,119.0,0.03,382
345,6284,佳邦,otc,-3.7342,79.8,0.0308,368
346,4721,美琪瑪,otc,-3.7394,81.2,0.026,460
347,2332,友訊,tse,-3.7395,20.45,0.0293,392
348,4961,天鈺,tse,-3.7401,183.5,0.0339,313
349,1718,中纖,tse,-3.7462,10.75,0.0292,395
350,3630,新鉅科,otc,-3.7523,26.8,0.0261,458
351,6244,茂迪,otc,-3.7648,24.1,0.0378,251
352,3711,日月光投控,tse,-3.7715,713.0,0.0377,257
353,3032,偉訓,tse,-3.7818,79.4,0.0359,288
354,2467,志聖,tse,-3.8021,552.0,0.0369,272
355,6811,宏碁資訊,otc,-3.8089,240.0,0.0439,170
356,2006,東和鋼鐵,tse,-3.8099,86.6,0.0276,427
357,6589,台康生技,tse,-3.81,50.8,0.0424,189
358,8147,正淩,otc,-3.8104,143.5,0.0401,225
359,3680,家登,otc,-3.8109,552.0,0.0352,298
360,3663,鑫科,otc,-3.8261,64.8,0.0398,231
361,3047,訊舟,tse,-3.8297,14.65,0.0263,453
362,3661,世芯-KY,tse,-3.8361,3810.0,0.0464,148
363,1308,亞聚,tse,-3.8412,14.45,0.0257,467
364,5508,永信建,otc,-3.8537,53.7,0.0278,424
365,2637,慧洋-KY,tse,-3.8652,98.8,0.0361,284
366,6237,驊訊,otc,-3.8665,36.3,0.0338,315
367,6265,方土昶,otc,-3.8677,50.1,0.037,266
368,2337,旺宏,tse,-3.8678,122.0,0.0366,278
369,3013,晟銘電,tse,-3.868,92.7,0.0341,310
370,6944,兆聯實業,tse,-3.8746,799.0,0.0272,436
371,2612,中航,tse,-3.879,62.9,0.0253,477
372,3504,揚明光,tse,-3.8799,80.1,0.0371,263
373,6937,天虹,tse,-3.8831,303.5,0.0386,242
374,4973,廣穎,otc,-3.8836,138.5,0.0268,442
375,2476,鉅祥,tse,-3.8873,126.0,0.0275,430
376,8299,群聯,otc,-3.8996,2095.0,0.0457,154
377,3338,泰碩,tse,-3.9009,69.0,0.0228,531
378,7769,鴻勁,tse,-3.9111,5580.0,0.0532,94
379,4541,晟田,otc,-3.9124,61.1,0.0311,362
380,2614,東森,tse,-3.9215,19.25,0.0165,669
381,3289,宜特,otc,-3.922,143.0,0.026,463
382,3479,安勤,otc,-3.9263,136.0,0.027,440
383,3577,泓格,otc,-3.9306,114.5,0.0381,248
384,6462,神盾,otc,-3.9329,106.0,0.0282,415
385,3048,益登,tse,-3.9441,53.7,0.0233,522
386,6415,矽力*-KY,tse,-3.9461,425.0,0.0385,244
387,6015,宏遠證,otc,-3.9505,17.8,0.0267,447
388,2441,超豐,tse,-3.9559,126.5,0.0356,291
389,6919,康霈*,tse,-3.96,79.9,0.0417,200
390,1717,長興,tse,-3.9667,74.2,0.026,461
391,1304,台聚,tse,-3.9755,12.7,0.0278,423
392,6477,安集,tse,-3.9798,34.6,0.0338,320
393,1736,喬山,tse,-3.9807,123.5,0.0309,363
394,6269,台郡,tse,-3.9841,66.1,0.0318,351
395,2329,華泰,tse,-3.9887,45.0,0.0261,459
396,2395,研華,tse,-3.989,716.0,0.0347,304
397,2420,新巨,tse,-3.9892,58.2,0.0173,651
398,1802,台玻,tse,-3.9894,59.5,0.0366,277
399,2606,裕民,tse,-3.9973,75.9,0.0276,429
400,2486,一詮,tse,-4.0024,245.0,0.0337,322
401,6667,信紘科,otc,-4.0106,260.0,0.0372,260
402,6719,力智,tse,-4.0132,189.5,0.0254,474
403,4968,立積,tse,-4.0141,101.5,0.0245,498
404,6829,千附精密,otc,-4.0309,208.0,0.0417,198
405,2104,國際中橡,tse,-4.043,11.0,0.036,286
406,6153,嘉聯益,tse,-4.0516,17.95,0.0271,439
407,5608,四維航,tse,-4.0699,17.15,0.0244,500
408,2449,京元電子,tse,-4.0799,295.5,0.0471,141
409,4576,大銀微系統,tse,-4.0807,234.0,0.0435,178
410,4976,佳凌,tse,-4.0861,36.3,0.0298,389
411,2313,華通,tse,-4.0973,226.0,0.0338,318
412,6279,胡連,otc,-4.1023,117.0,0.0162,676
413,6261,久元,otc,-4.117,78.9,0.0292,396
414,3230,錦明,otc,-4.1297,41.95,0.0318,349
415,2308,台達電,tse,-4.1325,1885.0,0.0438,172
416,6290,良維,otc,-4.1354,277.0,0.0442,169
417,3290,東浦,otc,-4.137,50.3,0.0302,377
418,2498,宏達電,tse,-4.1404,42.9,0.0313,360
419,1590,亞德客-KY,tse,-4.1558,1180.0,0.0406,220
420,6016,康和證,otc,-4.156,23.9,0.0284,411
421,6138,茂達,otc,-4.1604,284.5,0.0251,481
422,4743,合一,otc,-4.1816,47.15,0.0249,490
423,3587,閎康,otc,-4.1869,245.0,0.0236,512
424,8054,安國,otc,-4.1888,89.5,0.0316,356
425,3583,辛耘,tse,-4.1889,721.0,0.0327,338
426,5243,乙盛-KY,tse,-4.2108,93.9,0.0251,484
427,5452,佶優,otc,-4.2295,27.95,0.0211,563
428,6541,泰福-KY,tse,-4.2299,29.6,0.0368,275
429,2258,鴻華先進-創,tse,-4.2391,31.0,0.0253,476
430,4540,全球傳動,tse,-4.2533,61.0,0.0358,289
431,2031,新光鋼,tse,-4.2618,46.65,0.0198,587
432,2029,盛餘,tse,-4.262,22.3,0.0205,576
433,3088,艾訊,otc,-4.266,132.0,0.0273,433
434,1455,集盛,tse,-4.2674,10.0,0.0181,633
435,2617,台航,tse,-4.2684,31.55,0.0266,449
436,6285,啟碁,tse,-4.2754,238.0,0.0282,413
437,8069,元太,otc,-4.2816,143.5,0.0281,418
438,3019,亞光,tse,-4.2824,139.0,0.0267,446
439,1515,力山,tse,-4.2948,29.2,0.0298,388
440,2301,光寶科,tse,-4.303,281.5,0.0345,306
441,6245,立端,otc,-4.3068,88.2,0.0344,307
442,5469,瀚宇博,tse,-4.3085,75.9,0.0214,559
443,2354,鴻準,tse,-4.3172,65.7,0.0279,421
444,2605,新興,tse,-4.3177,35.75,0.0353,294
445,4510,高鋒,otc,-4.322,43.6,0.0256,470
446,3704,合勤控,tse,-4.3223,40.55,0.0306,373
447,2634,漢翔,tse,-4.3283,66.0,0.0244,502
448,2369,菱生,tse,-4.3328,31.95,0.0338,319
449,3231,緯創,tse,-4.3459,186.5,0.0266,448
450,3024,憶聲,tse,-4.3488,14.0,0.0301,379
451,8213,志超,tse,-4.3623,34.25,0.0193,600
452,2609,陽明,tse,-4.3638,59.7,0.0285,409
453,1442,名軒,tse,-4.3646,26.7,0.0286,405
454,5439,高技,otc,-4.3829,253.0,0.0337,321
455,3022,威強電,tse,-4.3973,91.5,0.03,385
456,6509,聚和,otc,-4.4007,49.9,0.0211,562
457,6446,藥華藥,tse,-4.4065,1165.0,0.0411,211
458,3135,凌航,tse,-4.4111,159.0,0.0218,548
459,2615,萬海,tse,-4.4113,113.0,0.0414,206
460,8932,智通*,otc,-4.4154,91.1,0.0332,331
461,2388,威盛,tse,-4.4204,73.2,0.0334,327
462,2427,三商電,tse,-4.4254,23.4,0.0272,437
463,6414,樺漢,tse,-4.442,401.5,0.028,419
464,6962,奕力-KY,tse,-4.4612,33.4,0.019,603
465,6472,保瑞,tse,-4.4641,420.5,0.0335,323
466,8454,富邦媒,tse,-4.4663,239.0,0.0248,493
467,6126,信音,otc,-4.4679,31.25,0.0226,535
468,3594,磐儀,otc,-4.473,47.15,0.0255,473
469,8383,千附,otc,-4.4772,68.4,0.0242,505
470,9921,巨大,tse,-4.4874,91.4,0.0355,292
471,3545,敦泰,tse,-4.492,51.5,0.0277,426
472,3029,零壹,tse,-4.4938,118.0,0.0415,203
473,8163,達方,tse,-4.4964,31.2,0.0181,631
474,2883,凱基金,tse,-4.5184,37.35,0.0332,329
475,2905,三商,tse,-4.5244,17.8,0.0257,468
476,3689,湧德,otc,-4.5283,113.0,0.0196,591
477,2349,錸德,tse,-4.5326,10.5,0.0214,557
478,3176,基亞,otc,-4.5338,37.55,0.036,285
479,2851,中再保,tse,-4.5384,45.95,0.028,420
480,6282,康舒,tse,-4.5466,44.2,0.0239,507
481,2392,正崴,tse,-4.5479,41.4,0.0352,297
482,1773,勝一,tse,-4.5507,170.5,0.022,545
483,5289,宜鼎,otc,-4.5513,1295.0,0.0361,283
484,2495,普安,tse,-4.5517,38.4,0.0316,355
485,5471,松翰,tse,-4.5684,53.5,0.0222,542
486,3388,崇越電,otc,-4.5694,84.5,0.0231,526
487,4128,中天,otc,-4.5698,15.3,0.0212,561
488,2027,大成鋼,tse,-4.5722,48.05,0.0251,480
489,4763,材料*-KY,tse,-4.5781,47.15,0.042,195
490,1440,南紡,tse,-4.5851,13.3,0.0258,466
491,3023,信邦,tse,-4.6016,312.0,0.0256,469
492,6125,廣運,otc,-4.609,50.9,0.0216,553
493,2457,飛宏,tse,-4.6398,22.45,0.0243,503
494,5284,jpp-KY,tse,-4.6412,293.5,0.0263,454
495,8210,勤誠,tse,-4.6618,841.0,0.0246,496
496,2425,承啟,tse,-4.6799,38.0,0.0236,513
497,2540,愛山林,tse,-4.6893,48.15,0.0268,443
498,8044,網家,otc,-4.6996,24.35,0.0245,497
499,3305,昇貿,tse,-4.7004,107.5,0.0239,509
500,5521,工信,tse,-4.7115,10.7,0.0147,699
501,2347,聯強,tse,-4.7281,97.1,0.024,506
502,2393,億光,tse,-4.7326,65.4,0.019,604
503,6021,美好證,otc,-4.7362,41.8,0.033,334
504,2377,微星,tse,-4.7381,155.0,0.023,527
505,4533,協易機,otc,-4.7383,25.6,0.0214,556
506,6206,飛捷,tse,-4.7579,137.0,0.0287,403
507,2328,廣宇,tse,-4.7582,47.95,0.0201,584
508,3050,鈺德,tse,-4.7624,11.6,0.0206,571
509,4147,中裕,otc,-4.7883,61.4,0.0304,374
510,8070,長華*,tse,-4.792,50.7,0.0189,609
511,3014,聯陽,tse,-4.7979,142.5,0.0251,483
512,5515,建國,tse,-4.799,51.1,0.0225,538
513,2451,創見,tse,-4.801,290.0,0.0217,551
514,3592,瑞鼎,tse,-4.8049,239.0,0.0205,577
515,5269,祥碩,tse,-4.8126,1460.0,0.0301,380
516,1810,和成,tse,-4.8171,23.95,0.0195,593
517,1101,台泥,tse,-4.82,25.35,0.0252,479
518,2049,上銀,tse,-4.8279,332.5,0.039,238
519,2471,資通,tse,-4.8324,51.4,0.0263,452
520,2890,永豐金,tse,-4.8325,44.05,0.0286,404
521,3694,海華,tse,-4.8359,51.7,0.0188,614
522,9914,美利達,tse,-4.8413,68.3,0.0268,444
523,3036,文曄,tse,-4.8603,213.5,0.0248,494
524,2801,彰銀,tse,-4.8654,27.6,0.0261,457
525,4967,十銓,tse,-4.8673,273.0,0.0238,510
526,2886,兆豐金,tse,-4.875,48.85,0.0258,465
527,2530,華建,tse,-4.879,20.05,0.0299,386
528,1808,潤隆,tse,-4.887,31.6,0.0307,371
529,6165,浪凡,tse,-4.892,49.4,0.0217,550
530,3015,全漢,tse,-4.9112,54.4,0.0225,539
531,3708,上緯投控,tse,-4.9115,99.3,0.025,486
532,8011,台通,tse,-4.9134,16.1,0.0197,588
533,3712,永崴投控,tse,-4.9215,20.6,0.0198,586
534,2359,所羅門,tse,-4.929,128.5,0.0247,495
535,2882,國泰金,tse,-4.9329,111.5,0.0279,422
536,8271,宇瞻,tse,-4.9339,202.5,0.0249,492
537,2379,瑞昱,tse,-4.9351,754.0,0.0343,308
538,3376,新日興,tse,-4.9386,174.0,0.0291,397
539,8404,百和興業-KY,tse,-4.9388,13.15,0.022,543
540,1316,上曜,tse,-4.9685,10.55,0.0251,485
541,1519,華城,tse,-4.969,692.0,0.023,530
542,2357,華碩,tse,-4.9698,962.0,0.0249,491
543,3034,聯詠,tse,-4.9829,537.0,0.0313,361
544,2884,玉山金,tse,-4.9944,45.35,0.0262,455
545,2542,興富發,tse,-5.008,38.75,0.0285,408
546,3003,健和興,tse,-5.0345,60.0,0.0214,558
547,1434,福懋,tse,-5.035,18.2,0.0163,674
548,2881,富邦金,tse,-5.043,150.5,0.0278,425
549,6190,萬泰科,otc,-5.0513,70.8,0.0237,511
550,1584,精剛,otc,-5.0632,18.6,0.0184,622
551,2887,台新新光金,tse,-5.0681,40.55,0.0318,350
552,1789,神隆,tse,-5.0806,18.6,0.025,489
553,1608,華榮,tse,-5.0812,36.25,0.0171,654
554,3028,增你強,tse,-5.0897,63.4,0.017,656
555,6191,精成科,tse,-5.0921,84.7,0.0181,630
556,2453,凌群,tse,-5.1046,53.5,0.025,488
557,6409,旭隼,tse,-5.1116,886.0,0.0289,399
558,3010,華立,tse,-5.1165,128.0,0.0176,644
559,4164,承業醫,tse,-5.1177,27.0,0.0188,615
560,2630,亞航,tse,-5.1249,46.8,0.0208,568
561,4966,譜瑞-KY,otc,-5.1271,574.0,0.025,487
562,2312,金寶,tse,-5.1339,30.85,0.023,528
563,1522,堤維西,tse,-5.1367,26.2,0.023,529
564,1110,東泥,tse,-5.1368,14.35,0.0231,524
565,2458,義隆,tse,-5.1639,138.0,0.0236,514
566,6913,鴻呈,otc,-5.1671,130.0,0.0203,580
567,2880,華南金,tse,-5.1676,44.85,0.0265,450
568,4915,致伸,tse,-5.1795,64.4,0.0235,515
569,2461,光群雷,tse,-5.1896,17.35,0.0239,508
570,1514,亞力,tse,-5.1926,102.5,0.021,566
571,1905,華紙,tse,-5.1948,12.85,0.0203,581
572,9945,潤泰新,tse,-5.1959,29.1,0.0206,572
573,1616,億泰,tse,-5.202,18.55,0.0206,574
574,2331,精英,tse,-5.2031,19.05,0.0197,590
575,8234,新漢,otc,-5.2065,63.3,0.0202,583
576,4167,松瑞藥,otc,-5.2068,19.55,0.0164,670
577,2365,昆盈,tse,-5.2095,28.4,0.0218,549
578,6214,精誠,tse,-5.2115,188.5,0.0197,589
579,2520,冠德,tse,-5.2168,36.95,0.0244,501
580,1904,正隆,tse,-5.22,24.2,0.0235,516
581,2618,長榮航,tse,-5.2213,42.35,0.0215,554
582,2108,南帝,tse,-5.2254,28.25,0.022,544
583,2348,海悅,tse,-5.2299,70.6,0.0226,536
584,4564,元翎,tse,-5.2315,16.3,0.0169,660
585,6005,群益證,tse,-5.2396,32.0,0.0225,537
586,2009,第一銅,tse,-5.2463,39.3,0.0231,525
587,2102,泰豐,tse,-5.2581,16.75,0.019,606
588,2023,燁輝,tse,-5.2612,13.9,0.0141,708
589,1609,大亞,tse,-5.2713,38.55,0.016,680
590,2543,皇昌,tse,-5.2714,38.35,0.021,565
591,2352,佳世達,tse,-5.276,29.2,0.0216,552
592,2816,旺旺保,tse,-5.2786,39.7,0.0206,573
593,6753,龍德造船,tse,-5.2853,133.0,0.0207,570
594,2611,志信,tse,-5.2956,14.3,0.0172,652
595,4904,遠傳,tse,-5.2962,106.0,0.0185,621
596,2390,云辰,tse,-5.2997,10.15,0.0201,585
597,4142,國光生,tse,-5.3071,18.0,0.0151,694
598,2412,中華電,tse,-5.3265,146.0,0.0132,719
599,3209,全科,tse,-5.3361,46.1,0.0167,665
600,5392,能率,otc,-5.3434,40.05,0.0183,628
601,4746,台耀,tse,-5.3465,48.1,0.0233,519
602,8114,振樺電,tse,-5.3491,178.5,0.0186,619
603,3709,鑫聯大投控,otc,-5.3653,65.5,0.0184,623
604,2330,台積電,tse,-5.3716,2500.0,0.014,711
605,8076,伍豐,otc,-5.3923,21.85,0.0163,671
606,5388,中磊,tse,-5.3939,71.8,0.0195,594
607,6215,和椿,tse,-5.3943,97.8,0.0194,598
608,6188,廣明,otc,-5.4091,62.4,0.0152,691
609,6026,福邦證,otc,-5.4104,15.95,0.0175,646
610,2892,第一金,tse,-5.418,38.55,0.0251,482
611,2014,中鴻,tse,-5.4206,17.1,0.0184,625
612,3033,威健,tse,-5.4294,42.4,0.0195,592
613,5490,同亨,otc,-5.4396,25.9,0.0128,726
614,2603,長榮,tse,-5.4569,240.0,0.0228,532
615,6189,豐藝,tse,-5.463,49.9,0.0161,678
616,2820,華票,tse,-5.4684,16.7,0.0148,696
617,3005,神基,tse,-5.4747,117.5,0.0195,595
618,3515,華擎,tse,-5.4764,216.5,0.0234,517
619,1103,嘉泥,tse,-5.4765,13.2,0.0135,716
620,1513,中興電,tse,-5.4815,167.5,0.0158,685
621,8936,國統,otc,-5.4873,52.3,0.0131,723
622,3004,豐達科,tse,-5.4924,121.5,0.0188,612
623,2010,春源,tse,-5.496,22.55,0.0168,662
624,1611,中電,tse,-5.4966,11.35,0.0189,608
625,1307,三芳,tse,-5.4979,31.3,0.0128,727
626,1713,國化,tse,-5.5014,42.7,0.0118,734
627,3260,威剛,otc,-5.5124,382.0,0.0227,533
628,2353,宏碁,tse,-5.5132,31.4,0.0224,540
629,3059,華晶科,tse,-5.5141,38.7,0.016,682
630,8081,致新,tse,-5.5151,257.0,0.017,658
631,3078,僑威,otc,-5.5227,45.95,0.0183,627
632,1476,儒鴻,tse,-5.5228,278.0,0.0189,607
633,3056,富華新,tse,-5.524,13.7,0.0219,546
634,2324,仁寶,tse,-5.531,36.2,0.0243,504
635,2208,台船,tse,-5.5363,18.85,0.0157,686
636,2915,潤泰全,tse,-5.5381,57.5,0.0183,629
637,5876,上海商銀,tse,-5.5481,48.95,0.0205,575
638,2405,輔信,tse,-5.5483,15.35,0.017,657
639,4105,東洋,otc,-5.5701,78.9,0.0093,751
640,2889,國票金,tse,-5.5822,16.1,0.0233,521
641,2501,國建,tse,-5.5932,20.85,0.0211,564
642,5009,榮剛,otc,-5.6043,33.1,0.0142,705
643,2417,圓剛,tse,-5.6259,39.0,0.0163,673
644,1218,泰山,tse,-5.6292,14.45,0.0121,730
645,2101,南港,tse,-5.6393,29.3,0.0141,707
646,1536,和大,tse,-5.644,46.65,0.0137,713
647,3045,台灣大,tse,-5.6475,122.0,0.0179,639
648,9958,世紀鋼,tse,-5.6493,91.4,0.0207,569
649,6412,群電,tse,-5.6586,75.0,0.0133,718
650,8926,台汽電,tse,-5.6608,59.0,0.0184,624
651,2442,新美齊,tse,-5.6609,14.2,0.0244,499
652,2891,中信金,tse,-5.6611,67.3,0.0232,523
653,7780,大研生醫*,tse,-5.6657,16.05,0.0134,717
654,2838,聯邦銀,tse,-5.6679,20.4,0.0194,596
655,2636,台驊控股,tse,-5.6688,70.8,0.0174,650
656,6023,元大期,otc,-5.6724,84.7,0.0171,655
657,2834,臺企銀,tse,-5.6761,17.45,0.0209,567
658,2537,聯上發,tse,-5.6792,11.05,0.0194,597
659,2913,農林,tse,-5.6817,11.0,0.014,712
660,1504,東元,tse,-5.6862,69.7,0.0179,637
661,2505,國揚,tse,-5.6951,17.0,0.0174,647
662,8016,矽創,tse,-5.6963,291.0,0.0179,638
663,1532,勤美,tse,-5.6997,22.1,0.0131,724
664,3413,京鼎,tse,-5.7015,292.0,0.0188,611
665,2536,宏普,tse,-5.7063,18.8,0.0152,692
666,2897,王道銀行,tse,-5.7083,10.7,0.0214,560
667,8473,山林水,tse,-5.7128,38.95,0.0167,666
668,6121,新普,otc,-5.7172,383.0,0.0154,689
669,9940,信義,tse,-5.7212,20.1,0.0169,659
670,1909,榮成,tse,-5.7218,10.1,0.0187,617
671,6104,創惟,otc,-5.752,92.3,0.0147,697
672,4306,炎洲,tse,-5.7535,14.45,0.0161,679
673,1737,臺鹽,tse,-5.7555,30.0,0.0117,735
674,3227,原相,otc,-5.7556,187.5,0.0168,663
675,3596,智易,tse,-5.7557,154.0,0.0179,640
676,1612,宏泰,tse,-5.7699,35.2,0.0103,747
677,3706,神達,tse,-5.7806,81.3,0.0187,618
678,9802,鈺齊-KY,tse,-5.7916,64.4,0.0204,579
679,6186,新潤,otc,-5.7982,28.9,0.0185,620
680,2645,長榮航太,tse,-5.807,173.5,0.0177,642
681,6177,達麗,tse,-5.8133,46.0,0.0204,578
682,4938,和碩,tse,-5.8148,89.2,0.0203,582
683,2885,元大金,tse,-5.8151,66.8,0.0227,534
684,2548,華固,tse,-5.8151,92.5,0.0177,643
685,1795,美時,tse,-5.8235,176.0,0.0189,610
686,1402,遠東新,tse,-5.824,28.05,0.0181,632
687,4532,瑞智,tse,-5.8356,24.75,0.0188,616
688,8422,可寧衛*,tse,-5.8415,25.5,0.0158,683
689,2374,佳能,tse,-5.8491,67.1,0.0162,675
690,2641,正德,otc,-5.8494,17.45,0.0145,701
691,1907,永豐餘,tse,-5.8503,27.9,0.0165,668
692,2439,美律,tse,-5.8539,75.7,0.0168,661
693,9917,中保科,tse,-5.8742,106.0,0.0104,745
694,8436,大江,otc,-5.8841,104.0,0.0192,601
695,8390,金益鼎,otc,-5.885,90.5,0.0158,684
696,1712,興農,tse,-5.8944,39.8,0.0102,749
697,2539,櫻花建,tse,-5.8954,34.0,0.018,636
698,9939,宏全,tse,-5.8968,124.5,0.0155,688
699,2201,裕隆,tse,-5.9005,28.65,0.0176,645
700,1201,味全,tse,-5.9077,11.55,0.0142,706
701,1723,中碳,tse,-5.9103,80.4,0.0148,695
702,2317,鴻海,tse,-5.9284,251.0,0.0172,653
703,1503,士電,tse,-5.9323,197.0,0.0178,641
704,5880,合庫金,tse,-5.9324,26.15,0.019,605
705,2845,遠東銀,tse,-5.9347,12.9,0.018,635
706,9910,豐泰,tse,-5.9382,67.8,0.0166,667
707,2610,華航,tse,-5.9418,20.35,0.0153,690
708,8464,億豐,tse,-5.9483,361.0,0.0215,555
709,2002,中鋼,tse,-5.9526,19.0,0.0115,738
710,9907,統一實,tse,-5.9557,14.95,0.0112,740
711,2362,藍天,tse,-5.9569,46.65,0.0147,698
712,2836,高雄銀,tse,-5.9582,12.0,0.0143,704
713,2106,建大,tse,-5.9588,16.65,0.012,731
714,4114,健喬,otc,-5.9623,29.35,0.0083,755
715,6469,大樹,otc,-5.9649,64.5,0.012,732
716,1102,亞泥,tse,-5.9709,35.6,0.0151,693
717,2385,群光,tse,-5.9713,104.5,0.0188,613
718,2356,英業達,tse,-5.9715,59.0,0.0223,541
719,3716,中化控股,tse,-5.9739,33.9,0.0114,739
720,9925,新保,tse,-5.9762,39.5,0.0051,756
721,1477,聚陽,tse,-5.9763,192.0,0.0167,664
722,2474,可成,tse,-5.9793,207.0,0.0131,722
723,2382,廣達,tse,-5.9876,332.0,0.0191,602
724,2515,中工,tse,-6.0102,11.9,0.018,634
725,5607,遠雄港,tse,-6.0165,51.8,0.0174,648
726,1319,東陽,tse,-6.0209,78.1,0.0132,720
727,6592,和潤企業,tse,-6.0299,56.3,0.0108,743
728,2504,國產,tse,-6.0306,30.65,0.0144,702
729,1215,卜蜂,tse,-6.0431,105.0,0.0184,626
730,4123,晟德,otc,-6.0454,31.2,0.016,681
731,1722,台肥,tse,-6.0518,41.15,0.0135,715
732,9941,裕融,tse,-6.055,76.7,0.0156,687
733,1216,統一,tse,-6.0554,72.7,0.0115,737
734,8112,至上,tse,-6.0753,84.1,0.0144,703
735,2206,三陽工業,tse,-6.0826,62.8,0.0127,728
736,5534,長虹,tse,-6.1083,73.0,0.0141,709
737,1104,環泥,tse,-6.1159,26.55,0.0091,753
738,1227,佳格,tse,-6.1188,27.95,0.0084,754
739,1229,聯華,tse,-6.1384,40.0,0.014,710
740,2211,長榮鋼,tse,-6.1406,79.4,0.0124,729
741,9938,百和,tse,-6.1535,38.25,0.013,725
742,3703,欣陸,tse,-6.1575,19.55,0.0137,714
743,2912,統一超,tse,-6.1601,210.5,0.0097,750
744,2204,中華,tse,-6.178,51.7,0.0105,744
745,2903,遠百,tse,-6.1821,21.8,0.0108,742
746,9904,寶成,tse,-6.1841,24.7,0.0119,733
747,1707,葡萄王,tse,-6.1944,85.2,0.0116,736
748,2633,台灣高鐵,tse,-6.1963,25.75,0.0092,752
749,2646,星宇航空,tse,-6.2273,20.1,0.0103,748
750,5522,遠雄,tse,-6.2494,60.5,0.0174,649
751,6757,台灣虎航,tse,-6.2503,53.4,0.0146,700
752,2105,正新,tse,-6.2614,30.45,0.011,741
753,1210,大成,tse,-6.2726,51.5,0.0104,746
754,5871,中租-KY,tse,-6.3087,106.0,0.0162,677
755,8415,大國鋼,otc,-6.3285,35.25,0.0163,672
756,2812,台中銀,tse,-6.3935,18.75,0.0131,721
