window,fold,date_s,event_day_t,code,name,market,track,sublayer,failing_filters,list_id,rank_in_list,n_pool_day,result,global_rank_combo,score,combo_n_components,pct_key_features,source_has_value_flags,hist_len,age_off,age_cap,listing_src,vol20_s,Qmax_lots,DK_s,at_known5,m_locked_open,m_buyable,m_c1,m_c5,m_c10,m_vol_t,m_disp_t_exec,note,name_src,ho_model_window,addendum_note
HO,1,2023-09-12,2023-09-13,6451,訊芯-KY,TWSE,R,R_core,fCD,R2@5,10,15,漏網,67,-3.075031,,atr14=0.741|n_lu_250=0.798|r20=0.912|c_ma120=0.884|vr20=0.989|days_since_lu=0.005|dt_ratio20=0.855|lend_to_v=0.301|rev_yoy=0.354|o_turn=0.958|o_log_mcap=0.546|o_lu_follow=0.997,"官方日成交結構(MI_INDEX/dailyQuotes)=1|發行股數(MI_QFIIS/dailyQuotes)=1|外資持股(MI_QFIIS,僅上市)=1|自營商(T86/上櫃三大法人)=1|當沖(TWTB4U/上櫃intraday)=1|季財報(MOPS t163sb04)=1|月營收(MOPS/openapi)=1|官方產業別(MOPS t05st03)=1|融資券(MI_MARGN)=1|借券(TWT93U)=1|法人(T86)=1",282,inf,250.0,official_prepanel,1107.45,22.0,0.0,0.0,0,1,10.667,23.556,25.333,4476.0,0,未扣成本·事後欄位以 m_ 標示·非投資建議,names.json,HO 第 1～3 折：面板起點限制，不作判定,鎖後描述，不參與判定（DEV-009；使用者 G1 第 5 項 2026-10-05）：落選挑戰者在 HOLDOUT 的描述記錄，鎖定判定不變，不得用於重新選模·未扣成本·事後欄位以 m_ 標示·非投資建議
HO,2,2023-10-17,2023-10-18,1324,地球,TWSE,R,R_core,fCD,R2@5,11,22,漏網,46,-1.973298,,atr14=0.983|n_lu_250=0.667|r20=0.994|c_ma120=0.969|vr20=0.351|days_since_lu=0.047|dt_ratio20=0.916|lend_to_v=0.025|rev_yoy=0.616|o_turn=0.884|o_log_mcap=0.019|o_lu_follow=0.931,"官方日成交結構(MI_INDEX/dailyQuotes)=1|發行股數(MI_QFIIS/dailyQuotes)=1|外資持股(MI_QFIIS,僅上市)=1|自營商(T86/上櫃三大法人)=1|當沖(TWTB4U/上櫃intraday)=1|季財報(MOPS t163sb04)=1|月營收(MOPS/openapi)=1|官方產業別(MOPS t05st03)=1|融資券(MI_MARGN)=1|借券(TWT93U)=1|法人(T86)=1",304,inf,250.0,official_prepanel,3291.95,65.0,0.0,0.0,0,1,9.317,24.534,15.217,7448.0,0,未扣成本·事後欄位以 m_ 標示·非投資建議,names.json,HO 第 1～3 折：面板起點限制，不作判定,鎖後描述，不參與判定（DEV-009；使用者 G1 第 5 項 2026-10-05）：落選挑戰者在 HOLDOUT 的描述記錄，鎖定判定不變，不得用於重新選模·未扣成本·事後欄位以 m_ 標示·非投資建議
HO,2,2023-10-19,2023-10-20,6113,亞矽,TPEx,R,R_core,fCD,R2@5,16,18,漏網,127,-2.789143,,atr14=0.609|n_lu_250=0.881|r20=0.932|c_ma120=0.561|vr20=0.998|days_since_lu=0.001|dt_ratio20=NaN|lend_to_v=0.227|rev_yoy=0.229|o_turn=0.978|o_log_mcap=0.001|o_lu_follow=0.458,"官方日成交結構(MI_INDEX/dailyQuotes)=1|發行股數(MI_QFIIS/dailyQuotes)=1|外資持股(MI_QFIIS,僅上市)=0|自營商(T86/上櫃三大法人)=1|當沖(TWTB4U/上櫃intraday)=1|季財報(MOPS t163sb04)=1|月營收(MOPS/openapi)=1|官方產業別(MOPS t05st03)=1|融資券(MI_MARGN)=1|借券(TWT93U)=1|法人(T86)=1",306,inf,250.0,official_prepanel,726.8,14.0,0.0,0.0,0,1,8.307,12.78,5.751,4127.0,0,未扣成本·事後欄位以 m_ 標示·非投資建議,names.json,HO 第 1～3 折：面板起點限制，不作判定,鎖後描述，不參與判定（DEV-009；使用者 G1 第 5 項 2026-10-05）：落選挑戰者在 HOLDOUT 的描述記錄，鎖定判定不變，不得用於重新選模·未扣成本·事後欄位以 m_ 標示·非投資建議
HO,2,2023-10-20,2023-10-23,2465,麗臺,TWSE,R,R_core,fCD,R2@5,12,17,漏網,38,-2.208334,,atr14=0.994|n_lu_250=0.944|r20=0.878|c_ma120=0.764|vr20=0.447|days_since_lu=0.051|dt_ratio20=NaN|lend_to_v=0.009|rev_yoy=0.041|o_turn=0.912|o_log_mcap=0.098|o_lu_follow=0.854,"官方日成交結構(MI_INDEX/dailyQuotes)=1|發行股數(MI_QFIIS/dailyQuotes)=1|外資持股(MI_QFIIS,僅上市)=1|自營商(T86/上櫃三大法人)=1|當沖(TWTB4U/上櫃intraday)=0|季財報(MOPS t163sb04)=1|月營收(MOPS/openapi)=1|官方產業別(MOPS t05st03)=1|融資券(MI_MARGN)=1|借券(TWT93U)=1|法人(T86)=1",307,inf,250.0,official_prepanel,2440.55,48.0,0.0,2.0,0,1,7.376,37.848,29.625,1596.0,0,未扣成本·事後欄位以 m_ 標示·非投資建議,names.json,HO 第 1～3 折：面板起點限制，不作判定,鎖後描述，不參與判定（DEV-009；使用者 G1 第 5 項 2026-10-05）：落選挑戰者在 HOLDOUT 的描述記錄，鎖定判定不變，不得用於重新選模·未扣成本·事後欄位以 m_ 標示·非投資建議
HO,2,2023-10-26,2023-10-27,3176,基亞,TPEx,R,R_core,fCD,R2@5,13,19,漏網,47,-2.268192,,atr14=0.819|n_lu_250=0.872|r20=0.983|c_ma120=0.914|vr20=0.894|days_since_lu=0.047|dt_ratio20=NaN|lend_to_v=NaN|rev_yoy=0.980|o_turn=0.729|o_log_mcap=0.306|o_lu_follow=0.465,"官方日成交結構(MI_INDEX/dailyQuotes)=1|發行股數(MI_QFIIS/dailyQuotes)=1|外資持股(MI_QFIIS,僅上市)=0|自營商(T86/上櫃三大法人)=1|當沖(TWTB4U/上櫃intraday)=0|季財報(MOPS t163sb04)=1|月營收(MOPS/openapi)=1|官方產業別(MOPS t05st03)=1|融資券(MI_MARGN)=0|借券(TWT93U)=0|法人(T86)=1",311,inf,250.0,official_prepanel,922.0,18.0,0.0,1.0,0,1,10.025,31.078,50.125,1773.0,0,未扣成本·事後欄位以 m_ 標示·非投資建議,names.json,HO 第 1～3 折：面板起點限制，不作判定,鎖後描述，不參與判定（DEV-009；使用者 G1 第 5 項 2026-10-05）：落選挑戰者在 HOLDOUT 的描述記錄，鎖定判定不變，不得用於重新選模·未扣成本·事後欄位以 m_ 標示·非投資建議
HO,2,2023-11-02,2023-11-03,6133,金橋,TWSE,R,R_core,fCD,R2@5,16,17,漏網,590,-4.026393,,atr14=0.817|n_lu_250=0.866|r20=0.369|c_ma120=0.069|vr20=0.480|days_since_lu=0.033|dt_ratio20=NaN|lend_to_v=0.250|rev_yoy=0.080|o_turn=0.428|o_log_mcap=0.048|o_lu_follow=0.907,"官方日成交結構(MI_INDEX/dailyQuotes)=1|發行股數(MI_QFIIS/dailyQuotes)=1|外資持股(MI_QFIIS,僅上市)=1|自營商(T86/上櫃三大法人)=1|當沖(TWTB4U/上櫃intraday)=0|季財報(MOPS t163sb04)=1|月營收(MOPS/openapi)=1|官方產業別(MOPS t05st03)=1|融資券(MI_MARGN)=1|借券(TWT93U)=1|法人(T86)=1",316,inf,250.0,official_prepanel,586.9,11.0,0.0,0.0,0,1,10.0,13.704,21.111,1996.0,0,未扣成本·事後欄位以 m_ 標示·非投資建議,names.json,HO 第 1～3 折：面板起點限制，不作判定,鎖後描述，不參與判定（DEV-009；使用者 G1 第 5 項 2026-10-05）：落選挑戰者在 HOLDOUT 的描述記錄，鎖定判定不變，不得用於重新選模·未扣成本·事後欄位以 m_ 標示·非投資建議
HO,2,2023-11-15,2023-11-16,2722,夏都,TWSE,R,R_core,fCD,R2@5,11,12,漏網,248,-3.606997,,atr14=0.917|n_lu_250=0.960|r20=0.966|c_ma120=0.039|vr20=0.091|days_since_lu=0.038|dt_ratio20=0.985|lend_to_v=0.042|rev_yoy=0.127|o_turn=0.319|o_log_mcap=0.337|o_lu_follow=0.984,"官方日成交結構(MI_INDEX/dailyQuotes)=1|發行股數(MI_QFIIS/dailyQuotes)=1|外資持股(MI_QFIIS,僅上市)=1|自營商(T86/上櫃三大法人)=1|當沖(TWTB4U/上櫃intraday)=1|季財報(MOPS t163sb04)=1|月營收(MOPS/openapi)=1|官方產業別(MOPS t05st03)=1|融資券(MI_MARGN)=1|借券(TWT93U)=1|法人(T86)=1",325,inf,250.0,official_prepanel,1077.85,21.0,0.0,1.0,0,1,5.755,19.964,9.353,2795.0,0,未扣成本·事後欄位以 m_ 標示·非投資建議,names.json,HO 第 1～3 折：面板起點限制，不作判定,鎖後描述，不參與判定（DEV-009；使用者 G1 第 5 項 2026-10-05）：落選挑戰者在 HOLDOUT 的描述記錄，鎖定判定不變，不得用於重新選模·未扣成本·事後欄位以 m_ 標示·非投資建議
HO,2,2023-11-15,2023-11-16,2739,寒舍,TWSE,R,R_core,fCD,R2@5,8,12,漏網,52,-2.098316,,atr14=0.915|n_lu_250=0.984|r20=0.994|c_ma120=0.560|vr20=0.704|days_since_lu=0.017|dt_ratio20=NaN|lend_to_v=0.015|rev_yoy=0.776|o_turn=0.715|o_log_mcap=0.284|o_lu_follow=0.892,"官方日成交結構(MI_INDEX/dailyQuotes)=1|發行股數(MI_QFIIS/dailyQuotes)=1|外資持股(MI_QFIIS,僅上市)=1|自營商(T86/上櫃三大法人)=1|當沖(TWTB4U/上櫃intraday)=0|季財報(MOPS t163sb04)=1|月營收(MOPS/openapi)=1|官方產業別(MOPS t05st03)=1|融資券(MI_MARGN)=1|借券(TWT93U)=1|法人(T86)=1",325,inf,250.0,official_prepanel,898.45,17.0,0.0,3.0,0,1,5.829,12.75,4.918,4013.0,0,未扣成本·事後欄位以 m_ 標示·非投資建議,names.json,HO 第 1～3 折：面板起點限制，不作判定,鎖後描述，不參與判定（DEV-009；使用者 G1 第 5 項 2026-10-05）：落選挑戰者在 HOLDOUT 的描述記錄，鎖定判定不變，不得用於重新選模·未扣成本·事後欄位以 m_ 標示·非投資建議
HO,2,2023-11-16,2023-11-17,6558,興能高,TWSE,R,R_core,fCD,R2@5,8,9,漏網,154,-3.342193,,atr14=0.952|n_lu_250=0.866|r20=0.824|c_ma120=0.369|vr20=0.338|days_since_lu=0.065|dt_ratio20=0.834|lend_to_v=0.305|rev_yoy=0.560|o_turn=0.530|o_log_mcap=0.092|o_lu_follow=0.887,"官方日成交結構(MI_INDEX/dailyQuotes)=1|發行股數(MI_QFIIS/dailyQuotes)=1|外資持股(MI_QFIIS,僅上市)=1|自營商(T86/上櫃三大法人)=1|當沖(TWTB4U/上櫃intraday)=1|季財報(MOPS t163sb04)=1|月營收(MOPS/openapi)=1|官方產業別(MOPS t05st03)=1|融資券(MI_MARGN)=1|借券(TWT93U)=1|法人(T86)=1",326,inf,250.0,official_prepanel,865.2,17.0,0.0,1.0,0,1,8.481,13.807,17.357,4552.0,0,未扣成本·事後欄位以 m_ 標示·非投資建議,names.json,HO 第 1～3 折：面板起點限制，不作判定,鎖後描述，不參與判定（DEV-009；使用者 G1 第 5 項 2026-10-05）：落選挑戰者在 HOLDOUT 的描述記錄，鎖定判定不變，不得用於重新選模·未扣成本·事後欄位以 m_ 標示·非投資建議
HO,2,2023-12-07,2023-12-08,8096,擎亞,TPEx,R,R_core,fCD,R2@5,22,24,漏網,250,-3.837437,,atr14=0.782|n_lu_250=0.549|r20=0.788|c_ma120=0.655|vr20=0.388|days_since_lu=0.060|dt_ratio20=NaN|lend_to_v=0.096|rev_yoy=0.383|o_turn=0.682|o_log_mcap=0.064|o_lu_follow=0.968,"官方日成交結構(MI_INDEX/dailyQuotes)=1|發行股數(MI_QFIIS/dailyQuotes)=1|外資持股(MI_QFIIS,僅上市)=0|自營商(T86/上櫃三大法人)=1|當沖(TWTB4U/上櫃intraday)=1|季財報(MOPS t163sb04)=1|月營收(MOPS/openapi)=1|官方產業別(MOPS t05st03)=1|融資券(MI_MARGN)=1|借券(TWT93U)=1|法人(T86)=1",341,inf,250.0,official_prepanel,2624.6,52.0,0.0,1.0,0,1,6.349,22.222,8.333,10295.0,0,未扣成本·事後欄位以 m_ 標示·非投資建議,names.json,HO 第 1～3 折：面板起點限制，不作判定,鎖後描述，不參與判定（DEV-009；使用者 G1 第 5 項 2026-10-05）：落選挑戰者在 HOLDOUT 的描述記錄，鎖定判定不變，不得用於重新選模·未扣成本·事後欄位以 m_ 標示·非投資建議
HO,2,2023-12-14,2023-12-15,3086,華義*,TPEx,R,R_core,fCD,R2@5,10,29,漏網,13,-2.195006,,atr14=0.991|n_lu_250=0.926|r20=0.975|c_ma120=0.968|vr20=0.791|days_since_lu=0.018|dt_ratio20=NaN|lend_to_v=0.052|rev_yoy=0.919|o_turn=0.837|o_log_mcap=0.110|o_lu_follow=0.949,"官方日成交結構(MI_INDEX/dailyQuotes)=1|發行股數(MI_QFIIS/dailyQuotes)=1|外資持股(MI_QFIIS,僅上市)=0|自營商(T86/上櫃三大法人)=1|當沖(TWTB4U/上櫃intraday)=1|季財報(MOPS t163sb04)=1|月營收(MOPS/openapi)=1|官方產業別(MOPS t05st03)=1|融資券(MI_MARGN)=1|借券(TWT93U)=1|法人(T86)=1",346,inf,250.0,official_prepanel,416.65,8.0,0.0,0.0,0,1,6.863,36.765,32.353,827.0,0,未扣成本·事後欄位以 m_ 標示·非投資建議,names.json,HO 第 1～3 折：面板起點限制，不作判定,鎖後描述，不參與判定（DEV-009；使用者 G1 第 5 項 2026-10-05）：落選挑戰者在 HOLDOUT 的描述記錄，鎖定判定不變，不得用於重新選模·未扣成本·事後欄位以 m_ 標示·非投資建議
HO,2,2023-12-15,2023-12-18,1325,恆大,TWSE,R,R_core,fCD,R2@5,11,28,漏網,13,-2.217641,,atr14=1.000|n_lu_250=0.875|r20=0.997|c_ma120=0.973|vr20=0.102|days_since_lu=0.081|dt_ratio20=NaN|lend_to_v=0.056|rev_yoy=0.063|o_turn=0.721|o_log_mcap=0.153|o_lu_follow=1.000,"官方日成交結構(MI_INDEX/dailyQuotes)=1|發行股數(MI_QFIIS/dailyQuotes)=1|外資持股(MI_QFIIS,僅上市)=1|自營商(T86/上櫃三大法人)=1|當沖(TWTB4U/上櫃intraday)=0|季財報(MOPS t163sb04)=1|月營收(MOPS/openapi)=1|官方產業別(MOPS t05st03)=1|融資券(MI_MARGN)=1|借券(TWT93U)=1|法人(T86)=1",347,inf,250.0,official_prepanel,3991.25,39.0,1.0,0.0,0,1,2.909,13.296,9.141,4637.0,0,未扣成本·事後欄位以 m_ 標示·非投資建議,names.json,HO 第 1～3 折：面板起點限制，不作判定,鎖後描述，不參與判定（DEV-009；使用者 G1 第 5 項 2026-10-05）：落選挑戰者在 HOLDOUT 的描述記錄，鎖定判定不變，不得用於重新選模·未扣成本·事後欄位以 m_ 標示·非投資建議
HO,3,2024-01-17,2024-01-18,3623,富晶通,TPEx,R,R_core,fCD,R2@5,10,22,漏網,35,-1.485071,,atr14=0.966|n_lu_250=0.970|r20=0.843|c_ma120=0.949|vr20=0.797|days_since_lu=0.015|dt_ratio20=NaN|lend_to_v=0.101|rev_yoy=0.697|o_turn=0.985|o_log_mcap=0.011|o_lu_follow=0.846,"官方日成交結構(MI_INDEX/dailyQuotes)=1|發行股數(MI_QFIIS/dailyQuotes)=1|外資持股(MI_QFIIS,僅上市)=0|自營商(T86/上櫃三大法人)=1|當沖(TWTB4U/上櫃intraday)=1|季財報(MOPS t163sb04)=1|月營收(MOPS/openapi)=1|官方產業別(MOPS t05st03)=1|融資券(MI_MARGN)=1|借券(TWT93U)=1|法人(T86)=1",369,inf,250.0,official_prepanel,1664.65,33.0,0.0,0.0,0,1,9.168,23.836,27.504,6334.0,0,未扣成本·事後欄位以 m_ 標示·非投資建議,names.json,HO 第 1～3 折：面板起點限制，不作判定,鎖後描述，不參與判定（DEV-009；使用者 G1 第 5 項 2026-10-05）：落選挑戰者在 HOLDOUT 的描述記錄，鎖定判定不變，不得用於重新選模·未扣成本·事後欄位以 m_ 標示·非投資建議
HO,3,2024-01-18,2024-01-19,3354,律勝,TPEx,R,R_core,fCD,R2@5,11,21,漏網,59,-1.792515,,atr14=0.950|n_lu_250=0.755|r20=0.952|c_ma120=0.897|vr20=0.760|days_since_lu=0.005|dt_ratio20=NaN|lend_to_v=0.050|rev_yoy=0.837|o_turn=0.841|o_log_mcap=0.022|o_lu_follow=0.858,"官方日成交結構(MI_INDEX/dailyQuotes)=1|發行股數(MI_QFIIS/dailyQuotes)=1|外資持股(MI_QFIIS,僅上市)=0|自營商(T86/上櫃三大法人)=1|當沖(TWTB4U/上櫃intraday)=1|季財報(MOPS t163sb04)=1|月營收(MOPS/openapi)=1|官方產業別(MOPS t05st03)=1|融資券(MI_MARGN)=1|借券(TWT93U)=1|法人(T86)=1",370,inf,250.0,official_prepanel,1049.8,20.0,0.0,1.0,0,1,8.0,43.429,46.286,1510.0,0,未扣成本·事後欄位以 m_ 標示·非投資建議,names.json,HO 第 1～3 折：面板起點限制，不作判定,鎖後描述，不參與判定（DEV-009；使用者 G1 第 5 項 2026-10-05）：落選挑戰者在 HOLDOUT 的描述記錄，鎖定判定不變，不得用於重新選模·未扣成本·事後欄位以 m_ 標示·非投資建議
HO,3,2024-01-18,2024-01-19,6140,訊達,TPEx,R,R_core,fCD,R2@5,8,21,漏網,2,-1.701284,,atr14=0.999|n_lu_250=0.962|r20=0.999|c_ma120=0.998|vr20=0.543|days_since_lu=0.016|dt_ratio20=NaN|lend_to_v=0.038|rev_yoy=0.359|o_turn=0.995|o_log_mcap=0.076|o_lu_follow=0.982,"官方日成交結構(MI_INDEX/dailyQuotes)=1|發行股數(MI_QFIIS/dailyQuotes)=1|外資持股(MI_QFIIS,僅上市)=0|自營商(T86/上櫃三大法人)=1|當沖(TWTB4U/上櫃intraday)=1|季財報(MOPS t163sb04)=1|月營收(MOPS/openapi)=1|官方產業別(MOPS t05st03)=1|融資券(MI_MARGN)=1|借券(TWT93U)=1|法人(T86)=1",370,inf,250.0,official_prepanel,13250.7,265.0,0.0,4.0,0,1,8.053,13.582,2.764,15205.0,0,未扣成本·事後欄位以 m_ 標示·非投資建議,names.json,HO 第 1～3 折：面板起點限制，不作判定,鎖後描述，不參與判定（DEV-009；使用者 G1 第 5 項 2026-10-05）：落選挑戰者在 HOLDOUT 的描述記錄，鎖定判定不變，不得用於重新選模·未扣成本·事後欄位以 m_ 標示·非投資建議
HO,3,2024-01-23,2024-01-24,3354,律勝,TPEx,R,R_core,fCD,R2@5,7,23,漏網,35,-1.543894,,atr14=0.989|n_lu_250=0.838|r20=0.991|c_ma120=0.974|vr20=0.989|days_since_lu=0.006|dt_ratio20=NaN|lend_to_v=0.044|rev_yoy=0.836|o_turn=0.993|o_log_mcap=0.032|o_lu_follow=0.941,"官方日成交結構(MI_INDEX/dailyQuotes)=1|發行股數(MI_QFIIS/dailyQuotes)=1|外資持股(MI_QFIIS,僅上市)=0|自營商(T86/上櫃三大法人)=1|當沖(TWTB4U/上櫃intraday)=1|季財報(MOPS t163sb04)=1|月營收(MOPS/openapi)=1|官方產業別(MOPS t05st03)=1|融資券(MI_MARGN)=1|借券(TWT93U)=1|法人(T86)=1",373,inf,250.0,official_prepanel,1784.05,35.0,0.0,2.0,0,1,9.33,18.9,20.096,4419.0,0,未扣成本·事後欄位以 m_ 標示·非投資建議,names.json,HO 第 1～3 折：面板起點限制，不作判定,鎖後描述，不參與判定（DEV-009；使用者 G1 第 5 項 2026-10-05）：落選挑戰者在 HOLDOUT 的描述記錄，鎖定判定不變，不得用於重新選模·未扣成本·事後欄位以 m_ 標示·非投資建議
HO,3,2024-01-26,2024-01-29,4529,淳紳,TPEx,R,R_core,fCD,R2@5,6,25,漏網,12,-1.805245,,atr14=0.976|n_lu_250=0.945|r20=0.999|c_ma120=0.986|vr20=0.508|days_since_lu=0.051|dt_ratio20=NaN|lend_to_v=0.015|rev_yoy=0.965|o_turn=0.696|o_log_mcap=0.016|o_lu_follow=0.999,"官方日成交結構(MI_INDEX/dailyQuotes)=1|發行股數(MI_QFIIS/dailyQuotes)=1|外資持股(MI_QFIIS,僅上市)=0|自營商(T86/上櫃三大法人)=1|當沖(TWTB4U/上櫃intraday)=0|季財報(MOPS t163sb04)=1|月營收(MOPS/openapi)=1|官方產業別(MOPS t05st03)=1|融資券(MI_MARGN)=1|借券(TWT93U)=1|法人(T86)=1",376,inf,250.0,official_prepanel,1206.35,12.0,1.0,1.0,0,1,8.667,11.0,11.0,1721.0,1,未扣成本·事後欄位以 m_ 標示·非投資建議,names.json,HO 第 1～3 折：面板起點限制，不作判定,鎖後描述，不參與判定（DEV-009；使用者 G1 第 5 項 2026-10-05）：落選挑戰者在 HOLDOUT 的描述記錄，鎖定判定不變，不得用於重新選模·未扣成本·事後欄位以 m_ 標示·非投資建議
HO,3,2024-01-29,2024-01-30,3360,尚立,TPEx,R,R_core,fCD,R2@5,11,23,漏網,109,-1.983706,,atr14=0.866|n_lu_250=0.555|r20=0.994|c_ma120=0.985|vr20=0.998|days_since_lu=0.007|dt_ratio20=NaN|lend_to_v=0.039|rev_yoy=0.031|o_turn=1.000|o_log_mcap=0.032|o_lu_follow=0.963,"官方日成交結構(MI_INDEX/dailyQuotes)=1|發行股數(MI_QFIIS/dailyQuotes)=1|外資持股(MI_QFIIS,僅上市)=0|自營商(T86/上櫃三大法人)=1|當沖(TWTB4U/上櫃intraday)=1|季財報(MOPS t163sb04)=1|月營收(MOPS/openapi)=1|官方產業別(MOPS t05st03)=1|融資券(MI_MARGN)=1|借券(TWT93U)=1|法人(T86)=1",377,inf,250.0,official_prepanel,4661.5,93.0,0.0,1.0,0,1,11.202,4.372,5.191,37604.0,0,未扣成本·事後欄位以 m_ 標示·非投資建議,names.json,HO 第 1～3 折：面板起點限制，不作判定,鎖後描述，不參與判定（DEV-009；使用者 G1 第 5 項 2026-10-05）：落選挑戰者在 HOLDOUT 的描述記錄，鎖定判定不變，不得用於重新選模·未扣成本·事後欄位以 m_ 標示·非投資建議
HO,3,2024-02-05,2024-02-15,4909,新復興,TPEx,R,R_core,fCD,R2@5,29,32,漏網,16,-2.496427,,atr14=0.986|n_lu_250=0.928|r20=0.953|c_ma120=0.979|vr20=0.022|days_since_lu=0.051|dt_ratio20=NaN|lend_to_v=0.062|rev_yoy=0.958|o_turn=0.949|o_log_mcap=0.220|o_lu_follow=0.476,"官方日成交結構(MI_INDEX/dailyQuotes)=1|發行股數(MI_QFIIS/dailyQuotes)=1|外資持股(MI_QFIIS,僅上市)=0|自營商(T86/上櫃三大法人)=1|當沖(TWTB4U/上櫃intraday)=1|季財報(MOPS t163sb04)=1|月營收(MOPS/openapi)=1|官方產業別(MOPS t05st03)=1|融資券(MI_MARGN)=1|借券(TWT93U)=1|法人(T86)=1",382,inf,250.0,official_prepanel,19916.35,398.0,0.0,1.0,0,1,0.853,18.337,40.085,6873.0,0,未扣成本·事後欄位以 m_ 標示·非投資建議,names.json,HO 第 1～3 折：面板起點限制，不作判定,鎖後描述，不參與判定（DEV-009；使用者 G1 第 5 項 2026-10-05）：落選挑戰者在 HOLDOUT 的描述記錄，鎖定判定不變，不得用於重新選模·未扣成本·事後欄位以 m_ 標示·非投資建議
HO,3,2024-02-15,2024-02-16,3313,斐成,TPEx,R,R_core,fCD,R2@5,19,28,漏網,121,-2.553014,,atr14=0.884|n_lu_250=0.683|r20=0.935|c_ma120=0.862|vr20=0.669|days_since_lu=0.012|dt_ratio20=NaN|lend_to_v=0.015|rev_yoy=0.960|o_turn=0.336|o_log_mcap=0.096|o_lu_follow=0.907,"官方日成交結構(MI_INDEX/dailyQuotes)=1|發行股數(MI_QFIIS/dailyQuotes)=1|外資持股(MI_QFIIS,僅上市)=0|自營商(T86/上櫃三大法人)=1|當沖(TWTB4U/上櫃intraday)=0|季財報(MOPS t163sb04)=1|月營收(MOPS/openapi)=1|官方產業別(MOPS t05st03)=1|融資券(MI_MARGN)=1|借券(TWT93U)=1|法人(T86)=1",383,inf,250.0,official_prepanel,462.9,9.0,0.0,1.0,0,1,9.774,39.098,73.684,1082.0,0,未扣成本·事後欄位以 m_ 標示·非投資建議,names.json,HO 第 1～3 折：面板起點限制，不作判定,鎖後描述，不參與判定（DEV-009；使用者 G1 第 5 項 2026-10-05）：落選挑戰者在 HOLDOUT 的描述記錄，鎖定判定不變，不得用於重新選模·未扣成本·事後欄位以 m_ 標示·非投資建議
HO,3,2024-02-15,2024-02-16,4529,淳紳,TPEx,R,R_core,fCD,R2@5,13,28,漏網,5,-2.138242,,atr14=0.996|n_lu_250=0.959|r20=0.998|c_ma120=0.962|vr20=0.299|days_since_lu=0.026|dt_ratio20=NaN|lend_to_v=0.015|rev_yoy=0.967|o_turn=0.773|o_log_mcap=0.021|o_lu_follow=0.999,"官方日成交結構(MI_INDEX/dailyQuotes)=1|發行股數(MI_QFIIS/dailyQuotes)=1|外資持股(MI_QFIIS,僅上市)=0|自營商(T86/上櫃三大法人)=1|當沖(TWTB4U/上櫃intraday)=0|季財報(MOPS t163sb04)=1|月營收(MOPS/openapi)=1|官方產業別(MOPS t05st03)=1|融資券(MI_MARGN)=1|借券(TWT93U)=1|法人(T86)=1",383,inf,250.0,official_prepanel,1954.2,39.0,0.0,0.0,0,1,11.538,10.49,8.741,1540.0,0,未扣成本·事後欄位以 m_ 標示·非投資建議,names.json,HO 第 1～3 折：面板起點限制，不作判定,鎖後描述，不參與判定（DEV-009；使用者 G1 第 5 項 2026-10-05）：落選挑戰者在 HOLDOUT 的描述記錄，鎖定判定不變，不得用於重新選模·未扣成本·事後欄位以 m_ 標示·非投資建議
HO,3,2024-02-16,2024-02-19,3230,錦明,TPEx,R,R_core,fCD,R2@5,8,22,漏網,85,-1.865065,,atr14=0.967|n_lu_250=0.788|r20=0.949|c_ma120=0.727|vr20=0.160|days_since_lu=0.034|dt_ratio20=NaN|lend_to_v=0.029|rev_yoy=0.528|o_turn=0.406|o_log_mcap=0.005|o_lu_follow=0.959,"官方日成交結構(MI_INDEX/dailyQuotes)=1|發行股數(MI_QFIIS/dailyQuotes)=1|外資持股(MI_QFIIS,僅上市)=0|自營商(T86/上櫃三大法人)=1|當沖(TWTB4U/上櫃intraday)=0|季財報(MOPS t163sb04)=1|月營收(MOPS/openapi)=1|官方產業別(MOPS t05st03)=1|融資券(MI_MARGN)=1|借券(TWT93U)=1|法人(T86)=1",384,inf,250.0,official_prepanel,583.3,11.0,0.0,0.0,0,1,9.91,9.009,7.207,785.0,0,未扣成本·事後欄位以 m_ 標示·非投資建議,names.json,HO 第 1～3 折：面板起點限制，不作判定,鎖後描述，不參與判定（DEV-009；使用者 G1 第 5 項 2026-10-05）：落選挑戰者在 HOLDOUT 的描述記錄，鎖定判定不變，不得用於重新選模·未扣成本·事後欄位以 m_ 標示·非投資建議
HO,3,2024-02-16,2024-02-19,4729,熒茂,TPEx,R,R_core,fCD,R2@5,17,22,漏網,71,-2.504725,,atr14=0.997|n_lu_250=0.788|r20=0.948|c_ma120=0.815|vr20=0.020|days_since_lu=0.054|dt_ratio20=NaN|lend_to_v=0.051|rev_yoy=0.081|o_turn=0.449|o_log_mcap=0.037|o_lu_follow=0.485,"官方日成交結構(MI_INDEX/dailyQuotes)=1|發行股數(MI_QFIIS/dailyQuotes)=1|外資持股(MI_QFIIS,僅上市)=0|自營商(T86/上櫃三大法人)=1|當沖(TWTB4U/上櫃intraday)=1|季財報(MOPS t163sb04)=1|月營收(MOPS/openapi)=1|官方產業別(MOPS t05st03)=1|融資券(MI_MARGN)=1|借券(TWT93U)=1|法人(T86)=1",384,inf,250.0,official_prepanel,1997.1,39.0,0.0,0.0,0,1,6.122,5.612,8.163,2719.0,0,未扣成本·事後欄位以 m_ 標示·非投資建議,names.json,HO 第 1～3 折：面板起點限制，不作判定,鎖後描述，不參與判定（DEV-009；使用者 G1 第 5 項 2026-10-05）：落選挑戰者在 HOLDOUT 的描述記錄，鎖定判定不變，不得用於重新選模·未扣成本·事後欄位以 m_ 標示·非投資建議
HO,3,2024-02-20,2024-02-21,3516,亞帝歐,TPEx,R,R_core,fCD,R2@5,12,39,漏網,107,-1.842114,,atr14=0.826|n_lu_250=0.789|r20=0.949|c_ma120=0.874|vr20=0.984|days_since_lu=0.008|dt_ratio20=NaN|lend_to_v=0.057|rev_yoy=0.956|o_turn=0.890|o_log_mcap=0.016|o_lu_follow=0.956,"官方日成交結構(MI_INDEX/dailyQuotes)=1|發行股數(MI_QFIIS/dailyQuotes)=1|外資持股(MI_QFIIS,僅上市)=0|自營商(T86/上櫃三大法人)=1|當沖(TWTB4U/上櫃intraday)=1|季財報(MOPS t163sb04)=1|月營收(MOPS/openapi)=1|官方產業別(MOPS t05st03)=1|融資券(MI_MARGN)=1|借券(TWT93U)=1|法人(T86)=1",386,inf,250.0,official_prepanel,377.7,7.0,0.0,1.0,0,1,7.826,14.783,35.217,865.0,0,未扣成本·事後欄位以 m_ 標示·非投資建議,names.json,HO 第 1～3 折：面板起點限制，不作判定,鎖後描述，不參與判定（DEV-009；使用者 G1 第 5 項 2026-10-05）：落選挑戰者在 HOLDOUT 的描述記錄，鎖定判定不變，不得用於重新選模·未扣成本·事後欄位以 m_ 標示·非投資建議
HO,3,2024-02-20,2024-02-21,6442,光聖,TWSE,R,R_core,fCD,R2@5,22,39,漏網,8,-2.322732,,atr14=0.957|n_lu_250=0.983|r20=1.000|c_ma120=0.997|vr20=0.887|days_since_lu=0.008|dt_ratio20=0.986|lend_to_v=0.057|rev_yoy=0.629|o_turn=0.988|o_log_mcap=0.429|o_lu_follow=0.945,"官方日成交結構(MI_INDEX/dailyQuotes)=1|發行股數(MI_QFIIS/dailyQuotes)=1|外資持股(MI_QFIIS,僅上市)=1|自營商(T86/上櫃三大法人)=1|當沖(TWTB4U/上櫃intraday)=1|季財報(MOPS t163sb04)=1|月營收(MOPS/openapi)=1|官方產業別(MOPS t05st03)=1|融資券(MI_MARGN)=1|借券(TWT93U)=1|法人(T86)=1",386,inf,250.0,official_prepanel,4694.1,93.0,0.0,2.0,0,1,9.562,13.546,23.506,9867.0,0,未扣成本·事後欄位以 m_ 標示·非投資建議,names.json,HO 第 1～3 折：面板起點限制，不作判定,鎖後描述，不參與判定（DEV-009；使用者 G1 第 5 項 2026-10-05）：落選挑戰者在 HOLDOUT 的描述記錄，鎖定判定不變，不得用於重新選模·未扣成本·事後欄位以 m_ 標示·非投資建議
HO,3,2024-02-20,2024-02-21,8147,正淩,TPEx,R,R_core,fCD,R2@5,18,39,漏網,98,-2.178271,,atr14=0.917|n_lu_250=0.681|r20=0.983|c_ma120=0.942|vr20=0.854|days_since_lu=0.024|dt_ratio20=NaN|lend_to_v=0.098|rev_yoy=0.888|o_turn=0.931|o_log_mcap=0.182|o_lu_follow=0.912,"官方日成交結構(MI_INDEX/dailyQuotes)=1|發行股數(MI_QFIIS/dailyQuotes)=1|外資持股(MI_QFIIS,僅上市)=0|自營商(T86/上櫃三大法人)=1|當沖(TWTB4U/上櫃intraday)=1|季財報(MOPS t163sb04)=1|月營收(MOPS/openapi)=1|官方產業別(MOPS t05st03)=1|融資券(MI_MARGN)=1|借券(TWT93U)=1|法人(T86)=1",386,inf,250.0,official_prepanel,1063.2,21.0,0.0,1.0,0,1,9.596,36.869,45.455,2919.0,0,未扣成本·事後欄位以 m_ 標示·非投資建議,names.json,HO 第 1～3 折：面板起點限制，不作判定,鎖後描述，不參與判定（DEV-009；使用者 G1 第 5 項 2026-10-05）：落選挑戰者在 HOLDOUT 的描述記錄，鎖定判定不變，不得用於重新選模·未扣成本·事後欄位以 m_ 標示·非投資建議
HO,3,2024-02-21,2024-02-22,2467,志聖,TWSE,R,R_core,fCD,R2@5,32,46,漏網,22,-2.628577,,atr14=0.966|n_lu_250=0.832|r20=1.000|c_ma120=0.998|vr20=0.630|days_since_lu=0.032|dt_ratio20=0.975|lend_to_v=0.174|rev_yoy=0.434|o_turn=0.901|o_log_mcap=0.624|o_lu_follow=0.462,"官方日成交結構(MI_INDEX/dailyQuotes)=1|發行股數(MI_QFIIS/dailyQuotes)=1|外資持股(MI_QFIIS,僅上市)=1|自營商(T86/上櫃三大法人)=1|當沖(TWTB4U/上櫃intraday)=1|季財報(MOPS t163sb04)=1|月營收(MOPS/openapi)=1|官方產業別(MOPS t05st03)=1|融資券(MI_MARGN)=1|借券(TWT93U)=1|法人(T86)=1",387,inf,250.0,official_prepanel,5175.85,103.0,0.0,1.0,0,1,6.438,8.155,15.451,3563.0,0,未扣成本·事後欄位以 m_ 標示·非投資建議,names.json,HO 第 1～3 折：面板起點限制，不作判定,鎖後描述，不參與判定（DEV-009；使用者 G1 第 5 項 2026-10-05）：落選挑戰者在 HOLDOUT 的描述記錄，鎖定判定不變，不得用於重新選模·未扣成本·事後欄位以 m_ 標示·非投資建議
HO,3,2024-02-22,2024-02-23,6113,亞矽,TPEx,R,R_core,fCD,R2@5,25,47,漏網,4,-2.266207,,atr14=0.998|n_lu_250=0.996|r20=0.980|c_ma120=0.998|vr20=0.016|days_since_lu=0.103|dt_ratio20=NaN|lend_to_v=0.039|rev_yoy=0.078|o_turn=0.906|o_log_mcap=0.076|o_lu_follow=0.994,"官方日成交結構(MI_INDEX/dailyQuotes)=1|發行股數(MI_QFIIS/dailyQuotes)=1|外資持股(MI_QFIIS,僅上市)=0|自營商(T86/上櫃三大法人)=1|當沖(TWTB4U/上櫃intraday)=1|季財報(MOPS t163sb04)=1|月營收(MOPS/openapi)=1|官方產業別(MOPS t05st03)=1|融資券(MI_MARGN)=1|借券(TWT93U)=1|法人(T86)=1",388,inf,250.0,official_prepanel,12135.2,242.0,0.0,0.0,0,1,8.912,9.699,-6.946,8978.0,0,未扣成本·事後欄位以 m_ 標示·非投資建議,names.json,HO 第 1～3 折：面板起點限制，不作判定,鎖後描述，不參與判定（DEV-009；使用者 G1 第 5 項 2026-10-05）：落選挑戰者在 HOLDOUT 的描述記錄，鎖定判定不變，不得用於重新選模·未扣成本·事後欄位以 m_ 標示·非投資建議
HO,3,2024-02-26,2024-02-27,3516,亞帝歐,TPEx,R,R_core,fCD,R2@5,10,43,漏網,38,-2.575516,,atr14=0.979|n_lu_250=0.875|r20=0.957|c_ma120=0.912|vr20=0.901|days_since_lu=0.015|dt_ratio20=NaN|lend_to_v=0.063|rev_yoy=0.958|o_turn=0.870|o_log_mcap=0.025|o_lu_follow=0.976,"官方日成交結構(MI_INDEX/dailyQuotes)=1|發行股數(MI_QFIIS/dailyQuotes)=1|外資持股(MI_QFIIS,僅上市)=0|自營商(T86/上櫃三大法人)=1|當沖(TWTB4U/上櫃intraday)=1|季財報(MOPS t163sb04)=1|月營收(MOPS/openapi)=1|官方產業別(MOPS t05st03)=1|融資券(MI_MARGN)=1|借券(TWT93U)=1|法人(T86)=1",390,inf,250.0,official_prepanel,645.5,12.0,0.0,4.0,0,1,9.317,39.545,16.149,2413.0,0,未扣成本·事後欄位以 m_ 標示·非投資建議,names.json,HO 第 1～3 折：面板起點限制，不作判定,鎖後描述，不參與判定（DEV-009；使用者 G1 第 5 項 2026-10-05）：落選挑戰者在 HOLDOUT 的描述記錄，鎖定判定不變，不得用於重新選模·未扣成本·事後欄位以 m_ 標示·非投資建議
HO,3,2024-03-01,2024-03-04,4303,信立,TPEx,R,R_core,fCD,R2@5,16,54,漏網,14,-2.495633,,atr14=0.985|n_lu_250=0.893|r20=0.999|c_ma120=0.997|vr20=0.955|days_since_lu=0.012|dt_ratio20=NaN|lend_to_v=0.064|rev_yoy=0.575|o_turn=0.997|o_log_mcap=0.169|o_lu_follow=0.862,"官方日成交結構(MI_INDEX/dailyQuotes)=1|發行股數(MI_QFIIS/dailyQuotes)=1|外資持股(MI_QFIIS,僅上市)=0|自營商(T86/上櫃三大法人)=1|當沖(TWTB4U/上櫃intraday)=1|季財報(MOPS t163sb04)=1|月營收(MOPS/openapi)=1|官方產業別(MOPS t05st03)=1|融資券(MI_MARGN)=1|借券(TWT93U)=1|法人(T86)=1",393,inf,250.0,official_prepanel,7083.55,141.0,0.0,4.0,0,1,6.303,3.992,-9.874,6808.0,1,未扣成本·事後欄位以 m_ 標示·非投資建議,names.json,HO 第 1～3 折：面板起點限制，不作判定,鎖後描述，不參與判定（DEV-009；使用者 G1 第 5 項 2026-10-05）：落選挑戰者在 HOLDOUT 的描述記錄，鎖定判定不變，不得用於重新選模·未扣成本·事後欄位以 m_ 標示·非投資建議
HO,3,2024-03-04,2024-03-05,1316,上曜,TWSE,R,R_core,fCD,R2@5,12,57,漏網,33,-2.356711,,atr14=0.981|n_lu_250=0.832|r20=0.998|c_ma120=0.992|vr20=0.513|days_since_lu=0.021|dt_ratio20=0.973|lend_to_v=0.099|rev_yoy=0.834|o_turn=0.976|o_log_mcap=0.340|o_lu_follow=0.932,"官方日成交結構(MI_INDEX/dailyQuotes)=1|發行股數(MI_QFIIS/dailyQuotes)=1|外資持股(MI_QFIIS,僅上市)=1|自營商(T86/上櫃三大法人)=1|當沖(TWTB4U/上櫃intraday)=1|季財報(MOPS t163sb04)=1|月營收(MOPS/openapi)=1|官方產業別(MOPS t05st03)=1|融資券(MI_MARGN)=1|借券(TWT93U)=1|法人(T86)=1",394,inf,250.0,official_prepanel,28877.8,577.0,0.0,2.0,0,1,7.675,2.935,-7.901,49291.0,0,未扣成本·事後欄位以 m_ 標示·非投資建議,names.json,HO 第 1～3 折：面板起點限制，不作判定,鎖後描述，不參與判定（DEV-009；使用者 G1 第 5 項 2026-10-05）：落選挑戰者在 HOLDOUT 的描述記錄，鎖定判定不變，不得用於重新選模·未扣成本·事後欄位以 m_ 標示·非投資建議
HO,3,2024-03-08,2024-03-11,8011,台通,TWSE,R,R_core,fCD,R2@5,18,48,漏網,127,-2.925882,,atr14=0.824|n_lu_250=0.737|r20=0.891|c_ma120=0.929|vr20=0.660|days_since_lu=0.037|dt_ratio20=0.916|lend_to_v=0.217|rev_yoy=0.695|o_turn=0.976|o_log_mcap=0.291|o_lu_follow=0.846,"官方日成交結構(MI_INDEX/dailyQuotes)=1|發行股數(MI_QFIIS/dailyQuotes)=1|外資持股(MI_QFIIS,僅上市)=1|自營商(T86/上櫃三大法人)=1|當沖(TWTB4U/上櫃intraday)=1|季財報(MOPS t163sb04)=1|月營收(MOPS/openapi)=1|官方產業別(MOPS t05st03)=1|融資券(MI_MARGN)=1|借券(TWT93U)=1|法人(T86)=1",398,inf,250.0,official_prepanel,13742.2,274.0,0.0,1.0,0,1,4.096,-4.437,-15.017,11728.0,0,未扣成本·事後欄位以 m_ 標示·非投資建議,names.json,HO 第 1～3 折：面板起點限制，不作判定,鎖後描述，不參與判定（DEV-009；使用者 G1 第 5 項 2026-10-05）：落選挑戰者在 HOLDOUT 的描述記錄，鎖定判定不變，不得用於重新選模·未扣成本·事後欄位以 m_ 標示·非投資建議
HO,3,2024-03-11,2024-03-12,5386,青雲,TPEx,R,R_core,fCD,R2@5,7,45,漏網,49,-2.603014,,atr14=0.756|n_lu_250=0.958|r20=0.988|c_ma120=0.940|vr20=0.996|days_since_lu=0.001|dt_ratio20=NaN|lend_to_v=0.101|rev_yoy=0.864|o_turn=1.000|o_log_mcap=0.097|o_lu_follow=0.860,"官方日成交結構(MI_INDEX/dailyQuotes)=1|發行股數(MI_QFIIS/dailyQuotes)=1|外資持股(MI_QFIIS,僅上市)=0|自營商(T86/上櫃三大法人)=1|當沖(TWTB4U/上櫃intraday)=1|季財報(MOPS t163sb04)=1|月營收(MOPS/openapi)=1|官方產業別(MOPS t05st03)=1|融資券(MI_MARGN)=1|借券(TWT93U)=1|法人(T86)=1",399,inf,250.0,official_prepanel,2453.75,49.0,0.0,1.0,0,1,1.544,13.9,6.564,5139.0,0,未扣成本·事後欄位以 m_ 標示·非投資建議,names.json,HO 第 1～3 折：面板起點限制，不作判定,鎖後描述，不參與判定（DEV-009；使用者 G1 第 5 項 2026-10-05）：落選挑戰者在 HOLDOUT 的描述記錄，鎖定判定不變，不得用於重新選模·未扣成本·事後欄位以 m_ 標示·非投資建議
HO,3,2024-03-11,2024-03-12,9902,台火,TWSE,R,R_core,fCD,R2@5,15,45,漏網,245,-2.81268,,atr14=0.488|n_lu_250=0.679|r20=0.863|c_ma120=0.810|vr20=0.998|days_since_lu=0.001|dt_ratio20=0.869|lend_to_v=0.158|rev_yoy=0.004|o_turn=0.990|o_log_mcap=0.040|o_lu_follow=0.904,"官方日成交結構(MI_INDEX/dailyQuotes)=1|發行股數(MI_QFIIS/dailyQuotes)=1|外資持股(MI_QFIIS,僅上市)=1|自營商(T86/上櫃三大法人)=1|當沖(TWTB4U/上櫃intraday)=1|季財報(MOPS t163sb04)=1|月營收(MOPS/openapi)=1|官方產業別(MOPS t05st03)=1|融資券(MI_MARGN)=1|借券(TWT93U)=1|法人(T86)=1",399,inf,250.0,official_prepanel,1410.15,28.0,0.0,1.0,0,1,9.428,6.061,4.377,6076.0,0,未扣成本·事後欄位以 m_ 標示·非投資建議,names.json,HO 第 1～3 折：面板起點限制，不作判定,鎖後描述，不參與判定（DEV-009；使用者 G1 第 5 項 2026-10-05）：落選挑戰者在 HOLDOUT 的描述記錄，鎖定判定不變，不得用於重新選模·未扣成本·事後欄位以 m_ 標示·非投資建議
HO,3,2024-03-15,2024-03-18,6735,美達科技,TPEx,R,R_core,fCD,R2@5,16,43,漏網,19,-2.727676,,atr14=0.997|n_lu_250=0.944|r20=0.911|c_ma120=0.978|vr20=0.710|days_since_lu=0.036|dt_ratio20=NaN|lend_to_v=0.057|rev_yoy=0.962|o_turn=0.906|o_log_mcap=0.244|o_lu_follow=0.872,"官方日成交結構(MI_INDEX/dailyQuotes)=1|發行股數(MI_QFIIS/dailyQuotes)=1|外資持股(MI_QFIIS,僅上市)=0|自營商(T86/上櫃三大法人)=1|當沖(TWTB4U/上櫃intraday)=1|季財報(MOPS t163sb04)=1|月營收(MOPS/openapi)=1|官方產業別(MOPS t05st03)=1|融資券(MI_MARGN)=1|借券(TWT93U)=1|法人(T86)=1",403,inf,250.0,official_prepanel,1210.1,24.0,0.0,1.0,0,1,8.696,17.391,16.304,898.0,0,未扣成本·事後欄位以 m_ 標示·非投資建議,names.json,HO 第 1～3 折：面板起點限制，不作判定,鎖後描述，不參與判定（DEV-009；使用者 G1 第 5 項 2026-10-05）：落選挑戰者在 HOLDOUT 的描述記錄，鎖定判定不變，不得用於重新選模·未扣成本·事後欄位以 m_ 標示·非投資建議
HO,3,2024-03-21,2024-03-22,4127,天良,TPEx,R,R_core,fCD,R2@5,8,31,漏網,105,-2.568257,,atr14=0.571|n_lu_250=0.741|r20=1.000|c_ma120=0.984|vr20=0.998|days_since_lu=0.004|dt_ratio20=NaN|lend_to_v=0.082|rev_yoy=0.460|o_turn=0.998|o_log_mcap=0.011|o_lu_follow=0.984,"官方日成交結構(MI_INDEX/dailyQuotes)=1|發行股數(MI_QFIIS/dailyQuotes)=1|外資持股(MI_QFIIS,僅上市)=0|自營商(T86/上櫃三大法人)=1|當沖(TWTB4U/上櫃intraday)=1|季財報(MOPS t163sb04)=1|月營收(MOPS/openapi)=1|官方產業別(MOPS t05st03)=1|融資券(MI_MARGN)=1|借券(TWT93U)=1|法人(T86)=1",407,inf,250.0,official_prepanel,1252.0,25.0,0.0,1.0,0,1,2.923,23.173,45.511,6275.0,0,未扣成本·事後欄位以 m_ 標示·非投資建議,names.json,HO 第 1～3 折：面板起點限制，不作判定,鎖後描述，不參與判定（DEV-009；使用者 G1 第 5 項 2026-10-05）：落選挑戰者在 HOLDOUT 的描述記錄，鎖定判定不變，不得用於重新選模·未扣成本·事後欄位以 m_ 標示·非投資建議
HO,3,2024-03-29,2024-04-01,2359,所羅門,TWSE,R,R_core,fCD,R2@5,13,21,漏網,26,-3.125581,,atr14=0.847|n_lu_250=0.888|r20=1.000|c_ma120=0.996|vr20=0.284|days_since_lu=0.034|dt_ratio20=0.850|lend_to_v=0.173|rev_yoy=0.710|o_turn=0.854|o_log_mcap=0.583|o_lu_follow=0.936,"官方日成交結構(MI_INDEX/dailyQuotes)=1|發行股數(MI_QFIIS/dailyQuotes)=1|外資持股(MI_QFIIS,僅上市)=1|自營商(T86/上櫃三大法人)=1|當沖(TWTB4U/上櫃intraday)=0|季財報(MOPS t163sb04)=1|月營收(MOPS/openapi)=1|官方產業別(MOPS t05st03)=1|融資券(MI_MARGN)=1|借券(TWT93U)=1|法人(T86)=1",413,inf,250.0,official_prepanel,10508.4,105.0,1.0,5.0,0,1,4.319,29.581,20.419,3105.0,1,未扣成本·事後欄位以 m_ 標示·非投資建議,names.json,HO 第 1～3 折：面板起點限制，不作判定,鎖後描述，不參與判定（DEV-009；使用者 G1 第 5 項 2026-10-05）：落選挑戰者在 HOLDOUT 的描述記錄，鎖定判定不變，不得用於重新選模·未扣成本·事後欄位以 m_ 標示·非投資建議
HO,4,2024-04-10,2024-04-11,2374,佳能,TWSE,R,R_core,fCD,R2@5,28,31,漏網,115,-2.5267,,atr14=0.905|n_lu_250=0.580|r20=0.959|c_ma120=0.858|vr20=0.781|days_since_lu=0.032|dt_ratio20=0.862|lend_to_v=0.251|rev_yoy=0.810|o_turn=0.944|o_log_mcap=0.452|o_lu_follow=0.967,"官方日成交結構(MI_INDEX/dailyQuotes)=1|發行股數(MI_QFIIS/dailyQuotes)=1|外資持股(MI_QFIIS,僅上市)=1|自營商(T86/上櫃三大法人)=1|當沖(TWTB4U/上櫃intraday)=1|季財報(MOPS t163sb04)=1|月營收(MOPS/openapi)=1|官方產業別(MOPS t05st03)=1|融資券(MI_MARGN)=1|借券(TWT93U)=1|法人(T86)=1",419,inf,250.0,official_prepanel,9901.7,198.0,0.0,1.0,0,1,7.599,28.419,22.188,34440.0,0,未扣成本·事後欄位以 m_ 標示·非投資建議,names.json,HO-model（2024Q2～Q4，挑戰者評估窗）,鎖後描述，不參與判定（DEV-009；使用者 G1 第 5 項 2026-10-05）：落選挑戰者在 HOLDOUT 的描述記錄，鎖定判定不變，不得用於重新選模·未扣成本·事後欄位以 m_ 標示·非投資建議
HO,4,2024-04-11,2024-04-12,1587,吉茂,TWSE,R,R_core,fCD,R2@5,11,29,漏網,27,-1.805218,,atr14=0.987|n_lu_250=0.823|r20=0.998|c_ma120=0.987|vr20=0.178|days_since_lu=0.038|dt_ratio20=0.796|lend_to_v=0.064|rev_yoy=0.390|o_turn=0.883|o_log_mcap=0.120|o_lu_follow=0.917,"官方日成交結構(MI_INDEX/dailyQuotes)=1|發行股數(MI_QFIIS/dailyQuotes)=1|外資持股(MI_QFIIS,僅上市)=1|自營商(T86/上櫃三大法人)=1|當沖(TWTB4U/上櫃intraday)=0|季財報(MOPS t163sb04)=1|月營收(MOPS/openapi)=1|官方產業別(MOPS t05st03)=1|融資券(MI_MARGN)=1|借券(TWT93U)=1|法人(T86)=1",420,inf,250.0,official_prepanel,4369.6,43.0,1.0,4.0,0,1,6.667,17.857,35.0,5245.0,1,未扣成本·事後欄位以 m_ 標示·非投資建議,names.json,HO-model（2024Q2～Q4，挑戰者評估窗）,鎖後描述，不參與判定（DEV-009；使用者 G1 第 5 項 2026-10-05）：落選挑戰者在 HOLDOUT 的描述記錄，鎖定判定不變，不得用於重新選模·未扣成本·事後欄位以 m_ 標示·非投資建議
HO,4,2024-04-16,2024-04-17,1608,華榮,TWSE,R,R_core,fCD,R2@5,22,39,漏網,26,-1.901342,,atr14=0.960|n_lu_250=0.854|r20=0.989|c_ma120=0.987|vr20=0.664|days_since_lu=0.016|dt_ratio20=0.980|lend_to_v=0.067|rev_yoy=0.333|o_turn=0.975|o_log_mcap=0.718|o_lu_follow=0.865,"官方日成交結構(MI_INDEX/dailyQuotes)=1|發行股數(MI_QFIIS/dailyQuotes)=1|外資持股(MI_QFIIS,僅上市)=1|自營商(T86/上櫃三大法人)=1|當沖(TWTB4U/上櫃intraday)=1|季財報(MOPS t163sb04)=1|月營收(MOPS/openapi)=1|官方產業別(MOPS t05st03)=1|融資券(MI_MARGN)=1|借券(TWT93U)=1|法人(T86)=1",423,inf,250.0,official_prepanel,36132.7,722.0,0.0,0.0,0,1,8.155,0.401,-3.61,37122.0,0,未扣成本·事後欄位以 m_ 標示·非投資建議,names.json,HO-model（2024Q2～Q4，挑戰者評估窗）,鎖後描述，不參與判定（DEV-009；使用者 G1 第 5 項 2026-10-05）：落選挑戰者在 HOLDOUT 的描述記錄，鎖定判定不變，不得用於重新選模·未扣成本·事後欄位以 m_ 標示·非投資建議
HO,4,2024-04-16,2024-04-17,1609,大亞,TWSE,R,R_core,fCD,R2@5,35,39,漏網,53,-2.620039,,atr14=0.870|n_lu_250=0.778|r20=0.988|c_ma120=0.975|vr20=0.971|days_since_lu=0.004|dt_ratio20=0.970|lend_to_v=0.164|rev_yoy=0.404|o_turn=0.999|o_log_mcap=0.818|o_lu_follow=0.455,"官方日成交結構(MI_INDEX/dailyQuotes)=1|發行股數(MI_QFIIS/dailyQuotes)=1|外資持股(MI_QFIIS,僅上市)=1|自營商(T86/上櫃三大法人)=1|當沖(TWTB4U/上櫃intraday)=1|季財報(MOPS t163sb04)=1|月營收(MOPS/openapi)=1|官方產業別(MOPS t05st03)=1|融資券(MI_MARGN)=1|借券(TWT93U)=1|法人(T86)=1",423,inf,250.0,official_prepanel,82902.75,1658.0,0.0,1.0,0,1,5.745,3.411,2.154,108865.0,0,未扣成本·事後欄位以 m_ 標示·非投資建議,names.json,HO-model（2024Q2～Q4，挑戰者評估窗）,鎖後描述，不參與判定（DEV-009；使用者 G1 第 5 項 2026-10-05）：落選挑戰者在 HOLDOUT 的描述記錄，鎖定判定不變，不得用於重新選模·未扣成本·事後欄位以 m_ 標示·非投資建議
HO,4,2024-04-16,2024-04-17,1618,合機,TWSE,R,R_core,fCD,R2@5,18,39,漏網,31,-1.845082,,atr14=0.870|n_lu_250=0.915|r20=0.989|c_ma120=0.976|vr20=0.991|days_since_lu=0.004|dt_ratio20=0.998|lend_to_v=0.062|rev_yoy=0.806|o_turn=1.000|o_log_mcap=0.476|o_lu_follow=0.873,"官方日成交結構(MI_INDEX/dailyQuotes)=1|發行股數(MI_QFIIS/dailyQuotes)=1|外資持股(MI_QFIIS,僅上市)=1|自營商(T86/上櫃三大法人)=1|當沖(TWTB4U/上櫃intraday)=1|季財報(MOPS t163sb04)=1|月營收(MOPS/openapi)=1|官方產業別(MOPS t05st03)=1|融資券(MI_MARGN)=1|借券(TWT93U)=1|法人(T86)=1",423,inf,250.0,official_prepanel,18345.15,366.0,0.0,1.0,0,1,7.164,12.21,7.366,24326.0,0,未扣成本·事後欄位以 m_ 標示·非投資建議,names.json,HO-model（2024Q2～Q4，挑戰者評估窗）,鎖後描述，不參與判定（DEV-009；使用者 G1 第 5 項 2026-10-05）：落選挑戰者在 HOLDOUT 的描述記錄，鎖定判定不變，不得用於重新選模·未扣成本·事後欄位以 m_ 標示·非投資建議
HO,4,2024-04-18,2024-04-19,6264,富裔,TPEx,R,R_core,fCD,R2@5,6,35,漏網,92,-1.515721,,atr14=0.905|n_lu_250=0.675|r20=0.959|c_ma120=0.889|vr20=0.990|days_since_lu=0.011|dt_ratio20=NaN|lend_to_v=0.016|rev_yoy=0.871|o_turn=0.873|o_log_mcap=0.007|o_lu_follow=0.895,"官方日成交結構(MI_INDEX/dailyQuotes)=1|發行股數(MI_QFIIS/dailyQuotes)=1|外資持股(MI_QFIIS,僅上市)=0|自營商(T86/上櫃三大法人)=1|當沖(TWTB4U/上櫃intraday)=0|季財報(MOPS t163sb04)=0|月營收(MOPS/openapi)=1|官方產業別(MOPS t05st03)=1|融資券(MI_MARGN)=1|借券(TWT93U)=1|法人(T86)=1",425,inf,250.0,official_prepanel,577.25,11.0,0.0,1.0,0,1,8.911,26.733,60.891,2312.0,0,未扣成本·事後欄位以 m_ 標示·非投資建議,names.json,HO-model（2024Q2～Q4，挑戰者評估窗）,鎖後描述，不參與判定（DEV-009；使用者 G1 第 5 項 2026-10-05）：落選挑戰者在 HOLDOUT 的描述記錄，鎖定判定不變，不得用於重新選模·未扣成本·事後欄位以 m_ 標示·非投資建議
HO,4,2024-04-22,2024-04-23,1587,吉茂,TWSE,R,R_core,fCD,R2@5,14,47,漏網,13,-1.570852,,atr14=0.994|n_lu_250=0.884|r20=0.999|c_ma120=0.991|vr20=0.325|days_since_lu=0.061|dt_ratio20=NaN|lend_to_v=0.050|rev_yoy=0.389|o_turn=0.935|o_log_mcap=0.139|o_lu_follow=0.941,"官方日成交結構(MI_INDEX/dailyQuotes)=1|發行股數(MI_QFIIS/dailyQuotes)=1|外資持股(MI_QFIIS,僅上市)=1|自營商(T86/上櫃三大法人)=1|當沖(TWTB4U/上櫃intraday)=0|季財報(MOPS t163sb04)=1|月營收(MOPS/openapi)=1|官方產業別(MOPS t05st03)=1|融資券(MI_MARGN)=1|借券(TWT93U)=1|法人(T86)=1",427,inf,250.0,official_prepanel,5147.05,51.0,1.0,1.0,0,1,8.681,45.37,73.38,3217.0,1,未扣成本·事後欄位以 m_ 標示·非投資建議,names.json,HO-model（2024Q2～Q4，挑戰者評估窗）,鎖後描述，不參與判定（DEV-009；使用者 G1 第 5 項 2026-10-05）：落選挑戰者在 HOLDOUT 的描述記錄，鎖定判定不變，不得用於重新選模·未扣成本·事後欄位以 m_ 標示·非投資建議
HO,4,2024-04-22,2024-04-23,2359,所羅門,TWSE,R,R_core,fCD,R2@5,25,47,漏網,1,-2.215091,,atr14=0.999|n_lu_250=0.949|r20=0.999|c_ma120=0.994|vr20=0.255|days_since_lu=0.108|dt_ratio20=NaN|lend_to_v=0.098|rev_yoy=0.123|o_turn=0.879|o_log_mcap=0.594|o_lu_follow=0.996,"官方日成交結構(MI_INDEX/dailyQuotes)=1|發行股數(MI_QFIIS/dailyQuotes)=1|外資持股(MI_QFIIS,僅上市)=1|自營商(T86/上櫃三大法人)=1|當沖(TWTB4U/上櫃intraday)=0|季財報(MOPS t163sb04)=1|月營收(MOPS/openapi)=1|官方產業別(MOPS t05st03)=1|融資券(MI_MARGN)=1|借券(TWT93U)=1|法人(T86)=1",427,inf,250.0,official_prepanel,8880.9,88.0,1.0,0.0,0,1,4.635,14.137,17.613,8360.0,0,未扣成本·事後欄位以 m_ 標示·非投資建議,names.json,HO-model（2024Q2～Q4，挑戰者評估窗）,鎖後描述，不參與判定（DEV-009；使用者 G1 第 5 項 2026-10-05）：落選挑戰者在 HOLDOUT 的描述記錄，鎖定判定不變，不得用於重新選模·未扣成本·事後欄位以 m_ 標示·非投資建議
HO,4,2024-04-22,2024-04-23,4716,大立,TPEx,R,R_core,fCD,R2@5,20,47,漏網,88,-1.971714,,atr14=0.947|n_lu_250=0.679|r20=0.958|c_ma120=0.866|vr20=0.192|days_since_lu=0.061|dt_ratio20=NaN|lend_to_v=0.054|rev_yoy=0.878|o_turn=0.748|o_log_mcap=0.015|o_lu_follow=0.894,"官方日成交結構(MI_INDEX/dailyQuotes)=1|發行股數(MI_QFIIS/dailyQuotes)=1|外資持股(MI_QFIIS,僅上市)=0|自營商(T86/上櫃三大法人)=1|當沖(TWTB4U/上櫃intraday)=1|季財報(MOPS t163sb04)=1|月營收(MOPS/openapi)=1|官方產業別(MOPS t05st03)=1|融資券(MI_MARGN)=1|借券(TWT93U)=1|法人(T86)=1",427,inf,250.0,official_prepanel,2618.1,52.0,0.0,0.0,0,1,9.259,10.185,10.802,4482.0,0,未扣成本·事後欄位以 m_ 標示·非投資建議,names.json,HO-model（2024Q2～Q4，挑戰者評估窗）,鎖後描述，不參與判定（DEV-009；使用者 G1 第 5 項 2026-10-05）：落選挑戰者在 HOLDOUT 的描述記錄，鎖定判定不變，不得用於重新選模·未扣成本·事後欄位以 m_ 標示·非投資建議
HO,4,2024-04-23,2024-04-24,6230,尼得科超眾,TWSE,R,R_core,fCD,R2@5,12,40,漏網,19,-1.546713,,atr14=0.955|n_lu_250=0.959|r20=0.929|c_ma120=0.983|vr20=0.981|days_since_lu=0.015|dt_ratio20=NaN|lend_to_v=0.205|rev_yoy=0.078|o_turn=0.935|o_log_mcap=0.682|o_lu_follow=0.989,"官方日成交結構(MI_INDEX/dailyQuotes)=1|發行股數(MI_QFIIS/dailyQuotes)=1|外資持股(MI_QFIIS,僅上市)=1|自營商(T86/上櫃三大法人)=1|當沖(TWTB4U/上櫃intraday)=1|季財報(MOPS t163sb04)=1|月營收(MOPS/openapi)=1|官方產業別(MOPS t05st03)=1|融資券(MI_MARGN)=1|借券(TWT93U)=1|法人(T86)=1",428,inf,250.0,official_prepanel,844.9,16.0,0.0,2.0,0,1,5.672,36.345,35.504,1041.0,0,未扣成本·事後欄位以 m_ 標示·非投資建議,names.json,HO-model（2024Q2～Q4，挑戰者評估窗）,鎖後描述，不參與判定（DEV-009；使用者 G1 第 5 項 2026-10-05）：落選挑戰者在 HOLDOUT 的描述記錄，鎖定判定不變，不得用於重新選模·未扣成本·事後欄位以 m_ 標示·非投資建議
HO,4,2024-05-02,2024-05-03,1587,吉茂,TWSE,R,R_core,fCD,R2@5,9,38,漏網,3,-1.500614,,atr14=0.985|n_lu_250=0.953|r20=1.000|c_ma120=1.000|vr20=0.596|days_since_lu=0.024|dt_ratio20=NaN|lend_to_v=0.046|rev_yoy=0.389|o_turn=0.987|o_log_mcap=0.204|o_lu_follow=0.994,"官方日成交結構(MI_INDEX/dailyQuotes)=1|發行股數(MI_QFIIS/dailyQuotes)=1|外資持股(MI_QFIIS,僅上市)=1|自營商(T86/上櫃三大法人)=1|當沖(TWTB4U/上櫃intraday)=1|季財報(MOPS t163sb04)=1|月營收(MOPS/openapi)=1|官方產業別(MOPS t05st03)=1|融資券(MI_MARGN)=1|借券(TWT93U)=1|法人(T86)=1",434,inf,250.0,official_prepanel,8005.3,160.0,0.0,3.0,0,1,5.582,22.967,22.967,5454.0,0,未扣成本·事後欄位以 m_ 標示·非投資建議,names.json,HO-model（2024Q2～Q4，挑戰者評估窗）,鎖後描述，不參與判定（DEV-009；使用者 G1 第 5 項 2026-10-05）：落選挑戰者在 HOLDOUT 的描述記錄，鎖定判定不變，不得用於重新選模·未扣成本·事後欄位以 m_ 標示·非投資建議
HO,4,2024-05-02,2024-05-03,8906,花王,TPEx,R,R_core,fCD,R2@5,16,38,漏網,114,-1.806417,,atr14=0.727|n_lu_250=0.678|r20=0.968|c_ma120=0.938|vr20=0.973|days_since_lu=0.004|dt_ratio20=NaN|lend_to_v=0.038|rev_yoy=0.374|o_turn=0.910|o_log_mcap=0.004|o_lu_follow=0.996,"官方日成交結構(MI_INDEX/dailyQuotes)=1|發行股數(MI_QFIIS/dailyQuotes)=1|外資持股(MI_QFIIS,僅上市)=0|自營商(T86/上櫃三大法人)=1|當沖(TWTB4U/上櫃intraday)=1|季財報(MOPS t163sb04)=1|月營收(MOPS/openapi)=1|官方產業別(MOPS t05st03)=1|融資券(MI_MARGN)=1|借券(TWT93U)=1|法人(T86)=1",434,inf,250.0,official_prepanel,406.25,8.0,0.0,1.0,0,1,9.583,39.792,50.0,2760.0,0,未扣成本·事後欄位以 m_ 標示·非投資建議,names.json,HO-model（2024Q2～Q4，挑戰者評估窗）,鎖後描述，不參與判定（DEV-009；使用者 G1 第 5 項 2026-10-05）：落選挑戰者在 HOLDOUT 的描述記錄，鎖定判定不變，不得用於重新選模·未扣成本·事後欄位以 m_ 標示·非投資建議
HO,4,2024-05-15,2024-05-16,1453,大將,TWSE,R,R_core,fCD,R2@5,11,30,漏網,141,-2.16877,,atr14=1.000|n_lu_250=0.948|r20=0.356|c_ma120=0.939|vr20=0.049|days_since_lu=0.071|dt_ratio20=NaN|lend_to_v=0.060|rev_yoy=0.937|o_turn=0.714|o_log_mcap=0.088|o_lu_follow=0.979,"官方日成交結構(MI_INDEX/dailyQuotes)=1|發行股數(MI_QFIIS/dailyQuotes)=1|外資持股(MI_QFIIS,僅上市)=1|自營商(T86/上櫃三大法人)=1|當沖(TWTB4U/上櫃intraday)=1|季財報(MOPS t163sb04)=1|月營收(MOPS/openapi)=1|官方產業別(MOPS t05st03)=1|融資券(MI_MARGN)=1|借券(TWT93U)=1|法人(T86)=1",443,inf,250.0,official_prepanel,4636.4,92.0,0.0,1.0,0,1,10.398,21.681,23.894,6306.0,0,未扣成本·事後欄位以 m_ 標示·非投資建議,names.json,HO-model（2024Q2～Q4，挑戰者評估窗）,鎖後描述，不參與判定（DEV-009；使用者 G1 第 5 項 2026-10-05）：落選挑戰者在 HOLDOUT 的描述記錄，鎖定判定不變，不得用於重新選模·未扣成本·事後欄位以 m_ 標示·非投資建議
HO,4,2024-05-15,2024-05-16,6264,富裔,TPEx,R,R_core,fCD,R2@5,6,30,漏網,10,-1.684316,,atr14=1.000|n_lu_250=0.901|r20=0.991|c_ma120=0.974|vr20=0.158|days_since_lu=0.115|dt_ratio20=NaN|lend_to_v=0.016|rev_yoy=0.028|o_turn=0.649|o_log_mcap=0.029|o_lu_follow=0.996,"官方日成交結構(MI_INDEX/dailyQuotes)=1|發行股數(MI_QFIIS/dailyQuotes)=1|外資持股(MI_QFIIS,僅上市)=0|自營商(T86/上櫃三大法人)=1|當沖(TWTB4U/上櫃intraday)=0|季財報(MOPS t163sb04)=0|月營收(MOPS/openapi)=1|官方產業別(MOPS t05st03)=1|融資券(MI_MARGN)=1|借券(TWT93U)=1|法人(T86)=1",443,inf,250.0,official_prepanel,2443.35,24.0,1.0,0.0,0,1,10.547,16.406,12.891,1384.0,0,未扣成本·事後欄位以 m_ 標示·非投資建議,names.json,HO-model（2024Q2～Q4，挑戰者評估窗）,鎖後描述，不參與判定（DEV-009；使用者 G1 第 5 項 2026-10-05）：落選挑戰者在 HOLDOUT 的描述記錄，鎖定判定不變，不得用於重新選模·未扣成本·事後欄位以 m_ 標示·非投資建議
HO,4,2024-05-21,2024-05-22,2613,中櫃,TWSE,R,R_core,fCD,R2@5,18,30,漏網,91,-2.630423,,atr14=0.915|n_lu_250=0.728|r20=0.931|c_ma120=0.835|vr20=0.152|days_since_lu=0.049|dt_ratio20=0.975|lend_to_v=0.053|rev_yoy=0.393|o_turn=0.626|o_log_mcap=0.203|o_lu_follow=0.985,"官方日成交結構(MI_INDEX/dailyQuotes)=1|發行股數(MI_QFIIS/dailyQuotes)=1|外資持股(MI_QFIIS,僅上市)=1|自營商(T86/上櫃三大法人)=1|當沖(TWTB4U/上櫃intraday)=1|季財報(MOPS t163sb04)=1|月營收(MOPS/openapi)=1|官方產業別(MOPS t05st03)=1|融資券(MI_MARGN)=1|借券(TWT93U)=1|法人(T86)=1",447,inf,250.0,official_prepanel,3356.85,67.0,0.0,3.0,0,1,7.447,35.638,32.624,5910.0,0,未扣成本·事後欄位以 m_ 標示·非投資建議,names.json,HO-model（2024Q2～Q4，挑戰者評估窗）,鎖後描述，不參與判定（DEV-009；使用者 G1 第 5 項 2026-10-05）：落選挑戰者在 HOLDOUT 的描述記錄，鎖定判定不變，不得用於重新選模·未扣成本·事後欄位以 m_ 標示·非投資建議
HO,4,2024-05-24,2024-05-27,2613,中櫃,TWSE,R,R_core,fCD,R2@5,9,43,漏網,34,-1.781705,,atr14=0.968|n_lu_250=0.812|r20=0.990|c_ma120=0.950|vr20=0.965|days_since_lu=0.004|dt_ratio20=0.965|lend_to_v=0.048|rev_yoy=0.392|o_turn=0.969|o_log_mcap=0.243|o_lu_follow=0.991,"官方日成交結構(MI_INDEX/dailyQuotes)=1|發行股數(MI_QFIIS/dailyQuotes)=1|外資持股(MI_QFIIS,僅上市)=1|自營商(T86/上櫃三大法人)=1|當沖(TWTB4U/上櫃intraday)=1|季財報(MOPS t163sb04)=1|月營收(MOPS/openapi)=1|官方產業別(MOPS t05st03)=1|融資券(MI_MARGN)=1|借券(TWT93U)=1|法人(T86)=1",450,inf,250.0,official_prepanel,4600.25,92.0,0.0,0.0,0,1,7.573,24.73,43.586,7532.0,0,未扣成本·事後欄位以 m_ 標示·非投資建議,names.json,HO-model（2024Q2～Q4，挑戰者評估窗）,鎖後描述，不參與判定（DEV-009；使用者 G1 第 5 項 2026-10-05）：落選挑戰者在 HOLDOUT 的描述記錄，鎖定判定不變，不得用於重新選模·未扣成本·事後欄位以 m_ 標示·非投資建議
HO,4,2024-05-27,2024-05-28,4549,桓達,TPEx,R,R_core,fCD,R2@5,21,39,漏網,28,-2.202822,,atr14=0.988|n_lu_250=0.775|r20=0.996|c_ma120=0.973|vr20=0.689|days_since_lu=0.046|dt_ratio20=NaN|lend_to_v=0.074|rev_yoy=0.327|o_turn=0.881|o_log_mcap=0.414|o_lu_follow=0.456,"官方日成交結構(MI_INDEX/dailyQuotes)=1|發行股數(MI_QFIIS/dailyQuotes)=1|外資持股(MI_QFIIS,僅上市)=0|自營商(T86/上櫃三大法人)=1|當沖(TWTB4U/上櫃intraday)=1|季財報(MOPS t163sb04)=1|月營收(MOPS/openapi)=1|官方產業別(MOPS t05st03)=1|融資券(MI_MARGN)=1|借券(TWT93U)=1|法人(T86)=1",451,inf,250.0,official_prepanel,1534.6,30.0,0.0,2.0,0,1,7.566,24.671,20.724,563.0,0,未扣成本·事後欄位以 m_ 標示·非投資建議,names.json,HO-model（2024Q2～Q4，挑戰者評估窗）,鎖後描述，不參與判定（DEV-009；使用者 G1 第 5 項 2026-10-05）：落選挑戰者在 HOLDOUT 的描述記錄，鎖定判定不變，不得用於重新選模·未扣成本·事後欄位以 m_ 標示·非投資建議
HO,4,2024-05-30,2024-05-31,4160,訊聯基因,TPEx,R,R_core,fCD,R2@5,7,49,漏網,7,-1.578977,,atr14=0.978|n_lu_250=0.958|r20=0.989|c_ma120=0.996|vr20=0.908|days_since_lu=0.010|dt_ratio20=NaN|lend_to_v=NaN|rev_yoy=0.755|o_turn=0.928|o_log_mcap=0.063|o_lu_follow=0.488,"官方日成交結構(MI_INDEX/dailyQuotes)=1|發行股數(MI_QFIIS/dailyQuotes)=1|外資持股(MI_QFIIS,僅上市)=0|自營商(T86/上櫃三大法人)=1|當沖(TWTB4U/上櫃intraday)=0|季財報(MOPS t163sb04)=1|月營收(MOPS/openapi)=1|官方產業別(MOPS t05st03)=1|融資券(MI_MARGN)=0|借券(TWT93U)=0|法人(T86)=1",454,inf,250.0,official_prepanel,687.85,13.0,0.0,0.0,0,1,5.412,7.882,1.882,1481.0,0,未扣成本·事後欄位以 m_ 標示·非投資建議,names.json,HO-model（2024Q2～Q4，挑戰者評估窗）,鎖後描述，不參與判定（DEV-009；使用者 G1 第 5 項 2026-10-05）：落選挑戰者在 HOLDOUT 的描述記錄，鎖定判定不變，不得用於重新選模·未扣成本·事後欄位以 m_ 標示·非投資建議
HO,4,2024-05-30,2024-05-31,4571,鈞興-KY,TWSE,R,R_core,fCD,R2@5,23,49,漏網,94,-2.353524,,atr14=0.961|n_lu_250=0.645|r20=0.974|c_ma120=0.915|vr20=0.969|days_since_lu=0.010|dt_ratio20=0.750|lend_to_v=0.102|rev_yoy=0.853|o_turn=0.854|o_log_mcap=0.357|o_lu_follow=0.896,"官方日成交結構(MI_INDEX/dailyQuotes)=1|發行股數(MI_QFIIS/dailyQuotes)=1|外資持股(MI_QFIIS,僅上市)=1|自營商(T86/上櫃三大法人)=1|當沖(TWTB4U/上櫃intraday)=1|季財報(MOPS t163sb04)=1|月營收(MOPS/openapi)=1|官方產業別(MOPS t05st03)=1|融資券(MI_MARGN)=1|借券(TWT93U)=1|法人(T86)=1",454,inf,250.0,official_prepanel,416.7,8.0,0.0,0.0,0,1,8.434,19.277,17.671,1360.0,0,未扣成本·事後欄位以 m_ 標示·非投資建議,names.json,HO-model（2024Q2～Q4，挑戰者評估窗）,鎖後描述，不參與判定（DEV-009；使用者 G1 第 5 項 2026-10-05）：落選挑戰者在 HOLDOUT 的描述記錄，鎖定判定不變，不得用於重新選模·未扣成本·事後欄位以 m_ 標示·非投資建議
HO,4,2024-05-30,2024-05-31,6117,迎廣,TWSE,R,R_core,fCD,R2@5,11,49,漏網,5,-1.765581,,atr14=0.965|n_lu_250=0.999|r20=0.994|c_ma120=0.985|vr20=0.912|days_since_lu=0.029|dt_ratio20=0.995|lend_to_v=0.042|rev_yoy=0.914|o_turn=0.996|o_log_mcap=0.529|o_lu_follow=0.982,"官方日成交結構(MI_INDEX/dailyQuotes)=1|發行股數(MI_QFIIS/dailyQuotes)=1|外資持股(MI_QFIIS,僅上市)=1|自營商(T86/上櫃三大法人)=1|當沖(TWTB4U/上櫃intraday)=1|季財報(MOPS t163sb04)=1|月營收(MOPS/openapi)=1|官方產業別(MOPS t05st03)=1|融資券(MI_MARGN)=1|借券(TWT93U)=1|法人(T86)=1",454,inf,250.0,official_prepanel,15278.6,305.0,0.0,5.0,0,1,9.962,8.812,1.916,20007.0,0,未扣成本·事後欄位以 m_ 標示·非投資建議,names.json,HO-model（2024Q2～Q4，挑戰者評估窗）,鎖後描述，不參與判定（DEV-009；使用者 G1 第 5 項 2026-10-05）：落選挑戰者在 HOLDOUT 的描述記錄，鎖定判定不變，不得用於重新選模·未扣成本·事後欄位以 m_ 標示·非投資建議
HO,4,2024-06-04,2024-06-05,2613,中櫃,TWSE,R,R_core,fCD,R2@5,8,45,漏網,15,-1.841921,,atr14=0.993|n_lu_250=0.903|r20=0.999|c_ma120=0.978|vr20=0.247|days_since_lu=0.043|dt_ratio20=0.986|lend_to_v=0.040|rev_yoy=0.388|o_turn=0.873|o_log_mcap=0.293|o_lu_follow=0.997,"官方日成交結構(MI_INDEX/dailyQuotes)=1|發行股數(MI_QFIIS/dailyQuotes)=1|外資持股(MI_QFIIS,僅上市)=1|自營商(T86/上櫃三大法人)=1|當沖(TWTB4U/上櫃intraday)=1|季財報(MOPS t163sb04)=1|月營收(MOPS/openapi)=1|官方產業別(MOPS t05st03)=1|融資券(MI_MARGN)=1|借券(TWT93U)=1|法人(T86)=1",457,inf,250.0,official_prepanel,9372.4,187.0,0.0,4.0,0,1,7.311,14.36,14.883,3411.0,0,未扣成本·事後欄位以 m_ 標示·非投資建議,names.json,HO-model（2024Q2～Q4，挑戰者評估窗）,鎖後描述，不參與判定（DEV-009；使用者 G1 第 5 項 2026-10-05）：落選挑戰者在 HOLDOUT 的描述記錄，鎖定判定不變，不得用於重新選模·未扣成本·事後欄位以 m_ 標示·非投資建議
HO,4,2024-06-11,2024-06-12,3048,益登,TWSE,R,R_core,fCD,R2@5,24,44,漏網,118,-2.518958,,atr14=0.966|n_lu_250=0.634|r20=0.957|c_ma120=0.842|vr20=0.757|days_since_lu=0.037|dt_ratio20=0.753|lend_to_v=0.330|rev_yoy=0.560|o_turn=0.891|o_log_mcap=0.425|o_lu_follow=0.998,"官方日成交結構(MI_INDEX/dailyQuotes)=1|發行股數(MI_QFIIS/dailyQuotes)=1|外資持股(MI_QFIIS,僅上市)=1|自營商(T86/上櫃三大法人)=1|當沖(TWTB4U/上櫃intraday)=1|季財報(MOPS t163sb04)=1|月營收(MOPS/openapi)=1|官方產業別(MOPS t05st03)=1|融資券(MI_MARGN)=1|借券(TWT93U)=1|法人(T86)=1",461,inf,250.0,official_prepanel,7028.75,140.0,0.0,3.0,0,1,10.033,28.783,26.645,19006.0,0,未扣成本·事後欄位以 m_ 標示·非投資建議,names.json,HO-model（2024Q2～Q4，挑戰者評估窗）,鎖後描述，不參與判定（DEV-009；使用者 G1 第 5 項 2026-10-05）：落選挑戰者在 HOLDOUT 的描述記錄，鎖定判定不變，不得用於重新選模·未扣成本·事後欄位以 m_ 標示·非投資建議
HO,4,2024-06-14,2024-06-17,6834,天二科技,TWSE,R,R_core,fCD,R2@5,6,36,漏網,58,-1.470159,,atr14=0.902|n_lu_250=0.762|r20=0.992|c_ma120=0.976|vr20=0.896|days_since_lu=0.029|dt_ratio20=0.935|lend_to_v=0.047|rev_yoy=0.789|o_turn=0.895|o_log_mcap=0.188|o_lu_follow=0.941,"官方日成交結構(MI_INDEX/dailyQuotes)=1|發行股數(MI_QFIIS/dailyQuotes)=1|外資持股(MI_QFIIS,僅上市)=1|自營商(T86/上櫃三大法人)=1|當沖(TWTB4U/上櫃intraday)=1|季財報(MOPS t163sb04)=1|月營收(MOPS/openapi)=1|官方產業別(MOPS t05st03)=1|融資券(MI_MARGN)=1|借券(TWT93U)=1|法人(T86)=1",431,431.0,250.0,official,1879.8,37.0,0.0,1.0,0,1,9.95,18.284,17.91,4008.0,0,未扣成本·事後欄位以 m_ 標示·非投資建議,names.json,HO-model（2024Q2～Q4，挑戰者評估窗）,鎖後描述，不參與判定（DEV-009；使用者 G1 第 5 項 2026-10-05）：落選挑戰者在 HOLDOUT 的描述記錄，鎖定判定不變，不得用於重新選模·未扣成本·事後欄位以 m_ 標示·非投資建議
HO,4,2024-06-14,2024-06-17,6895,宏碩系統,TPEx,R,R_core,fCD,R2@5,28,36,漏網,33,-3.026996,,atr14=0.916|n_lu_250=0.712|r20=0.991|c_ma120=0.916|vr20=0.203|days_since_lu=0.066|dt_ratio20=NaN|lend_to_v=0.097|rev_yoy=0.170|o_turn=0.517|o_log_mcap=0.271|o_lu_follow=0.814,"官方日成交結構(MI_INDEX/dailyQuotes)=1|發行股數(MI_QFIIS/dailyQuotes)=1|外資持股(MI_QFIIS,僅上市)=0|自營商(T86/上櫃三大法人)=1|當沖(TWTB4U/上櫃intraday)=0|季財報(MOPS t163sb04)=1|月營收(MOPS/openapi)=1|官方產業別(MOPS t05st03)=1|融資券(MI_MARGN)=1|借券(TWT93U)=1|法人(T86)=1",198,198.0,198.0,official,532.95,5.0,1.0,1.0,0,1,8.276,21.379,64.138,508.0,1,未扣成本·事後欄位以 m_ 標示·非投資建議,names.json,HO-model（2024Q2～Q4，挑戰者評估窗）,鎖後描述，不參與判定（DEV-009；使用者 G1 第 5 項 2026-10-05）：落選挑戰者在 HOLDOUT 的描述記錄，鎖定判定不變，不得用於重新選模·未扣成本·事後欄位以 m_ 標示·非投資建議
HO,4,2024-06-14,2024-06-17,8374,羅昇,TWSE,R,R_core,fCD,R2@5,13,36,漏網,9,-1.878046,,atr14=0.991|n_lu_250=0.920|r20=1.000|c_ma120=0.997|vr20=0.362|days_since_lu=0.020|dt_ratio20=NaN|lend_to_v=0.051|rev_yoy=0.326|o_turn=0.631|o_log_mcap=0.418|o_lu_follow=1.000,"官方日成交結構(MI_INDEX/dailyQuotes)=1|發行股數(MI_QFIIS/dailyQuotes)=1|外資持股(MI_QFIIS,僅上市)=1|自營商(T86/上櫃三大法人)=1|當沖(TWTB4U/上櫃intraday)=0|季財報(MOPS t163sb04)=1|月營收(MOPS/openapi)=1|官方產業別(MOPS t05st03)=1|融資券(MI_MARGN)=1|借券(TWT93U)=1|法人(T86)=1",464,inf,250.0,official_prepanel,1964.35,19.0,1.0,0.0,0,1,8.345,14.911,12.449,1683.0,1,未扣成本·事後欄位以 m_ 標示·非投資建議,names.json,HO-model（2024Q2～Q4，挑戰者評估窗）,鎖後描述，不參與判定（DEV-009；使用者 G1 第 5 項 2026-10-05）：落選挑戰者在 HOLDOUT 的描述記錄，鎖定判定不變，不得用於重新選模·未扣成本·事後欄位以 m_ 標示·非投資建議
HO,4,2024-06-18,2024-06-19,6560,欣普羅,TPEx,R,R_core,fCD,R2@5,12,35,漏網,130,-2.112329,,atr14=0.897|n_lu_250=0.633|r20=0.968|c_ma120=0.836|vr20=0.587|days_since_lu=0.034|dt_ratio20=NaN|lend_to_v=NaN|rev_yoy=0.017|o_turn=0.676|o_log_mcap=0.008|o_lu_follow=0.886,"官方日成交結構(MI_INDEX/dailyQuotes)=1|發行股數(MI_QFIIS/dailyQuotes)=1|外資持股(MI_QFIIS,僅上市)=0|自營商(T86/上櫃三大法人)=1|當沖(TWTB4U/上櫃intraday)=0|季財報(MOPS t163sb04)=1|月營收(MOPS/openapi)=1|官方產業別(MOPS t05st03)=1|融資券(MI_MARGN)=0|借券(TWT93U)=0|法人(T86)=1",466,inf,250.0,official_prepanel,361.65,7.0,0.0,0.0,0,1,7.523,22.049,26.589,1765.0,0,未扣成本·事後欄位以 m_ 標示·非投資建議,names.json,HO-model（2024Q2～Q4，挑戰者評估窗）,鎖後描述，不參與判定（DEV-009；使用者 G1 第 5 項 2026-10-05）：落選挑戰者在 HOLDOUT 的描述記錄，鎖定判定不變，不得用於重新選模·未扣成本·事後欄位以 m_ 標示·非投資建議
HO,4,2024-06-24,2024-06-25,3297,杭特,TPEx,R,R_core,fCD,R2@5,6,35,漏網,43,-1.763214,,atr14=0.917|n_lu_250=0.911|r20=0.982|c_ma120=0.946|vr20=0.993|days_since_lu=0.005|dt_ratio20=NaN|lend_to_v=0.066|rev_yoy=0.865|o_turn=0.996|o_log_mcap=0.007|o_lu_follow=0.861,"官方日成交結構(MI_INDEX/dailyQuotes)=1|發行股數(MI_QFIIS/dailyQuotes)=1|外資持股(MI_QFIIS,僅上市)=0|自營商(T86/上櫃三大法人)=1|當沖(TWTB4U/上櫃intraday)=1|季財報(MOPS t163sb04)=1|月營收(MOPS/openapi)=1|官方產業別(MOPS t05st03)=1|融資券(MI_MARGN)=1|借券(TWT93U)=1|法人(T86)=1",470,inf,250.0,official_prepanel,1647.2,32.0,0.0,1.0,0,1,9.414,16.341,26.643,5362.0,0,未扣成本·事後欄位以 m_ 標示·非投資建議,names.json,HO-model（2024Q2～Q4，挑戰者評估窗）,鎖後描述，不參與判定（DEV-009；使用者 G1 第 5 項 2026-10-05）：落選挑戰者在 HOLDOUT 的描述記錄，鎖定判定不變，不得用於重新選模·未扣成本·事後欄位以 m_ 標示·非投資建議
HO,4,2024-06-24,2024-06-25,5468,凱鈺,TPEx,R,R_core,fCD,R2@5,13,35,漏網,61,-2.062604,,atr14=0.968|n_lu_250=0.797|r20=0.982|c_ma120=0.919|vr20=0.445|days_since_lu=0.027|dt_ratio20=NaN|lend_to_v=0.020|rev_yoy=0.196|o_turn=0.645|o_log_mcap=0.006|o_lu_follow=0.905,"官方日成交結構(MI_INDEX/dailyQuotes)=1|發行股數(MI_QFIIS/dailyQuotes)=1|外資持股(MI_QFIIS,僅上市)=0|自營商(T86/上櫃三大法人)=1|當沖(TWTB4U/上櫃intraday)=0|季財報(MOPS t163sb04)=1|月營收(MOPS/openapi)=1|官方產業別(MOPS t05st03)=1|融資券(MI_MARGN)=1|借券(TWT93U)=1|法人(T86)=1",470,inf,250.0,official_prepanel,567.6,11.0,0.0,1.0,0,1,9.899,10.505,13.131,530.0,0,未扣成本·事後欄位以 m_ 標示·非投資建議,names.json,HO-model（2024Q2～Q4，挑戰者評估窗）,鎖後描述，不參與判定（DEV-009；使用者 G1 第 5 項 2026-10-05）：落選挑戰者在 HOLDOUT 的描述記錄，鎖定判定不變，不得用於重新選模·未扣成本·事後欄位以 m_ 標示·非投資建議
HO,4,2024-06-26,2024-06-27,6895,宏碩系統,TPEx,R,R_core,fCD,R2@5,12,34,漏網,2,-1.894954,,atr14=0.978|n_lu_250=0.848|r20=1.000|c_ma120=0.995|vr20=0.855|days_since_lu=0.006|dt_ratio20=NaN|lend_to_v=0.063|rev_yoy=0.168|o_turn=0.926|o_log_mcap=0.359|o_lu_follow=0.853,"官方日成交結構(MI_INDEX/dailyQuotes)=1|發行股數(MI_QFIIS/dailyQuotes)=1|外資持股(MI_QFIIS,僅上市)=0|自營商(T86/上櫃三大法人)=1|當沖(TWTB4U/上櫃intraday)=1|季財報(MOPS t163sb04)=1|月營收(MOPS/openapi)=1|官方產業別(MOPS t05st03)=1|融資券(MI_MARGN)=1|借券(TWT93U)=1|法人(T86)=1",206,206.0,206.0,official,945.05,18.0,0.0,2.0,0,1,9.62,33.165,37.722,1380.0,0,未扣成本·事後欄位以 m_ 標示·非投資建議,names.json,HO-model（2024Q2～Q4，挑戰者評估窗）,鎖後描述，不參與判定（DEV-009；使用者 G1 第 5 項 2026-10-05）：落選挑戰者在 HOLDOUT 的描述記錄，鎖定判定不變，不得用於重新選模·未扣成本·事後欄位以 m_ 標示·非投資建議
HO,4,2024-06-27,2024-06-28,4562,穎漢,TWSE,R,R_core,fCD,R2@5,15,38,漏網,23,-1.882127,,atr14=0.996|n_lu_250=0.980|r20=0.850|c_ma120=0.997|vr20=0.088|days_since_lu=0.043|dt_ratio20=0.994|lend_to_v=0.036|rev_yoy=0.596|o_turn=0.944|o_log_mcap=0.201|o_lu_follow=1.000,"官方日成交結構(MI_INDEX/dailyQuotes)=1|發行股數(MI_QFIIS/dailyQuotes)=1|外資持股(MI_QFIIS,僅上市)=1|自營商(T86/上櫃三大法人)=1|當沖(TWTB4U/上櫃intraday)=1|季財報(MOPS t163sb04)=1|月營收(MOPS/openapi)=1|官方產業別(MOPS t05st03)=1|融資券(MI_MARGN)=1|借券(TWT93U)=1|法人(T86)=1",473,inf,250.0,official_prepanel,17694.95,353.0,0.0,1.0,0,1,9.761,43.818,44.252,7569.0,0,未扣成本·事後欄位以 m_ 標示·非投資建議,names.json,HO-model（2024Q2～Q4，挑戰者評估窗）,鎖後描述，不參與判定（DEV-009；使用者 G1 第 5 項 2026-10-05）：落選挑戰者在 HOLDOUT 的描述記錄，鎖定判定不變，不得用於重新選模·未扣成本·事後欄位以 m_ 標示·非投資建議
HO,4,2024-06-27,2024-06-28,5452,佶優,TPEx,R,R_core,fCD,R2@5,22,38,漏網,91,-2.534814,,atr14=0.910|n_lu_250=0.803|r20=0.926|c_ma120=0.825|vr20=0.928|days_since_lu=0.026|dt_ratio20=NaN|lend_to_v=0.249|rev_yoy=0.384|o_turn=0.969|o_log_mcap=0.240|o_lu_follow=0.906,"官方日成交結構(MI_INDEX/dailyQuotes)=1|發行股數(MI_QFIIS/dailyQuotes)=1|外資持股(MI_QFIIS,僅上市)=0|自營商(T86/上櫃三大法人)=1|當沖(TWTB4U/上櫃intraday)=1|季財報(MOPS t163sb04)=1|月營收(MOPS/openapi)=1|官方產業別(MOPS t05st03)=1|融資券(MI_MARGN)=1|借券(TWT93U)=1|法人(T86)=1",473,inf,250.0,official_prepanel,5478.55,109.0,0.0,1.0,0,1,6.913,26.736,30.934,9922.0,0,未扣成本·事後欄位以 m_ 標示·非投資建議,names.json,HO-model（2024Q2～Q4，挑戰者評估窗）,鎖後描述，不參與判定（DEV-009；使用者 G1 第 5 項 2026-10-05）：落選挑戰者在 HOLDOUT 的描述記錄，鎖定判定不變，不得用於重新選模·未扣成本·事後欄位以 m_ 標示·非投資建議
HO,4,2024-06-27,2024-06-28,8374,羅昇,TWSE,R,R_core,fCD,R2@5,14,38,漏網,5,-1.878343,,atr14=0.996|n_lu_250=0.942|r20=0.988|c_ma120=0.998|vr20=0.680|days_since_lu=0.058|dt_ratio20=NaN|lend_to_v=0.047|rev_yoy=0.325|o_turn=0.889|o_log_mcap=0.432|o_lu_follow=1.000,"官方日成交結構(MI_INDEX/dailyQuotes)=1|發行股數(MI_QFIIS/dailyQuotes)=1|外資持股(MI_QFIIS,僅上市)=1|自營商(T86/上櫃三大法人)=1|當沖(TWTB4U/上櫃intraday)=1|季財報(MOPS t163sb04)=1|月營收(MOPS/openapi)=1|官方產業別(MOPS t05st03)=1|融資券(MI_MARGN)=1|借券(TWT93U)=1|法人(T86)=1",473,inf,250.0,official_prepanel,3530.65,70.0,0.0,1.0,0,1,10.484,60.618,43.518,2734.0,0,未扣成本·事後欄位以 m_ 標示·非投資建議,names.json,HO-model（2024Q2～Q4，挑戰者評估窗）,鎖後描述，不參與判定（DEV-009；使用者 G1 第 5 項 2026-10-05）：落選挑戰者在 HOLDOUT 的描述記錄，鎖定判定不變，不得用於重新選模·未扣成本·事後欄位以 m_ 標示·非投資建議
HO,4,2024-06-28,2024-07-01,8440,綠電,TPEx,R,R_core,fCD,R2@5,10,37,漏網,85,-1.473108,,atr14=0.745|n_lu_250=0.807|r20=0.994|c_ma120=0.958|vr20=0.997|days_since_lu=0.006|dt_ratio20=NaN|lend_to_v=0.109|rev_yoy=0.467|o_turn=1.000|o_log_mcap=0.071|o_lu_follow=0.908,"官方日成交結構(MI_INDEX/dailyQuotes)=1|發行股數(MI_QFIIS/dailyQuotes)=1|外資持股(MI_QFIIS,僅上市)=0|自營商(T86/上櫃三大法人)=1|當沖(TWTB4U/上櫃intraday)=1|季財報(MOPS t163sb04)=1|月營收(MOPS/openapi)=1|官方產業別(MOPS t05st03)=1|融資券(MI_MARGN)=1|借券(TWT93U)=1|法人(T86)=1",474,inf,250.0,official_prepanel,1495.55,29.0,0.0,1.0,0,1,8.35,15.109,13.32,3049.0,0,未扣成本·事後欄位以 m_ 標示·非投資建議,names.json,HO-model（2024Q2～Q4，挑戰者評估窗）,鎖後描述，不參與判定（DEV-009；使用者 G1 第 5 項 2026-10-05）：落選挑戰者在 HOLDOUT 的描述記錄，鎖定判定不變，不得用於重新選模·未扣成本·事後欄位以 m_ 標示·非投資建議
HO,5,2024-07-02,2024-07-03,2365,昆盈,TWSE,R,R_core,fCD,R2@5,6,42,漏網,26,-1.225668,,atr14=0.991|n_lu_250=0.980|r20=0.826|c_ma120=0.994|vr20=0.938|days_since_lu=0.016|dt_ratio20=NaN|lend_to_v=0.100|rev_yoy=0.872|o_turn=1.000|o_log_mcap=0.452|o_lu_follow=0.971,"官方日成交結構(MI_INDEX/dailyQuotes)=1|發行股數(MI_QFIIS/dailyQuotes)=1|外資持股(MI_QFIIS,僅上市)=1|自營商(T86/上櫃三大法人)=1|當沖(TWTB4U/上櫃intraday)=1|季財報(MOPS t163sb04)=1|月營收(MOPS/openapi)=1|官方產業別(MOPS t05st03)=1|融資券(MI_MARGN)=1|借券(TWT93U)=1|法人(T86)=1",476,inf,250.0,official_prepanel,31358.25,627.0,0.0,2.0,0,1,9.402,23.321,44.567,79996.0,0,未扣成本·事後欄位以 m_ 標示·非投資建議,names.json,HO-model（2024Q2～Q4，挑戰者評估窗）,鎖後描述，不參與判定（DEV-009；使用者 G1 第 5 項 2026-10-05）：落選挑戰者在 HOLDOUT 的描述記錄，鎖定判定不變，不得用於重新選模·未扣成本·事後欄位以 m_ 標示·非投資建議
HO,5,2024-07-03,2024-07-04,5452,佶優,TPEx,R,R_core,fCD,R2@5,7,38,漏網,30,-1.091862,,atr14=0.975|n_lu_250=0.875|r20=0.994|c_ma120=0.955|vr20=0.912|days_since_lu=0.018|dt_ratio20=NaN|lend_to_v=0.177|rev_yoy=0.383|o_turn=0.985|o_log_mcap=0.280|o_lu_follow=0.935,"官方日成交結構(MI_INDEX/dailyQuotes)=1|發行股數(MI_QFIIS/dailyQuotes)=1|外資持股(MI_QFIIS,僅上市)=0|自營商(T86/上櫃三大法人)=1|當沖(TWTB4U/上櫃intraday)=1|季財報(MOPS t163sb04)=1|月營收(MOPS/openapi)=1|官方產業別(MOPS t05st03)=1|融資券(MI_MARGN)=1|借券(TWT93U)=1|法人(T86)=1",477,inf,250.0,official_prepanel,7916.75,158.0,0.0,1.0,0,1,7.534,15.205,3.699,14556.0,0,未扣成本·事後欄位以 m_ 標示·非投資建議,names.json,HO-model（2024Q2～Q4，挑戰者評估窗）,鎖後描述，不參與判定（DEV-009；使用者 G1 第 5 項 2026-10-05）：落選挑戰者在 HOLDOUT 的描述記錄，鎖定判定不變，不得用於重新選模·未扣成本·事後欄位以 m_ 標示·非投資建議
HO,5,2024-07-04,2024-07-05,3047,訊舟,TWSE,R,R_core,fCD,R2@5,12,38,漏網,17,-1.435559,,atr14=0.955|n_lu_250=0.933|r20=0.993|c_ma120=0.998|vr20=0.842|days_since_lu=0.020|dt_ratio20=0.985|lend_to_v=0.064|rev_yoy=0.955|o_turn=0.997|o_log_mcap=0.402|o_lu_follow=0.130,"官方日成交結構(MI_INDEX/dailyQuotes)=1|發行股數(MI_QFIIS/dailyQuotes)=1|外資持股(MI_QFIIS,僅上市)=1|自營商(T86/上櫃三大法人)=1|當沖(TWTB4U/上櫃intraday)=1|季財報(MOPS t163sb04)=1|月營收(MOPS/openapi)=1|官方產業別(MOPS t05st03)=1|融資券(MI_MARGN)=1|借券(TWT93U)=1|法人(T86)=1",478,inf,250.0,official_prepanel,48590.2,971.0,0.0,4.0,0,1,8.889,29.028,14.861,66898.0,0,未扣成本·事後欄位以 m_ 標示·非投資建議,names.json,HO-model（2024Q2～Q4，挑戰者評估窗）,鎖後描述，不參與判定（DEV-009；使用者 G1 第 5 項 2026-10-05）：落選挑戰者在 HOLDOUT 的描述記錄，鎖定判定不變，不得用於重新選模·未扣成本·事後欄位以 m_ 標示·非投資建議
HO,5,2024-07-09,2024-07-10,6442,光聖,TWSE,R,R_core,fCD,R2@5,52,65,漏網,4,-2.447751,,atr14=0.989|n_lu_250=0.997|r20=0.995|c_ma120=0.999|vr20=0.920|days_since_lu=0.030|dt_ratio20=NaN|lend_to_v=0.184|rev_yoy=0.951|o_turn=0.962|o_log_mcap=0.740|o_lu_follow=0.949,"官方日成交結構(MI_INDEX/dailyQuotes)=1|發行股數(MI_QFIIS/dailyQuotes)=1|外資持股(MI_QFIIS,僅上市)=1|自營商(T86/上櫃三大法人)=1|當沖(TWTB4U/上櫃intraday)=1|季財報(MOPS t163sb04)=1|月營收(MOPS/openapi)=1|官方產業別(MOPS t05st03)=1|融資券(MI_MARGN)=1|借券(TWT93U)=1|法人(T86)=1",481,inf,250.0,official_prepanel,2603.65,52.0,0.0,2.0,0,1,0.116,19.119,0.463,2423.0,0,未扣成本·事後欄位以 m_ 標示·非投資建議,names.json,HO-model（2024Q2～Q4，挑戰者評估窗）,鎖後描述，不參與判定（DEV-009；使用者 G1 第 5 項 2026-10-05）：落選挑戰者在 HOLDOUT 的描述記錄，鎖定判定不變，不得用於重新選模·未扣成本·事後欄位以 m_ 標示·非投資建議
HO,5,2024-07-22,2024-07-23,3229,晟鈦,TWSE,R,R_core,fCD,R2@5,10,54,漏網,238,-1.520683,,atr14=0.995|n_lu_250=0.969|r20=0.234|c_ma120=0.941|vr20=0.120|days_since_lu=0.116|dt_ratio20=NaN|lend_to_v=0.019|rev_yoy=0.421|o_turn=0.322|o_log_mcap=0.049|o_lu_follow=0.996,"官方日成交結構(MI_INDEX/dailyQuotes)=1|發行股數(MI_QFIIS/dailyQuotes)=1|外資持股(MI_QFIIS,僅上市)=1|自營商(T86/上櫃三大法人)=1|當沖(TWTB4U/上櫃intraday)=0|季財報(MOPS t163sb04)=1|月營收(MOPS/openapi)=1|官方產業別(MOPS t05st03)=1|融資券(MI_MARGN)=1|借券(TWT93U)=1|法人(T86)=1",490,inf,250.0,official_prepanel,740.95,14.0,0.0,0.0,0,1,9.091,10.277,1.186,203.0,0,未扣成本·事後欄位以 m_ 標示·非投資建議,names.json,HO-model（2024Q2～Q4，挑戰者評估窗）,鎖後描述，不參與判定（DEV-009；使用者 G1 第 5 項 2026-10-05）：落選挑戰者在 HOLDOUT 的描述記錄，鎖定判定不變，不得用於重新選模·未扣成本·事後欄位以 m_ 標示·非投資建議
HO,5,2024-07-29,2024-07-30,5364,力麗店,TPEx,R,R_core,fCD,R2@5,17,44,漏網,136,-1.905326,,atr14=0.737|n_lu_250=0.615|r20=0.976|c_ma120=0.911|vr20=0.971|days_since_lu=0.006|dt_ratio20=NaN|lend_to_v=NaN|rev_yoy=0.113|o_turn=0.902|o_log_mcap=0.014|o_lu_follow=0.880,"官方日成交結構(MI_INDEX/dailyQuotes)=1|發行股數(MI_QFIIS/dailyQuotes)=1|外資持股(MI_QFIIS,僅上市)=0|自營商(T86/上櫃三大法人)=1|當沖(TWTB4U/上櫃intraday)=0|季財報(MOPS t163sb04)=1|月營收(MOPS/openapi)=1|官方產業別(MOPS t05st03)=1|融資券(MI_MARGN)=0|借券(TWT93U)=0|法人(T86)=1",493,inf,250.0,official_prepanel,611.1,12.0,0.0,0.0,0,1,9.843,7.159,32.438,1100.0,0,未扣成本·事後欄位以 m_ 標示·非投資建議,names.json,HO-model（2024Q2～Q4，挑戰者評估窗）,鎖後描述，不參與判定（DEV-009；使用者 G1 第 5 項 2026-10-05）：落選挑戰者在 HOLDOUT 的描述記錄，鎖定判定不變，不得用於重新選模·未扣成本·事後欄位以 m_ 標示·非投資建議
HO,5,2024-07-31,2024-08-01,1540,喬福,TWSE,R,R_core,fCD,R2@5,6,32,漏網,38,-1.629084,,atr14=0.987|n_lu_250=0.743|r20=0.994|c_ma120=0.974|vr20=0.608|days_since_lu=0.024|dt_ratio20=0.957|lend_to_v=0.052|rev_yoy=0.980|o_turn=0.972|o_log_mcap=0.128|o_lu_follow=0.933,"官方日成交結構(MI_INDEX/dailyQuotes)=1|發行股數(MI_QFIIS/dailyQuotes)=1|外資持股(MI_QFIIS,僅上市)=1|自營商(T86/上櫃三大法人)=1|當沖(TWTB4U/上櫃intraday)=1|季財報(MOPS t163sb04)=1|月營收(MOPS/openapi)=1|官方產業別(MOPS t05st03)=1|融資券(MI_MARGN)=1|借券(TWT93U)=1|法人(T86)=1",495,inf,250.0,official_prepanel,10164.0,203.0,0.0,0.0,0,1,8.654,37.5,20.833,10424.0,0,未扣成本·事後欄位以 m_ 標示·非投資建議,names.json,HO-model（2024Q2～Q4，挑戰者評估窗）,鎖後描述，不參與判定（DEV-009；使用者 G1 第 5 項 2026-10-05）：落選挑戰者在 HOLDOUT 的描述記錄，鎖定判定不變，不得用於重新選模·未扣成本·事後欄位以 m_ 標示·非投資建議
HO,5,2024-08-06,2024-08-07,3663,鑫科,TPEx,R,R_core,fCD,R2@5,11,27,漏網,8,-2.07002,,atr14=0.941|n_lu_250=0.924|r20=0.988|c_ma120=0.991|vr20=0.694|days_since_lu=0.026|dt_ratio20=NaN|lend_to_v=0.058|rev_yoy=0.962|o_turn=0.998|o_log_mcap=0.455|o_lu_follow=0.128,"官方日成交結構(MI_INDEX/dailyQuotes)=1|發行股數(MI_QFIIS/dailyQuotes)=1|外資持股(MI_QFIIS,僅上市)=0|自營商(T86/上櫃三大法人)=1|當沖(TWTB4U/上櫃intraday)=1|季財報(MOPS t163sb04)=1|月營收(MOPS/openapi)=1|官方產業別(MOPS t05st03)=1|融資券(MI_MARGN)=1|借券(TWT93U)=1|法人(T86)=1",499,inf,250.0,official_prepanel,19246.15,384.0,0.0,3.0,0,1,6.595,23.957,48.721,10420.0,0,未扣成本·事後欄位以 m_ 標示·非投資建議,names.json,HO-model（2024Q2～Q4，挑戰者評估窗）,鎖後描述，不參與判定（DEV-009；使用者 G1 第 5 項 2026-10-05）：落選挑戰者在 HOLDOUT 的描述記錄，鎖定判定不變，不得用於重新選模·未扣成本·事後欄位以 m_ 標示·非投資建議
HO,5,2024-08-06,2024-08-07,4513,福裕,TPEx,R,R_core,fCD,R2@5,17,27,漏網,30,-2.980876,,atr14=0.934|n_lu_250=0.696|r20=1.000|c_ma120=0.994|vr20=0.577|days_since_lu=0.026|dt_ratio20=NaN|lend_to_v=0.115|rev_yoy=0.596|o_turn=0.982|o_log_mcap=0.400|o_lu_follow=0.826,"官方日成交結構(MI_INDEX/dailyQuotes)=1|發行股數(MI_QFIIS/dailyQuotes)=1|外資持股(MI_QFIIS,僅上市)=0|自營商(T86/上櫃三大法人)=1|當沖(TWTB4U/上櫃intraday)=1|季財報(MOPS t163sb04)=1|月營收(MOPS/openapi)=1|官方產業別(MOPS t05st03)=1|融資券(MI_MARGN)=1|借券(TWT93U)=1|法人(T86)=1",499,inf,250.0,official_prepanel,8550.1,171.0,0.0,3.0,0,1,10.051,31.687,34.692,8227.0,0,未扣成本·事後欄位以 m_ 標示·非投資建議,names.json,HO-model（2024Q2～Q4，挑戰者評估窗）,鎖後描述，不參與判定（DEV-009；使用者 G1 第 5 項 2026-10-05）：落選挑戰者在 HOLDOUT 的描述記錄，鎖定判定不變，不得用於重新選模·未扣成本·事後欄位以 m_ 標示·非投資建議
HO,5,2024-08-06,2024-08-07,4534,慶騰,TPEx,R,R_core,fCD,R2@5,8,27,漏網,169,-1.995697,,atr14=0.959|n_lu_250=0.969|r20=0.086|c_ma120=0.984|vr20=0.443|days_since_lu=0.001|dt_ratio20=NaN|lend_to_v=0.019|rev_yoy=0.819|o_turn=0.876|o_log_mcap=0.086|o_lu_follow=0.964,"官方日成交結構(MI_INDEX/dailyQuotes)=1|發行股數(MI_QFIIS/dailyQuotes)=1|外資持股(MI_QFIIS,僅上市)=0|自營商(T86/上櫃三大法人)=1|當沖(TWTB4U/上櫃intraday)=0|季財報(MOPS t163sb04)=1|月營收(MOPS/openapi)=1|官方產業別(MOPS t05st03)=1|融資券(MI_MARGN)=1|借券(TWT93U)=1|法人(T86)=1",499,inf,250.0,official_prepanel,2086.45,41.0,0.0,0.0,0,1,15.366,38.537,32.683,1230.0,0,未扣成本·事後欄位以 m_ 標示·非投資建議,names.json,HO-model（2024Q2～Q4，挑戰者評估窗）,鎖後描述，不參與判定（DEV-009；使用者 G1 第 5 項 2026-10-05）：落選挑戰者在 HOLDOUT 的描述記錄，鎖定判定不變，不得用於重新選模·未扣成本·事後欄位以 m_ 標示·非投資建議
HO,5,2024-08-06,2024-08-07,6895,宏碩系統,TPEx,R,R_core,fCD,R2@5,18,27,漏網,271,-3.044978,,atr14=1.000|n_lu_250=0.950|r20=0.064|c_ma120=0.973|vr20=0.329|days_since_lu=0.026|dt_ratio20=NaN|lend_to_v=0.176|rev_yoy=0.066|o_turn=0.733|o_log_mcap=0.392|o_lu_follow=0.943,"官方日成交結構(MI_INDEX/dailyQuotes)=1|發行股數(MI_QFIIS/dailyQuotes)=1|外資持股(MI_QFIIS,僅上市)=0|自營商(T86/上櫃三大法人)=1|當沖(TWTB4U/上櫃intraday)=1|季財報(MOPS t163sb04)=1|月營收(MOPS/openapi)=1|官方產業別(MOPS t05st03)=1|融資券(MI_MARGN)=1|借券(TWT93U)=1|法人(T86)=1",233,233.0,233.0,official,749.05,14.0,0.0,0.0,0,1,15.294,30.588,22.647,1737.0,0,未扣成本·事後欄位以 m_ 標示·非投資建議,names.json,HO-model（2024Q2～Q4，挑戰者評估窗）,鎖後描述，不參與判定（DEV-009；使用者 G1 第 5 項 2026-10-05）：落選挑戰者在 HOLDOUT 的描述記錄，鎖定判定不變，不得用於重新選模·未扣成本·事後欄位以 m_ 標示·非投資建議
HO,5,2024-08-06,2024-08-07,8374,羅昇,TWSE,R,R_core,fCD,R2@5,10,27,漏網,115,-2.033511,,atr14=0.989|n_lu_250=0.990|r20=0.239|c_ma120=0.999|vr20=0.977|days_since_lu=0.001|dt_ratio20=NaN|lend_to_v=0.057|rev_yoy=0.407|o_turn=0.988|o_log_mcap=0.564|o_lu_follow=0.999,"官方日成交結構(MI_INDEX/dailyQuotes)=1|發行股數(MI_QFIIS/dailyQuotes)=1|外資持股(MI_QFIIS,僅上市)=1|自營商(T86/上櫃三大法人)=1|當沖(TWTB4U/上櫃intraday)=1|季財報(MOPS t163sb04)=1|月營收(MOPS/openapi)=1|官方產業別(MOPS t05st03)=1|融資券(MI_MARGN)=1|借券(TWT93U)=1|法人(T86)=1",499,inf,250.0,official_prepanel,5672.25,113.0,0.0,1.0,0,1,7.843,31.863,47.059,5906.0,0,未扣成本·事後欄位以 m_ 標示·非投資建議,names.json,HO-model（2024Q2～Q4，挑戰者評估窗）,鎖後描述，不參與判定（DEV-009；使用者 G1 第 5 項 2026-10-05）：落選挑戰者在 HOLDOUT 的描述記錄，鎖定判定不變，不得用於重新選模·未扣成本·事後欄位以 m_ 標示·非投資建議
HO,5,2024-08-09,2024-08-12,8043,蜜望實,TPEx,R,R_core,fCD,R2@5,7,22,漏網,55,-1.361871,,atr14=0.811|n_lu_250=0.630|r20=0.999|c_ma120=0.972|vr20=0.993|days_since_lu=0.076|dt_ratio20=NaN|lend_to_v=0.047|rev_yoy=0.169|o_turn=0.994|o_log_mcap=0.147|o_lu_follow=0.888,"官方日成交結構(MI_INDEX/dailyQuotes)=1|發行股數(MI_QFIIS/dailyQuotes)=1|外資持股(MI_QFIIS,僅上市)=0|自營商(T86/上櫃三大法人)=1|當沖(TWTB4U/上櫃intraday)=1|季財報(MOPS t163sb04)=1|月營收(MOPS/openapi)=1|官方產業別(MOPS t05st03)=1|融資券(MI_MARGN)=1|借券(TWT93U)=1|法人(T86)=1",502,inf,250.0,official_prepanel,4320.05,86.0,0.0,2.0,0,1,7.341,29.104,41.069,11975.0,0,未扣成本·事後欄位以 m_ 標示·非投資建議,names.json,HO-model（2024Q2～Q4，挑戰者評估窗）,鎖後描述，不參與判定（DEV-009；使用者 G1 第 5 項 2026-10-05）：落選挑戰者在 HOLDOUT 的描述記錄，鎖定判定不變，不得用於重新選模·未扣成本·事後欄位以 m_ 標示·非投資建議
HO,5,2024-08-12,2024-08-13,8374,羅昇,TWSE,R,R_core,fCD,R2@5,12,26,漏網,1,-1.966314,,atr14=0.999|n_lu_250=0.996|r20=0.982|c_ma120=0.999|vr20=0.994|days_since_lu=0.014|dt_ratio20=NaN|lend_to_v=0.043|rev_yoy=0.402|o_turn=1.000|o_log_mcap=0.583|o_lu_follow=1.000,"官方日成交結構(MI_INDEX/dailyQuotes)=1|發行股數(MI_QFIIS/dailyQuotes)=1|外資持股(MI_QFIIS,僅上市)=1|自營商(T86/上櫃三大法人)=1|當沖(TWTB4U/上櫃intraday)=1|季財報(MOPS t163sb04)=1|月營收(MOPS/openapi)=1|官方產業別(MOPS t05st03)=1|融資券(MI_MARGN)=1|借券(TWT93U)=1|法人(T86)=1",503,inf,250.0,official_prepanel,9154.1,183.0,0.0,3.0,0,1,8.032,24.498,8.434,13613.0,0,未扣成本·事後欄位以 m_ 標示·非投資建議,names.json,HO-model（2024Q2～Q4，挑戰者評估窗）,鎖後描述，不參與判定（DEV-009；使用者 G1 第 5 項 2026-10-05）：落選挑戰者在 HOLDOUT 的描述記錄，鎖定判定不變，不得用於重新選模·未扣成本·事後欄位以 m_ 標示·非投資建議
HO,5,2024-08-14,2024-08-15,2243,宏旭-KY,TWSE,R,R_core,fCD,R2@5,9,28,漏網,151,-1.585607,,atr14=0.999|n_lu_250=0.931|r20=0.300|c_ma120=0.926|vr20=0.891|days_since_lu=0.057|dt_ratio20=NaN|lend_to_v=0.048|rev_yoy=0.977|o_turn=0.977|o_log_mcap=0.042|o_lu_follow=0.973,"官方日成交結構(MI_INDEX/dailyQuotes)=1|發行股數(MI_QFIIS/dailyQuotes)=1|外資持股(MI_QFIIS,僅上市)=1|自營商(T86/上櫃三大法人)=1|當沖(TWTB4U/上櫃intraday)=1|季財報(MOPS t163sb04)=1|月營收(MOPS/openapi)=1|官方產業別(MOPS t05st03)=1|融資券(MI_MARGN)=1|借券(TWT93U)=1|法人(T86)=1",505,inf,250.0,official_prepanel,4334.2,86.0,0.0,0.0,0,1,7.083,7.083,1.25,7223.0,0,未扣成本·事後欄位以 m_ 標示·非投資建議,names.json,HO-model（2024Q2～Q4，挑戰者評估窗）,鎖後描述，不參與判定（DEV-009；使用者 G1 第 5 項 2026-10-05）：落選挑戰者在 HOLDOUT 的描述記錄，鎖定判定不變，不得用於重新選模·未扣成本·事後欄位以 m_ 標示·非投資建議
HO,5,2024-08-14,2024-08-15,6877,鏵友益,TPEx,R,R_core,fCD,R2@5,7,28,漏網,35,-1.537608,,atr14=0.990|n_lu_250=0.690|r20=0.994|c_ma120=0.995|vr20=0.839|days_since_lu=0.198|dt_ratio20=NaN|lend_to_v=0.045|rev_yoy=0.798|o_turn=0.977|o_log_mcap=0.129|o_lu_follow=0.832,"官方日成交結構(MI_INDEX/dailyQuotes)=1|發行股數(MI_QFIIS/dailyQuotes)=1|外資持股(MI_QFIIS,僅上市)=0|自營商(T86/上櫃三大法人)=1|當沖(TWTB4U/上櫃intraday)=1|季財報(MOPS t163sb04)=1|月營收(MOPS/openapi)=1|官方產業別(MOPS t05st03)=1|融資券(MI_MARGN)=1|借券(TWT93U)=1|法人(T86)=1",283,283.0,250.0,official,3510.6,70.0,0.0,2.0,0,1,6.782,8.378,9.441,5149.0,0,未扣成本·事後欄位以 m_ 標示·非投資建議,names.json,HO-model（2024Q2～Q4，挑戰者評估窗）,鎖後描述，不參與判定（DEV-009；使用者 G1 第 5 項 2026-10-05）：落選挑戰者在 HOLDOUT 的描述記錄，鎖定判定不變，不得用於重新選模·未扣成本·事後欄位以 m_ 標示·非投資建議
HO,5,2024-08-21,2024-08-22,5481,新華,TPEx,R,R_core,fCD,R2@5,26,43,漏網,81,-2.340744,,atr14=0.960|n_lu_250=0.618|r20=0.985|c_ma120=0.931|vr20=0.226|days_since_lu=0.090|dt_ratio20=NaN|lend_to_v=0.039|rev_yoy=0.334|o_turn=0.767|o_log_mcap=0.018|o_lu_follow=0.898,"官方日成交結構(MI_INDEX/dailyQuotes)=1|發行股數(MI_QFIIS/dailyQuotes)=1|外資持股(MI_QFIIS,僅上市)=0|自營商(T86/上櫃三大法人)=1|當沖(TWTB4U/上櫃intraday)=1|季財報(MOPS t163sb04)=1|月營收(MOPS/openapi)=1|官方產業別(MOPS t05st03)=1|融資券(MI_MARGN)=1|借券(TWT93U)=1|法人(T86)=1",510,inf,250.0,official_prepanel,2081.8,41.0,0.0,0.0,0,1,9.788,34.392,18.519,3022.0,0,未扣成本·事後欄位以 m_ 標示·非投資建議,names.json,HO-model（2024Q2～Q4，挑戰者評估窗）,鎖後描述，不參與判定（DEV-009；使用者 G1 第 5 項 2026-10-05）：落選挑戰者在 HOLDOUT 的描述記錄，鎖定判定不變，不得用於重新選模·未扣成本·事後欄位以 m_ 標示·非投資建議
HO,5,2024-09-05,2024-09-06,5460,同協,TPEx,R,R_core,fCD,R2@5,15,31,漏網,153,-1.818131,,atr14=0.674|n_lu_250=0.671|r20=0.938|c_ma120=0.899|vr20=0.993|days_since_lu=0.004|dt_ratio20=NaN|lend_to_v=0.042|rev_yoy=0.040|o_turn=0.979|o_log_mcap=0.004|o_lu_follow=0.813,"官方日成交結構(MI_INDEX/dailyQuotes)=1|發行股數(MI_QFIIS/dailyQuotes)=1|外資持股(MI_QFIIS,僅上市)=0|自營商(T86/上櫃三大法人)=1|當沖(TWTB4U/上櫃intraday)=1|季財報(MOPS t163sb04)=1|月營收(MOPS/openapi)=1|官方產業別(MOPS t05st03)=1|融資券(MI_MARGN)=1|借券(TWT93U)=1|法人(T86)=1",521,inf,250.0,official_prepanel,1212.15,24.0,0.0,1.0,0,1,9.972,29.345,11.681,6377.0,0,未扣成本·事後欄位以 m_ 標示·非投資建議,names.json,HO-model（2024Q2～Q4，挑戰者評估窗）,鎖後描述，不參與判定（DEV-009；使用者 G1 第 5 項 2026-10-05）：落選挑戰者在 HOLDOUT 的描述記錄，鎖定判定不變，不得用於重新選模·未扣成本·事後欄位以 m_ 標示·非投資建議
HO,5,2024-09-10,2024-09-11,8249,菱光,TWSE,R,R_core,fCD,R2@5,14,30,漏網,128,-1.919688,,atr14=0.659|n_lu_250=0.593|r20=0.983|c_ma120=0.955|vr20=0.998|days_since_lu=0.004|dt_ratio20=0.994|lend_to_v=0.037|rev_yoy=0.883|o_turn=0.999|o_log_mcap=0.307|o_lu_follow=0.883,"官方日成交結構(MI_INDEX/dailyQuotes)=1|發行股數(MI_QFIIS/dailyQuotes)=1|外資持股(MI_QFIIS,僅上市)=1|自營商(T86/上櫃三大法人)=1|當沖(TWTB4U/上櫃intraday)=1|季財報(MOPS t163sb04)=1|月營收(MOPS/openapi)=1|官方產業別(MOPS t05st03)=1|融資券(MI_MARGN)=1|借券(TWT93U)=1|法人(T86)=1",524,inf,250.0,official_prepanel,5634.65,112.0,0.0,1.0,0,1,6.402,45.711,53.393,14395.0,0,未扣成本·事後欄位以 m_ 標示·非投資建議,names.json,HO-model（2024Q2～Q4，挑戰者評估窗）,鎖後描述，不參與判定（DEV-009；使用者 G1 第 5 項 2026-10-05）：落選挑戰者在 HOLDOUT 的描述記錄，鎖定判定不變，不得用於重新選模·未扣成本·事後欄位以 m_ 標示·非投資建議
HO,5,2024-09-11,2024-09-12,2070,精湛,TPEx,R,R_core,fCD,R2@5,7,25,漏網,13,-1.699627,,atr14=0.926|n_lu_250=0.897|r20=0.996|c_ma120=0.995|vr20=0.956|days_since_lu=0.004|dt_ratio20=NaN|lend_to_v=0.052|rev_yoy=0.934|o_turn=0.999|o_log_mcap=0.137|o_lu_follow=0.980,"官方日成交結構(MI_INDEX/dailyQuotes)=1|發行股數(MI_QFIIS/dailyQuotes)=1|外資持股(MI_QFIIS,僅上市)=0|自營商(T86/上櫃三大法人)=1|當沖(TWTB4U/上櫃intraday)=1|季財報(MOPS t163sb04)=1|月營收(MOPS/openapi)=1|官方產業別(MOPS t05st03)=1|融資券(MI_MARGN)=1|借券(TWT93U)=1|法人(T86)=1",525,inf,250.0,official_prepanel,3208.35,64.0,0.0,0.0,0,1,9.937,31.447,29.56,9864.0,0,未扣成本·事後欄位以 m_ 標示·非投資建議,names.json,HO-model（2024Q2～Q4，挑戰者評估窗）,鎖後描述，不參與判定（DEV-009；使用者 G1 第 5 項 2026-10-05）：落選挑戰者在 HOLDOUT 的描述記錄，鎖定判定不變，不得用於重新選模·未扣成本·事後欄位以 m_ 標示·非投資建議
HO,5,2024-09-18,2024-09-19,4542,科嶠,TPEx,R,R_core,fCD,R2@5,6,22,漏網,16,-1.451132,,atr14=0.970|n_lu_250=0.953|r20=0.978|c_ma120=0.875|vr20=0.997|days_since_lu=0.005|dt_ratio20=NaN|lend_to_v=0.081|rev_yoy=0.022|o_turn=0.999|o_log_mcap=0.121|o_lu_follow=0.471,"官方日成交結構(MI_INDEX/dailyQuotes)=1|發行股數(MI_QFIIS/dailyQuotes)=1|外資持股(MI_QFIIS,僅上市)=0|自營商(T86/上櫃三大法人)=1|當沖(TWTB4U/上櫃intraday)=1|季財報(MOPS t163sb04)=1|月營收(MOPS/openapi)=1|官方產業別(MOPS t05st03)=1|融資券(MI_MARGN)=1|借券(TWT93U)=1|法人(T86)=1",529,inf,250.0,official_prepanel,2070.2,41.0,0.0,0.0,0,1,9.898,13.538,3.527,5510.0,0,未扣成本·事後欄位以 m_ 標示·非投資建議,names.json,HO-model（2024Q2～Q4，挑戰者評估窗）,鎖後描述，不參與判定（DEV-009；使用者 G1 第 5 項 2026-10-05）：落選挑戰者在 HOLDOUT 的描述記錄，鎖定判定不變，不得用於重新選模·未扣成本·事後欄位以 m_ 標示·非投資建議
HO,5,2024-09-19,2024-09-20,6405,悅城,TWSE,R,R_core,fCD,R2@5,12,22,漏網,20,-1.922235,,atr14=0.998|n_lu_250=0.832|r20=0.998|c_ma120=0.954|vr20=0.113|days_since_lu=0.034|dt_ratio20=0.972|lend_to_v=0.089|rev_yoy=0.022|o_turn=0.902|o_log_mcap=0.075|o_lu_follow=0.831,"官方日成交結構(MI_INDEX/dailyQuotes)=1|發行股數(MI_QFIIS/dailyQuotes)=1|外資持股(MI_QFIIS,僅上市)=1|自營商(T86/上櫃三大法人)=1|當沖(TWTB4U/上櫃intraday)=1|季財報(MOPS t163sb04)=1|月營收(MOPS/openapi)=1|官方產業別(MOPS t05st03)=1|融資券(MI_MARGN)=1|借券(TWT93U)=1|法人(T86)=1",530,inf,250.0,official_prepanel,8013.05,160.0,0.0,0.0,0,1,7.49,14.286,22.607,4506.0,0,未扣成本·事後欄位以 m_ 標示·非投資建議,names.json,HO-model（2024Q2～Q4，挑戰者評估窗）,鎖後描述，不參與判定（DEV-009；使用者 G1 第 5 項 2026-10-05）：落選挑戰者在 HOLDOUT 的描述記錄，鎖定判定不變，不得用於重新選模·未扣成本·事後欄位以 m_ 標示·非投資建議
HO,5,2024-09-26,2024-09-27,3430,奇鈦科,TPEx,R,R_core,fCD,R2@5,22,42,漏網,121,-1.687903,,atr14=0.936|n_lu_250=0.492|r20=0.940|c_ma120=0.940|vr20=0.456|days_since_lu=0.071|dt_ratio20=NaN|lend_to_v=0.071|rev_yoy=0.859|o_turn=0.892|o_log_mcap=0.099|o_lu_follow=0.957,"官方日成交結構(MI_INDEX/dailyQuotes)=1|發行股數(MI_QFIIS/dailyQuotes)=1|外資持股(MI_QFIIS,僅上市)=0|自營商(T86/上櫃三大法人)=1|當沖(TWTB4U/上櫃intraday)=1|季財報(MOPS t163sb04)=1|月營收(MOPS/openapi)=1|官方產業別(MOPS t05st03)=1|融資券(MI_MARGN)=1|借券(TWT93U)=1|法人(T86)=1",497,497.0,250.0,official,1538.7,30.0,0.0,1.0,0,1,7.143,10.519,0.39,2588.0,0,未扣成本·事後欄位以 m_ 標示·非投資建議,names.json,HO-model（2024Q2～Q4，挑戰者評估窗）,鎖後描述，不參與判定（DEV-009；使用者 G1 第 5 項 2026-10-05）：落選挑戰者在 HOLDOUT 的描述記錄，鎖定判定不變，不得用於重新選模·未扣成本·事後欄位以 m_ 標示·非投資建議
HO,6,2024-10-01,2024-10-04,2399,映泰,TWSE,R,R_core,fCD,R2@5,14,40,漏網,37,-1.690747,,atr14=0.969|n_lu_250=0.776|r20=0.997|c_ma120=0.975|vr20=0.910|days_since_lu=0.094|dt_ratio20=0.987|lend_to_v=0.092|rev_yoy=0.070|o_turn=0.998|o_log_mcap=0.296|o_lu_follow=0.456,"官方日成交結構(MI_INDEX/dailyQuotes)=1|發行股數(MI_QFIIS/dailyQuotes)=1|外資持股(MI_QFIIS,僅上市)=1|自營商(T86/上櫃三大法人)=1|當沖(TWTB4U/上櫃intraday)=1|季財報(MOPS t163sb04)=1|月營收(MOPS/openapi)=1|官方產業別(MOPS t05st03)=1|融資券(MI_MARGN)=1|借券(TWT93U)=1|法人(T86)=1",538,inf,250.0,official_prepanel,39952.95,799.0,0.0,0.0,0,1,8.141,15.822,26.114,106799.0,0,未扣成本·事後欄位以 m_ 標示·非投資建議,names.json,HO-model（2024Q2～Q4，挑戰者評估窗）,鎖後描述，不參與判定（DEV-009；使用者 G1 第 5 項 2026-10-05）：落選挑戰者在 HOLDOUT 的描述記錄，鎖定判定不變，不得用於重新選模·未扣成本·事後欄位以 m_ 標示·非投資建議
HO,6,2024-10-01,2024-10-04,3049,精金,TWSE,R,R_core,fCD,R2@5,38,40,漏網,114,-3.535943,,atr14=0.953|n_lu_250=0.495|r20=0.958|c_ma120=0.883|vr20=0.183|days_since_lu=0.107|dt_ratio20=0.874|lend_to_v=0.332|rev_yoy=0.919|o_turn=0.687|o_log_mcap=0.415|o_lu_follow=0.959,"官方日成交結構(MI_INDEX/dailyQuotes)=1|發行股數(MI_QFIIS/dailyQuotes)=1|外資持股(MI_QFIIS,僅上市)=1|自營商(T86/上櫃三大法人)=1|當沖(TWTB4U/上櫃intraday)=1|季財報(MOPS t163sb04)=1|月營收(MOPS/openapi)=1|官方產業別(MOPS t05st03)=1|融資券(MI_MARGN)=1|借券(TWT93U)=1|法人(T86)=1",538,inf,250.0,official_prepanel,16797.1,335.0,0.0,0.0,0,1,6.818,10.455,5.455,21302.0,0,未扣成本·事後欄位以 m_ 標示·非投資建議,names.json,HO-model（2024Q2～Q4，挑戰者評估窗）,鎖後描述，不參與判定（DEV-009；使用者 G1 第 5 項 2026-10-05）：落選挑戰者在 HOLDOUT 的描述記錄，鎖定判定不變，不得用於重新選模·未扣成本·事後欄位以 m_ 標示·非投資建議
HO,6,2024-10-08,2024-10-09,1595,川寶,TPEx,R,R_core,fCD,R2@5,7,34,漏網,92,-1.59373,,atr14=0.891|n_lu_250=0.649|r20=0.964|c_ma120=0.953|vr20=0.939|days_since_lu=0.026|dt_ratio20=NaN|lend_to_v=0.047|rev_yoy=0.115|o_turn=0.982|o_log_mcap=0.086|o_lu_follow=0.811,"官方日成交結構(MI_INDEX/dailyQuotes)=1|發行股數(MI_QFIIS/dailyQuotes)=1|外資持股(MI_QFIIS,僅上市)=0|自營商(T86/上櫃三大法人)=1|當沖(TWTB4U/上櫃intraday)=1|季財報(MOPS t163sb04)=1|月營收(MOPS/openapi)=1|官方產業別(MOPS t05st03)=1|融資券(MI_MARGN)=1|借券(TWT93U)=1|法人(T86)=1",541,inf,250.0,official_prepanel,2613.7,52.0,0.0,4.0,0,1,7.692,21.105,45.957,10159.0,0,未扣成本·事後欄位以 m_ 標示·非投資建議,names.json,HO-model（2024Q2～Q4，挑戰者評估窗）,鎖後描述，不參與判定（DEV-009；使用者 G1 第 5 項 2026-10-05）：落選挑戰者在 HOLDOUT 的描述記錄，鎖定判定不變，不得用於重新選模·未扣成本·事後欄位以 m_ 標示·非投資建議
