window,fold,date_s,event_day_t,code,name,market,track,sublayer,ne_flags,failing_filters,fP10,fP5,fV300,fV100,fVnan,fH125,fA60,fN20,fBP,fCD,m_fBF,in_pinned_dataset,dataset_tdr_row,first_fail_reason,close_s,vol20_s,cnt130,nan20,hist_len,age_off,age_cap,listing_src,Qmax_lots,DK_s,at_known5,at_known20,aadab48f_track,m_locked_open,m_buyable,m_c1,m_c5,m_c10,m_vol_t,m_disp_t_exec,old_csv,note
SEL,0,2025-02-03,2025-02-04,3349,寶德,TPEx,NE_SUSP,,NE_SUSP,fP10|fP5|fV300|fV100|fN20,1,1,1,1,0,0,0,1,0,0,0,False,False,股價<10,,13.37,125.0,1.0,615.0,inf,250.0,official_prepanel,,0.0,0.0,0.0,NE_SUSP,0,1,7.911,42.405,43.038,22.0,0,outside,未扣成本·事後欄位以 m_ 標示·非投資建議
SEL,0,2025-02-19,2025-02-20,4804,,TPEx,NE_SUSP,,NE_SUSP,fP10|fP5|fV300|fV100|fVnan|fH125|fN20,1,1,1,1,1,1,0,1,0,0,0,False,False,股價<10,,,14.0,20.0,627.0,inf,250.0,official_prepanel,,0.0,0.0,0.0,NE_SUSP,0,1,0.0,10.0,5.208,282.0,0,outside,未扣成本·事後欄位以 m_ 標示·非投資建議
SEL,1,2025-05-06,2025-05-07,3064,泰偉,TPEx,NE_SUSP,,NE_SUSP,fP10|fP5|fV300|fV100|fVnan|fH125|fN20,1,1,1,1,1,1,0,1,0,0,0,False,False,股價<10,,,94.0,10.0,677.0,inf,250.0,official_prepanel,,0.0,0.0,0.0,NE_SUSP,0,1,8.125,28.75,22.708,11.0,0,outside,未扣成本·事後欄位以 m_ 標示·非投資建議
SEL,1,2025-06-20,2025-06-23,1225,福懋油,TWSE,NE_SUSP,,NE_SUSP,fP10|fP5|fV300|fV100|fVnan|fH125|fN20,1,1,1,1,1,1,0,1,0,0,0,False,False,股價<10,,,76.0,20.0,709.0,inf,250.0,official_prepanel,,0.0,0.0,0.0,NE_SUSP,1,0,0.0,0.0,-3.834,261.0,0,outside,未扣成本·事後欄位以 m_ 標示·非投資建議
SEL,1,2025-06-23,2025-06-24,3032,偉訓,TWSE,NE_SUSP,,NE_SUSP,fP10|fP5|fN20,1,1,0,0,0,0,0,1,0,0,0,False,False,股價<10,,2737.0,128.0,1.0,710.0,inf,250.0,official_prepanel,,0.0,0.0,0.0,NE_SUSP,0,1,1.282,13.205,11.667,3204.0,0,outside,未扣成本·事後欄位以 m_ 標示·非投資建議
SEL,2,2025-07-10,2025-07-11,8472,納維康,TPEx,NE_SUSP,,NE_SUSP,fP10|fP5|fV300|fV100|fVnan|fH125|fN20,1,1,1,1,1,1,0,1,0,0,0,False,False,股價<10,,,107.0,6.0,723.0,inf,250.0,official_prepanel,,0.0,0.0,0.0,NE_SUSP,0,1,7.241,56.724,77.241,33.0,0,outside,未扣成本·事後欄位以 m_ 標示·非投資建議
SEL,2,2025-07-30,2025-07-31,1504,東元,TWSE,NE_SUSP,,NE_SUSP,fP10|fP5|fN20,1,1,0,0,0,0,0,1,0,0,0,False,False,股價<10,,3771.53,129.0,1.0,737.0,inf,250.0,official_prepanel,,0.0,0.0,0.0,NE_SUSP,1,0,0.0,6.471,7.255,5733.0,0,outside,未扣成本·事後欄位以 m_ 標示·非投資建議
SEL,2,2025-08-12,2025-08-13,6418,詠昇,TPEx,NE_SUSP,,NE_SUSP,fP10|fP5|fN20,1,1,0,0,0,0,0,1,0,0,0,False,False,股價<10,,561.58,129.0,1.0,746.0,inf,250.0,official_prepanel,,0.0,1.0,1.0,NE_SUSP,1,0,0.0,24.765,20.826,561.0,0,outside,未扣成本·事後欄位以 m_ 標示·非投資建議
SEL,3,2025-10-01,2025-10-02,1570,力肯,TPEx,NE_SUSP,,NE_SUSP,fP10|fP5|fV300|fN20,1,1,1,0,0,0,0,1,0,0,0,False,False,股價<10,,257.32,129.0,1.0,781.0,inf,250.0,official_prepanel,,0.0,0.0,0.0,NE_SUSP,1,0,0.0,0.948,0.79,1224.0,0,outside,未扣成本·事後欄位以 m_ 標示·非投資建議
SEL,3,2025-10-07,2025-10-08,9136,巨騰-DR,TWSE,NE_TDR,,NE_TDR,fP10|fV300,1,0,1,0,0,0,0,0,0,0,0,False,False,股價<10,6.15,173.2,130.0,0.0,784.0,inf,250.0,official_prepanel,,0.0,0.0,1.0,NE_TDR,0,1,9.919,23.902,23.415,1440.0,0,outside,未扣成本·事後欄位以 m_ 標示·非投資建議
SEL,3,2025-10-14,2025-10-15,8047,星雲,TPEx,NE_SUSP,,NE_SUSP,fP10|fP5|fN20|fCD,1,1,0,0,0,0,0,1,0,1,0,False,False,股價<10,,463.0,129.0,1.0,788.0,inf,250.0,official_prepanel,,1.0,4.0,4.0,NE_SUSP,1,0,0.0,35.061,31.86,357.0,1,outside,未扣成本·事後欄位以 m_ 標示·非投資建議
SEL,3,2025-11-21,2025-11-24,6465,威潤,TPEx,NE_SUSP,,NE_SUSP,fP10|fP5|fV300|fV100|fVnan|fH125|fN20,1,1,1,1,1,1,0,1,0,0,1,False,False,股價<10,,,121.0,7.0,815.0,inf,250.0,official_prepanel,,0.0,0.0,0.0,NE_SUSP,0,1,0.0,21.372,35.092,88.0,0,outside,未扣成本·事後欄位以 m_ 標示·非投資建議
SEL,3,2025-12-03,2025-12-04,3288,點晶,TPEx,NE_SUSP,,NE_SUSP,fP10|fP5|fV300|fV100|fH125|fN20,1,1,1,1,0,1,0,1,0,0,0,False,False,股價<10,,26.95,119.0,1.0,823.0,inf,250.0,official_prepanel,,0.0,0.0,0.0,NE_SUSP,0,1,8.682,9.968,8.039,61.0,0,outside,未扣成本·事後欄位以 m_ 標示·非投資建議
SEL,3,2025-12-08,2025-12-09,3313,斐成,TPEx,NE_SUSP,,NE_SUSP,fP10|fP5|fN20,1,1,0,0,0,0,0,1,0,0,0,False,False,股價<10,,534.05,129.0,1.0,826.0,inf,250.0,official_prepanel,,0.0,0.0,0.0,NE_SUSP,1,0,0.0,-4.615,-6.769,340.0,0,outside,未扣成本·事後欄位以 m_ 標示·非投資建議
SEL,3,2025-12-08,2025-12-09,6624,萬年清,TPEx,NE_SUSP,,NE_SUSP,fP10|fP5|fV300|fH125|fN20,1,1,1,0,0,1,0,1,0,0,0,False,False,股價<10,,191.0,117.0,1.0,826.0,inf,250.0,official_prepanel,,1.0,5.0,6.0,NE_SUSP,1,0,0.0,-3.577,-2.644,404.0,1,outside,未扣成本·事後欄位以 m_ 標示·非投資建議
HC,0,2026-01-09,2026-01-12,3226,龍鋒,TPEx,NE_SUSP,,NE_SUSP,fP10|fP5|fV300|fV100|fH125|fN20,1,1,1,1,0,1,0,1,0,0,0,False,False,股價<10,,10.05,113.0,1.0,848.0,inf,250.0,official_prepanel,,0.0,0.0,0.0,NE_SUSP,0,1,3.052,20.188,33.803,65.0,0,outside,未扣成本·事後欄位以 m_ 標示·非投資建議
HC,0,2026-01-16,2026-01-19,7780,大研生醫*,TWSE,NE_SUSP,,NE_SUSP,fP10|fP5|fV300|fV100|fVnan|fH125|fN20|fBP,1,1,1,1,1,1,0,1,1,0,1,False,False,股價<10,,,82.0,6.0,88.0,88.0,88.0,official,,0.0,0.0,0.0,NE_SUSP,1,0,0.0,41.769,31.204,34537.0,0,outside,未扣成本·事後欄位以 m_ 標示·非投資建議
HC,0,2026-01-26,2026-01-27,9103,美德醫療-DR,TWSE,NE_TDR,,NE_TDR,fP10|fP5,1,1,0,0,0,0,0,0,0,0,0,False,False,股價<10,4.68,648.4,130.0,0.0,859.0,inf,250.0,official_prepanel,,0.0,0.0,4.0,NE_TDR,1,0,0.0,21.984,3.502,2458.0,0,outside,未扣成本·事後欄位以 m_ 標示·非投資建議
HC,0,2026-03-10,2026-03-11,6103,合邦,TPEx,NE_SUSP,,NE_SUSP,fP10|fP5|fV300|fV100|fVnan|fH125|fN20|fBP,1,1,1,1,1,1,0,1,1,0,0,False,False,股價<10,,,29.0,20.0,882.0,inf,250.0,official_prepanel,,0.0,0.0,0.0,NE_SUSP,0,1,2.186,42.076,28.142,14.0,0,outside,未扣成本·事後欄位以 m_ 標示·非投資建議
HC,0,2026-03-12,2026-03-13,1799,易威,TPEx,NE_SUSP,,NE_SUSP,fP10|fP5|fV300|fN20,1,1,1,0,0,0,0,1,0,0,0,False,False,股價<10,,138.79,129.0,1.0,884.0,inf,250.0,official_prepanel,,0.0,0.0,0.0,NE_SUSP,1,0,0.0,24.085,18.293,111.0,0,outside,未扣成本·事後欄位以 m_ 標示·非投資建議
HC,1,2026-04-28,2026-04-29,9960,邁達康,TPEx,NE_SUSP,,NE_SUSP,fP10|fP5|fV300|fH125|fN20,1,1,1,0,0,1,0,1,0,0,0,False,False,股價<10,,137.58,122.0,1.0,915.0,inf,250.0,official_prepanel,,0.0,0.0,0.0,NE_SUSP,1,0,0.0,11.538,12.821,364.0,0,outside,未扣成本·事後欄位以 m_ 標示·非投資建議
HC,1,2026-05-20,2026-05-21,9105,泰金寶-DR,TWSE,NE_TDR,,NE_TDR,fP10,1,0,0,0,0,0,0,0,0,0,0,False,False,股價<10,5.59,22361.15,130.0,0.0,930.0,inf,250.0,official_prepanel,,0.0,0.0,0.0,NE_TDR,0,1,4.957,46.325,97.436,63808.0,0,outside,未扣成本·事後欄位以 m_ 標示·非投資建議
HC,1,2026-06-02,2026-06-03,9105,泰金寶-DR,TWSE,NE_TDR,,NE_TDR,fCD,0,0,0,0,0,0,0,0,0,1,0,False,False,其他（冷卻期／價格結構斷點／近20日缺值／衝擊日）,10.5,78426.25,130.0,0.0,939.0,inf,250.0,official_prepanel,,0.0,1.0,1.0,NE_TDR,0,1,5.479,-11.324,-12.785,120670.0,0,outside,未扣成本·事後欄位以 m_ 標示·非投資建議
HC,1,2026-06-02,2026-06-03,9136,巨騰-DR,TWSE,NE_TDR,,NE_TDR,fV300|fV100|fVnan|fH125|fN20,0,0,1,1,1,1,0,1,0,0,0,False,False,20日均量<300張,13.3,,113.0,9.0,939.0,inf,250.0,official_prepanel,,0.0,0.0,0.0,NE_TDR,0,1,0.69,11.724,13.448,5143.0,0,outside,未扣成本·事後欄位以 m_ 標示·非投資建議
HC,1,2026-06-17,2026-06-18,1435,中福,TWSE,NE_SUSP,,NE_SUSP,fP10|fP5|fV300|fV100|fVnan|fH125|fN20,1,1,1,1,1,1,0,1,0,0,0,False,False,股價<10,,,87.0,20.0,950.0,inf,250.0,official_prepanel,,0.0,0.0,0.0,NE_SUSP,1,0,0.0,46.099,134.397,17.0,0,outside,未扣成本·事後欄位以 m_ 標示·非投資建議
HC,2,2026-07-21,2026-07-22,1591,駿吉-KY,TPEx,NE_SUSP,,NE_SUSP,fP10|fP5|fV300|fV100|fVnan|fH125|fN20,1,1,1,1,1,1,0,1,0,0,0,False,False,股價<10,,,103.0,20.0,972.0,inf,250.0,official_prepanel,,0.0,0.0,0.0,NE_SUSP,0,1,0.0,21.46,6.277,58.0,0,outside,未扣成本·事後欄位以 m_ 標示·非投資建議
HC,2,2026-07-31,2026-08-03,3587,閎康,TPEx,NE_SUSP,,NE_SUSP,fP10|fP5|fN20,1,1,0,0,0,0,0,1,0,0,0,False,False,股價<10,,708.53,129.0,1.0,980.0,inf,250.0,official_prepanel,,0.0,0.0,0.0,NE_SUSP,1,0,0.0,11.572,7.424,94.0,0,outside,未扣成本·事後欄位以 m_ 標示·非投資建議
HC,2,2026-08-07,2026-08-10,5904,寶雅*,TPEx,NE_SUSP,,NE_SUSP,fP10|fP5|fV300|fV100|fVnan|fH125|fN20,1,1,1,1,1,1,0,1,0,0,0,False,False,股價<10,,,123.0,7.0,985.0,inf,250.0,official_prepanel,,0.0,0.0,0.0,NE_SUSP,0,1,0.0,-0.253,-5.934,5643.0,0,outside,未扣成本·事後欄位以 m_ 標示·非投資建議
HC,2,2026-08-26,2026-08-27,8105,凌巨,TWSE,NE_SUSP,,NE_SUSP,fP10|fP5|fV300|fV100|fVnan|fH125|fN20,1,1,1,1,1,1,0,1,0,0,0,False,False,股價<10,,,124.0,6.0,998.0,inf,250.0,official_prepanel,,0.0,0.0,0.0,NE_SUSP,1,0,0.0,5.281,0.66,2454.0,0,outside,未扣成本·事後欄位以 m_ 標示·非投資建議
