window,fold,date_s,event_day_t,code,name,market,track,sublayer,failing_filters,list_id,rank_in_list,n_pool_day,result,global_rank_combo,score,combo_n_components,pct_key_features,source_has_value_flags,hist_len,age_off,age_cap,listing_src,vol20_s,Qmax_lots,DK_s,at_known5,m_locked_open,m_buyable,m_c1,m_c5,m_c10,m_vol_t,m_disp_t_exec,note
HO,1,2023-08-29,2023-08-30,4542,科嶠,TPEx,R,R_relax,fH125|fCD,R0_combo@5,4,16,命中,16,0.726562,4.0,atr14=0.998|n_lu_250=0.846|r20=0.999|c_ma120=0.982|vr20=0.944|days_since_lu=0.011|dt_ratio20=NaN|lend_to_v=0.025|rev_yoy=0.941|o_turn=0.976|o_log_mcap=0.026|o_lu_follow=0.945,"官方日成交結構(MI_INDEX/dailyQuotes)=1|發行股數(MI_QFIIS/dailyQuotes)=1|外資持股(MI_QFIIS,僅上市)=0|自營商(T86/上櫃三大法人)=1|當沖(TWTB4U/上櫃intraday)=1|季財報(MOPS t163sb04)=1|月營收(MOPS/openapi)=1|官方產業別(MOPS t05st03)=1|融資券(MI_MARGN)=1|借券(TWT93U)=1|法人(T86)=1",272,inf,250.0,official_prepanel,1130.05,22.0,0.0,3.0,1,0,0.0,46.096,40.749,751.0,0,未扣成本·事後欄位以 m_ 標示·非投資建議
HO,1,2023-09-05,2023-09-06,4944,,TPEx,R,R_core,fCD,R0_combo@5,2,15,命中,4,0.916667,4.0,atr14=0.993|n_lu_250=0.983|r20=0.999|c_ma120=0.977|vr20=0.698|days_since_lu=0.054|dt_ratio20=NaN|lend_to_v=0.012|rev_yoy=NaN|o_turn=0.724|o_log_mcap=0.002|o_lu_follow=0.998,"官方日成交結構(MI_INDEX/dailyQuotes)=1|發行股數(MI_QFIIS/dailyQuotes)=1|外資持股(MI_QFIIS,僅上市)=0|自營商(T86/上櫃三大法人)=0|當沖(TWTB4U/上櫃intraday)=0|季財報(MOPS t163sb04)=0|月營收(MOPS/openapi)=0|官方產業別(MOPS t05st03)=0|融資券(MI_MARGN)=1|借券(TWT93U)=1|法人(T86)=0",277,inf,250.0,fallback_prepanel,544.45,5.0,1.0,0.0,0,1,10.671,8.537,-8.232,712.0,1,未扣成本·事後欄位以 m_ 標示·非投資建議
HO,1,2023-09-28,2023-10-02,6451,訊芯-KY,TWSE,R,R_core,fCD,R0_combo@5,3,9,命中,9,0.708333,4.0,atr14=0.994|n_lu_250=0.884|r20=0.990|c_ma120=0.960|vr20=0.828|days_since_lu=0.045|dt_ratio20=0.989|lend_to_v=0.072|rev_yoy=0.346|o_turn=0.970|o_log_mcap=0.580|o_lu_follow=0.999,"官方日成交結構(MI_INDEX/dailyQuotes)=1|發行股數(MI_QFIIS/dailyQuotes)=1|外資持股(MI_QFIIS,僅上市)=1|自營商(T86/上櫃三大法人)=1|當沖(TWTB4U/上櫃intraday)=1|季財報(MOPS t163sb04)=1|月營收(MOPS/openapi)=1|官方產業別(MOPS t05st03)=1|融資券(MI_MARGN)=1|借券(TWT93U)=1|法人(T86)=1",294,inf,250.0,official_prepanel,7015.55,140.0,0.0,2.0,0,1,8.394,14.964,9.854,8744.0,0,未扣成本·事後欄位以 m_ 標示·非投資建議
HO,2,2023-12-07,2023-12-08,5432,新門,TPEx,R,R_core,fCD,R0_combo@5,3,24,命中,2,0.875,4.0,atr14=0.995|n_lu_250=0.999|r20=0.987|c_ma120=0.992|vr20=0.919|days_since_lu=0.011|dt_ratio20=NaN|lend_to_v=0.035|rev_yoy=0.335|o_turn=0.965|o_log_mcap=0.078|o_lu_follow=0.944,"官方日成交結構(MI_INDEX/dailyQuotes)=1|發行股數(MI_QFIIS/dailyQuotes)=1|外資持股(MI_QFIIS,僅上市)=0|自營商(T86/上櫃三大法人)=1|當沖(TWTB4U/上櫃intraday)=1|季財報(MOPS t163sb04)=1|月營收(MOPS/openapi)=1|官方產業別(MOPS t05st03)=1|融資券(MI_MARGN)=1|借券(TWT93U)=1|法人(T86)=1",341,inf,250.0,official_prepanel,1044.8,20.0,0.0,3.0,0,1,6.713,22.244,24.248,1208.0,0,未扣成本·事後欄位以 m_ 標示·非投資建議
HO,2,2023-12-15,2023-12-18,1325,恆大,TWSE,R,R_core,fCD,R0_combo@5,4,28,命中,13,0.785714,4.0,atr14=1.000|n_lu_250=0.875|r20=0.997|c_ma120=0.973|vr20=0.102|days_since_lu=0.081|dt_ratio20=NaN|lend_to_v=0.056|rev_yoy=0.063|o_turn=0.721|o_log_mcap=0.153|o_lu_follow=1.000,"官方日成交結構(MI_INDEX/dailyQuotes)=1|發行股數(MI_QFIIS/dailyQuotes)=1|外資持股(MI_QFIIS,僅上市)=1|自營商(T86/上櫃三大法人)=1|當沖(TWTB4U/上櫃intraday)=0|季財報(MOPS t163sb04)=1|月營收(MOPS/openapi)=1|官方產業別(MOPS t05st03)=1|融資券(MI_MARGN)=1|借券(TWT93U)=1|法人(T86)=1",347,inf,250.0,official_prepanel,3991.25,39.0,1.0,0.0,0,1,2.909,13.296,9.141,4637.0,0,未扣成本·事後欄位以 m_ 標示·非投資建議
HO,2,2023-12-19,2023-12-20,3086,華義*,TPEx,R,R_core,fCD,R0_combo@5,3,22,命中,5,0.840909,4.0,atr14=0.991|n_lu_250=0.948|r20=0.997|c_ma120=0.992|vr20=0.943|days_since_lu=0.002|dt_ratio20=NaN|lend_to_v=0.043|rev_yoy=0.922|o_turn=0.968|o_log_mcap=0.134|o_lu_follow=0.952,"官方日成交結構(MI_INDEX/dailyQuotes)=1|發行股數(MI_QFIIS/dailyQuotes)=1|外資持股(MI_QFIIS,僅上市)=0|自營商(T86/上櫃三大法人)=1|當沖(TWTB4U/上櫃intraday)=1|季財報(MOPS t163sb04)=1|月營收(MOPS/openapi)=1|官方產業別(MOPS t05st03)=1|融資券(MI_MARGN)=1|借券(TWT93U)=1|法人(T86)=1",349,inf,250.0,official_prepanel,609.75,12.0,0.0,1.0,0,1,11.404,25.439,40.789,874.0,0,未扣成本·事後欄位以 m_ 標示·非投資建議
HO,2,2023-12-29,2024-01-02,3086,華義*,TPEx,R,R_core,fCD,R0_combo@5,2,10,命中,3,0.875,4.0,atr14=0.998|n_lu_250=0.966|r20=0.995|c_ma120=0.996|vr20=0.789|days_since_lu=0.027|dt_ratio20=NaN|lend_to_v=0.039|rev_yoy=0.917|o_turn=0.949|o_log_mcap=0.164|o_lu_follow=0.981,"官方日成交結構(MI_INDEX/dailyQuotes)=1|發行股數(MI_QFIIS/dailyQuotes)=1|外資持股(MI_QFIIS,僅上市)=0|自營商(T86/上櫃三大法人)=1|當沖(TWTB4U/上櫃intraday)=1|季財報(MOPS t163sb04)=1|月營收(MOPS/openapi)=1|官方產業別(MOPS t05st03)=1|融資券(MI_MARGN)=1|借券(TWT93U)=1|法人(T86)=1",357,inf,250.0,official_prepanel,1217.5,24.0,0.0,3.0,0,1,9.363,26.217,12.36,1236.0,0,未扣成本·事後欄位以 m_ 標示·非投資建議
HO,3,2024-01-02,2024-01-03,1325,恆大,TWSE,R,R_core,fCD,R0_combo@5,4,9,命中,217,0.652778,4.0,atr14=0.995|n_lu_250=0.934|r20=0.089|c_ma120=0.988|vr20=0.336|days_since_lu=0.034|dt_ratio20=NaN|lend_to_v=0.049|rev_yoy=0.066|o_turn=0.924|o_log_mcap=0.184|o_lu_follow=1.000,"官方日成交結構(MI_INDEX/dailyQuotes)=1|發行股數(MI_QFIIS/dailyQuotes)=1|外資持股(MI_QFIIS,僅上市)=1|自營商(T86/上櫃三大法人)=1|當沖(TWTB4U/上櫃intraday)=1|季財報(MOPS t163sb04)=1|月營收(MOPS/openapi)=1|官方產業別(MOPS t05st03)=1|融資券(MI_MARGN)=1|借券(TWT93U)=1|法人(T86)=1",358,inf,250.0,official_prepanel,6222.75,124.0,0.0,0.0,0,1,4.447,5.168,2.163,5052.0,0,未扣成本·事後欄位以 m_ 標示·非投資建議
HO,3,2024-01-18,2024-01-19,6140,訊達,TPEx,R,R_core,fCD,R0_combo@5,2,21,命中,2,0.821429,4.0,atr14=0.999|n_lu_250=0.962|r20=0.999|c_ma120=0.998|vr20=0.543|days_since_lu=0.016|dt_ratio20=NaN|lend_to_v=0.038|rev_yoy=0.359|o_turn=0.995|o_log_mcap=0.076|o_lu_follow=0.982,"官方日成交結構(MI_INDEX/dailyQuotes)=1|發行股數(MI_QFIIS/dailyQuotes)=1|外資持股(MI_QFIIS,僅上市)=0|自營商(T86/上櫃三大法人)=1|當沖(TWTB4U/上櫃intraday)=1|季財報(MOPS t163sb04)=1|月營收(MOPS/openapi)=1|官方產業別(MOPS t05st03)=1|融資券(MI_MARGN)=1|借券(TWT93U)=1|法人(T86)=1",370,inf,250.0,official_prepanel,13250.7,265.0,0.0,4.0,0,1,8.053,13.582,2.764,15205.0,0,未扣成本·事後欄位以 m_ 標示·非投資建議
HO,3,2024-01-26,2024-01-29,6113,亞矽,TPEx,R,R_core,fCD,R0_combo@5,2,25,命中,2,0.86,4.0,atr14=0.988|n_lu_250=0.988|r20=1.000|c_ma120=0.997|vr20=0.783|days_since_lu=0.012|dt_ratio20=NaN|lend_to_v=0.033|rev_yoy=0.033|o_turn=0.998|o_log_mcap=0.058|o_lu_follow=0.991,"官方日成交結構(MI_INDEX/dailyQuotes)=1|發行股數(MI_QFIIS/dailyQuotes)=1|外資持股(MI_QFIIS,僅上市)=0|自營商(T86/上櫃三大法人)=1|當沖(TWTB4U/上櫃intraday)=1|季財報(MOPS t163sb04)=1|月營收(MOPS/openapi)=1|官方產業別(MOPS t05st03)=1|融資券(MI_MARGN)=1|借券(TWT93U)=1|法人(T86)=1",376,inf,250.0,official_prepanel,13221.1,264.0,0.0,1.0,0,1,10.573,23.348,12.335,13570.0,0,未扣成本·事後欄位以 m_ 標示·非投資建議
HO,3,2024-02-15,2024-02-16,4529,淳紳,TPEx,R,R_core,fCD,R0_combo@5,4,28,命中,5,0.825397,4.0,atr14=0.996|n_lu_250=0.959|r20=0.998|c_ma120=0.962|vr20=0.299|days_since_lu=0.026|dt_ratio20=NaN|lend_to_v=0.015|rev_yoy=0.967|o_turn=0.773|o_log_mcap=0.021|o_lu_follow=0.999,"官方日成交結構(MI_INDEX/dailyQuotes)=1|發行股數(MI_QFIIS/dailyQuotes)=1|外資持股(MI_QFIIS,僅上市)=0|自營商(T86/上櫃三大法人)=1|當沖(TWTB4U/上櫃intraday)=0|季財報(MOPS t163sb04)=1|月營收(MOPS/openapi)=1|官方產業別(MOPS t05st03)=1|融資券(MI_MARGN)=1|借券(TWT93U)=1|法人(T86)=1",383,inf,250.0,official_prepanel,1954.2,39.0,0.0,0.0,0,1,11.538,10.49,8.741,1540.0,0,未扣成本·事後欄位以 m_ 標示·非投資建議
HO,3,2024-02-22,2024-02-23,6113,亞矽,TPEx,R,R_core,fCD,R0_combo@5,5,47,命中,4,0.834297,4.0,atr14=0.998|n_lu_250=0.996|r20=0.980|c_ma120=0.998|vr20=0.016|days_since_lu=0.103|dt_ratio20=NaN|lend_to_v=0.039|rev_yoy=0.078|o_turn=0.906|o_log_mcap=0.076|o_lu_follow=0.994,"官方日成交結構(MI_INDEX/dailyQuotes)=1|發行股數(MI_QFIIS/dailyQuotes)=1|外資持股(MI_QFIIS,僅上市)=0|自營商(T86/上櫃三大法人)=1|當沖(TWTB4U/上櫃intraday)=1|季財報(MOPS t163sb04)=1|月營收(MOPS/openapi)=1|官方產業別(MOPS t05st03)=1|融資券(MI_MARGN)=1|借券(TWT93U)=1|法人(T86)=1",388,inf,250.0,official_prepanel,12135.2,242.0,0.0,0.0,0,1,8.912,9.699,-6.946,8978.0,0,未扣成本·事後欄位以 m_ 標示·非投資建議
HO,4,2024-04-11,2024-04-12,1587,吉茂,TWSE,R,R_core,fCD,R0_combo@5,5,29,命中,27,0.693966,4.0,atr14=0.987|n_lu_250=0.823|r20=0.998|c_ma120=0.987|vr20=0.178|days_since_lu=0.038|dt_ratio20=0.796|lend_to_v=0.064|rev_yoy=0.390|o_turn=0.883|o_log_mcap=0.120|o_lu_follow=0.917,"官方日成交結構(MI_INDEX/dailyQuotes)=1|發行股數(MI_QFIIS/dailyQuotes)=1|外資持股(MI_QFIIS,僅上市)=1|自營商(T86/上櫃三大法人)=1|當沖(TWTB4U/上櫃intraday)=0|季財報(MOPS t163sb04)=1|月營收(MOPS/openapi)=1|官方產業別(MOPS t05st03)=1|融資券(MI_MARGN)=1|借券(TWT93U)=1|法人(T86)=1",420,inf,250.0,official_prepanel,4369.6,43.0,1.0,4.0,0,1,6.667,17.857,35.0,5245.0,1,未扣成本·事後欄位以 m_ 標示·非投資建議
HO,4,2024-04-22,2024-04-23,1587,吉茂,TWSE,R,R_core,fCD,R0_combo@5,2,47,命中,13,0.847826,4.0,atr14=0.994|n_lu_250=0.884|r20=0.999|c_ma120=0.991|vr20=0.325|days_since_lu=0.061|dt_ratio20=NaN|lend_to_v=0.050|rev_yoy=0.389|o_turn=0.935|o_log_mcap=0.139|o_lu_follow=0.941,"官方日成交結構(MI_INDEX/dailyQuotes)=1|發行股數(MI_QFIIS/dailyQuotes)=1|外資持股(MI_QFIIS,僅上市)=1|自營商(T86/上櫃三大法人)=1|當沖(TWTB4U/上櫃intraday)=0|季財報(MOPS t163sb04)=1|月營收(MOPS/openapi)=1|官方產業別(MOPS t05st03)=1|融資券(MI_MARGN)=1|借券(TWT93U)=1|法人(T86)=1",427,inf,250.0,official_prepanel,5147.05,51.0,1.0,1.0,0,1,8.681,45.37,73.38,3217.0,1,未扣成本·事後欄位以 m_ 標示·非投資建議
HO,4,2024-04-22,2024-04-23,2359,所羅門,TWSE,R,R_core,fCD,R0_combo@5,1,47,命中,1,0.887951,4.0,atr14=0.999|n_lu_250=0.949|r20=0.999|c_ma120=0.994|vr20=0.255|days_since_lu=0.108|dt_ratio20=NaN|lend_to_v=0.098|rev_yoy=0.123|o_turn=0.879|o_log_mcap=0.594|o_lu_follow=0.996,"官方日成交結構(MI_INDEX/dailyQuotes)=1|發行股數(MI_QFIIS/dailyQuotes)=1|外資持股(MI_QFIIS,僅上市)=1|自營商(T86/上櫃三大法人)=1|當沖(TWTB4U/上櫃intraday)=0|季財報(MOPS t163sb04)=1|月營收(MOPS/openapi)=1|官方產業別(MOPS t05st03)=1|融資券(MI_MARGN)=1|借券(TWT93U)=1|法人(T86)=1",427,inf,250.0,official_prepanel,8880.9,88.0,1.0,0.0,0,1,4.635,14.137,17.613,8360.0,0,未扣成本·事後欄位以 m_ 標示·非投資建議
HO,4,2024-05-02,2024-05-03,1587,吉茂,TWSE,R,R_core,fCD,R0_combo@5,1,38,命中,3,0.858553,4.0,atr14=0.985|n_lu_250=0.953|r20=1.000|c_ma120=1.000|vr20=0.596|days_since_lu=0.024|dt_ratio20=NaN|lend_to_v=0.046|rev_yoy=0.389|o_turn=0.987|o_log_mcap=0.204|o_lu_follow=0.994,"官方日成交結構(MI_INDEX/dailyQuotes)=1|發行股數(MI_QFIIS/dailyQuotes)=1|外資持股(MI_QFIIS,僅上市)=1|自營商(T86/上櫃三大法人)=1|當沖(TWTB4U/上櫃intraday)=1|季財報(MOPS t163sb04)=1|月營收(MOPS/openapi)=1|官方產業別(MOPS t05st03)=1|融資券(MI_MARGN)=1|借券(TWT93U)=1|法人(T86)=1",434,inf,250.0,official_prepanel,8005.3,160.0,0.0,3.0,0,1,5.582,22.967,22.967,5454.0,0,未扣成本·事後欄位以 m_ 標示·非投資建議
HO,4,2024-05-10,2024-05-13,6419,京晨科,TPEx,R,R_core,fCD,R0_combo@5,4,38,命中,3,0.766447,4.0,atr14=0.944|n_lu_250=0.989|r20=1.000|c_ma120=0.998|vr20=0.885|days_since_lu=0.003|dt_ratio20=NaN|lend_to_v=NaN|rev_yoy=0.980|o_turn=0.960|o_log_mcap=0.009|o_lu_follow=0.937,"官方日成交結構(MI_INDEX/dailyQuotes)=1|發行股數(MI_QFIIS/dailyQuotes)=1|外資持股(MI_QFIIS,僅上市)=0|自營商(T86/上櫃三大法人)=1|當沖(TWTB4U/上櫃intraday)=0|季財報(MOPS t163sb04)=1|月營收(MOPS/openapi)=1|官方產業別(MOPS t05st03)=1|融資券(MI_MARGN)=0|借券(TWT93U)=0|法人(T86)=1",440,inf,250.0,official_prepanel,450.35,4.0,1.0,5.0,0,1,1.744,44.103,38.974,627.0,1,未扣成本·事後欄位以 m_ 標示·非投資建議
HO,4,2024-05-14,2024-05-15,1587,吉茂,TWSE,R,R_core,fCD,R0_combo@5,1,37,命中,2,0.861486,4.0,atr14=0.998|n_lu_250=0.970|r20=0.990|c_ma120=1.000|vr20=0.521|days_since_lu=0.057|dt_ratio20=NaN|lend_to_v=0.039|rev_yoy=0.195|o_turn=0.985|o_log_mcap=0.221|o_lu_follow=0.995,"官方日成交結構(MI_INDEX/dailyQuotes)=1|發行股數(MI_QFIIS/dailyQuotes)=1|外資持股(MI_QFIIS,僅上市)=1|自營商(T86/上櫃三大法人)=1|當沖(TWTB4U/上櫃intraday)=1|季財報(MOPS t163sb04)=1|月營收(MOPS/openapi)=1|官方產業別(MOPS t05st03)=1|融資券(MI_MARGN)=1|借券(TWT93U)=1|法人(T86)=1",442,inf,250.0,official_prepanel,10332.3,206.0,0.0,2.0,0,1,8.682,23.256,13.643,5424.0,0,未扣成本·事後欄位以 m_ 標示·非投資建議
HO,4,2024-05-15,2024-05-16,6264,富裔,TPEx,R,R_core,fCD,R0_combo@5,2,30,命中,10,0.825,4.0,atr14=1.000|n_lu_250=0.901|r20=0.991|c_ma120=0.974|vr20=0.158|days_since_lu=0.115|dt_ratio20=NaN|lend_to_v=0.016|rev_yoy=0.028|o_turn=0.649|o_log_mcap=0.029|o_lu_follow=0.996,"官方日成交結構(MI_INDEX/dailyQuotes)=1|發行股數(MI_QFIIS/dailyQuotes)=1|外資持股(MI_QFIIS,僅上市)=0|自營商(T86/上櫃三大法人)=1|當沖(TWTB4U/上櫃intraday)=0|季財報(MOPS t163sb04)=0|月營收(MOPS/openapi)=1|官方產業別(MOPS t05st03)=1|融資券(MI_MARGN)=1|借券(TWT93U)=1|法人(T86)=1",443,inf,250.0,official_prepanel,2443.35,24.0,1.0,0.0,0,1,10.547,16.406,12.891,1384.0,0,未扣成本·事後欄位以 m_ 標示·非投資建議
HO,4,2024-05-20,2024-05-21,2359,所羅門,TWSE,R,R_core,fCD,R0_combo@5,3,33,命中,4,0.878788,4.0,atr14=0.976|n_lu_250=0.983|r20=0.994|c_ma120=1.000|vr20=0.959|days_since_lu=0.007|dt_ratio20=0.995|lend_to_v=0.060|rev_yoy=0.100|o_turn=1.000|o_log_mcap=0.703|o_lu_follow=0.993,"官方日成交結構(MI_INDEX/dailyQuotes)=1|發行股數(MI_QFIIS/dailyQuotes)=1|外資持股(MI_QFIIS,僅上市)=1|自營商(T86/上櫃三大法人)=1|當沖(TWTB4U/上櫃intraday)=1|季財報(MOPS t163sb04)=1|月營收(MOPS/openapi)=1|官方產業別(MOPS t05st03)=1|融資券(MI_MARGN)=1|借券(TWT93U)=1|法人(T86)=1",446,inf,250.0,official_prepanel,33744.8,674.0,0.0,2.0,0,1,8.602,25.806,29.032,74632.0,0,未扣成本·事後欄位以 m_ 標示·非投資建議
HO,4,2024-05-24,2024-05-27,4562,穎漢,TWSE,R,R_core,fCD,R0_combo@5,4,43,命中,12,0.834302,4.0,atr14=0.995|n_lu_250=0.856|r20=0.997|c_ma120=0.994|vr20=0.222|days_since_lu=0.027|dt_ratio20=NaN|lend_to_v=0.036|rev_yoy=0.125|o_turn=0.852|o_log_mcap=0.114|o_lu_follow=0.995,"官方日成交結構(MI_INDEX/dailyQuotes)=1|發行股數(MI_QFIIS/dailyQuotes)=1|外資持股(MI_QFIIS,僅上市)=1|自營商(T86/上櫃三大法人)=1|當沖(TWTB4U/上櫃intraday)=0|季財報(MOPS t163sb04)=1|月營收(MOPS/openapi)=1|官方產業別(MOPS t05st03)=1|融資券(MI_MARGN)=1|借券(TWT93U)=1|法人(T86)=1",450,inf,250.0,official_prepanel,4763.3,47.0,1.0,0.0,0,1,3.561,28.19,16.32,2391.0,1,未扣成本·事後欄位以 m_ 標示·非投資建議
HO,4,2024-05-27,2024-05-28,4549,桓達,TPEx,R,R_core,fCD,R0_combo@5,5,39,命中,28,0.727564,4.0,atr14=0.988|n_lu_250=0.775|r20=0.996|c_ma120=0.973|vr20=0.689|days_since_lu=0.046|dt_ratio20=NaN|lend_to_v=0.074|rev_yoy=0.327|o_turn=0.881|o_log_mcap=0.414|o_lu_follow=0.456,"官方日成交結構(MI_INDEX/dailyQuotes)=1|發行股數(MI_QFIIS/dailyQuotes)=1|外資持股(MI_QFIIS,僅上市)=0|自營商(T86/上櫃三大法人)=1|當沖(TWTB4U/上櫃intraday)=1|季財報(MOPS t163sb04)=1|月營收(MOPS/openapi)=1|官方產業別(MOPS t05st03)=1|融資券(MI_MARGN)=1|借券(TWT93U)=1|法人(T86)=1",451,inf,250.0,official_prepanel,1534.6,30.0,0.0,2.0,0,1,7.566,24.671,20.724,563.0,0,未扣成本·事後欄位以 m_ 標示·非投資建議
HO,4,2024-05-30,2024-05-31,4562,穎漢,TWSE,R,R_core,fCD,R0_combo@5,3,49,命中,6,0.864796,4.0,atr14=0.992|n_lu_250=0.922|r20=1.000|c_ma120=1.000|vr20=0.984|days_since_lu=0.010|dt_ratio20=NaN|lend_to_v=0.042|rev_yoy=0.125|o_turn=0.996|o_log_mcap=0.168|o_lu_follow=0.998,"官方日成交結構(MI_INDEX/dailyQuotes)=1|發行股數(MI_QFIIS/dailyQuotes)=1|外資持股(MI_QFIIS,僅上市)=1|自營商(T86/上櫃三大法人)=1|當沖(TWTB4U/上櫃intraday)=1|季財報(MOPS t163sb04)=1|月營收(MOPS/openapi)=1|官方產業別(MOPS t05st03)=1|融資券(MI_MARGN)=1|借券(TWT93U)=1|法人(T86)=1",454,inf,250.0,official_prepanel,6307.65,126.0,0.0,2.0,0,1,8.953,-0.631,18.285,23285.0,0,未扣成本·事後欄位以 m_ 標示·非投資建議
HO,4,2024-05-30,2024-05-31,6117,迎廣,TWSE,R,R_core,fCD,R0_combo@5,4,49,命中,5,0.80102,4.0,atr14=0.965|n_lu_250=0.999|r20=0.994|c_ma120=0.985|vr20=0.912|days_since_lu=0.029|dt_ratio20=0.995|lend_to_v=0.042|rev_yoy=0.914|o_turn=0.996|o_log_mcap=0.529|o_lu_follow=0.982,"官方日成交結構(MI_INDEX/dailyQuotes)=1|發行股數(MI_QFIIS/dailyQuotes)=1|外資持股(MI_QFIIS,僅上市)=1|自營商(T86/上櫃三大法人)=1|當沖(TWTB4U/上櫃intraday)=1|季財報(MOPS t163sb04)=1|月營收(MOPS/openapi)=1|官方產業別(MOPS t05st03)=1|融資券(MI_MARGN)=1|借券(TWT93U)=1|法人(T86)=1",454,inf,250.0,official_prepanel,15278.6,305.0,0.0,5.0,0,1,9.962,8.812,1.916,20007.0,0,未扣成本·事後欄位以 m_ 標示·非投資建議
HO,4,2024-06-14,2024-06-17,8374,羅昇,TWSE,R,R_core,fCD,R0_combo@5,3,36,命中,9,0.820942,4.0,atr14=0.991|n_lu_250=0.920|r20=1.000|c_ma120=0.997|vr20=0.362|days_since_lu=0.020|dt_ratio20=NaN|lend_to_v=0.051|rev_yoy=0.326|o_turn=0.631|o_log_mcap=0.418|o_lu_follow=1.000,"官方日成交結構(MI_INDEX/dailyQuotes)=1|發行股數(MI_QFIIS/dailyQuotes)=1|外資持股(MI_QFIIS,僅上市)=1|自營商(T86/上櫃三大法人)=1|當沖(TWTB4U/上櫃intraday)=0|季財報(MOPS t163sb04)=1|月營收(MOPS/openapi)=1|官方產業別(MOPS t05st03)=1|融資券(MI_MARGN)=1|借券(TWT93U)=1|法人(T86)=1",464,inf,250.0,official_prepanel,1964.35,19.0,1.0,0.0,0,1,8.345,14.911,12.449,1683.0,1,未扣成本·事後欄位以 m_ 標示·非投資建議
HO,4,2024-06-27,2024-06-28,8374,羅昇,TWSE,R,R_core,fCD,R0_combo@5,2,38,命中,5,0.842105,4.0,atr14=0.996|n_lu_250=0.942|r20=0.988|c_ma120=0.998|vr20=0.680|days_since_lu=0.058|dt_ratio20=NaN|lend_to_v=0.047|rev_yoy=0.325|o_turn=0.889|o_log_mcap=0.432|o_lu_follow=1.000,"官方日成交結構(MI_INDEX/dailyQuotes)=1|發行股數(MI_QFIIS/dailyQuotes)=1|外資持股(MI_QFIIS,僅上市)=1|自營商(T86/上櫃三大法人)=1|當沖(TWTB4U/上櫃intraday)=1|季財報(MOPS t163sb04)=1|月營收(MOPS/openapi)=1|官方產業別(MOPS t05st03)=1|融資券(MI_MARGN)=1|借券(TWT93U)=1|法人(T86)=1",473,inf,250.0,official_prepanel,3530.65,70.0,0.0,1.0,0,1,10.484,60.618,43.518,2734.0,0,未扣成本·事後欄位以 m_ 標示·非投資建議
HO,4,2024-06-28,2024-07-01,5484,慧友,TWSE,R,R_core,fCD,R0_combo@5,1,37,命中,2,0.925676,4.0,atr14=0.991|n_lu_250=0.955|r20=1.000|c_ma120=1.000|vr20=0.600|days_since_lu=0.054|dt_ratio20=NaN|lend_to_v=0.017|rev_yoy=0.940|o_turn=0.799|o_log_mcap=0.266|o_lu_follow=1.000,"官方日成交結構(MI_INDEX/dailyQuotes)=1|發行股數(MI_QFIIS/dailyQuotes)=1|外資持股(MI_QFIIS,僅上市)=1|自營商(T86/上櫃三大法人)=1|當沖(TWTB4U/上櫃intraday)=0|季財報(MOPS t163sb04)=1|月營收(MOPS/openapi)=1|官方產業別(MOPS t05st03)=1|融資券(MI_MARGN)=1|借券(TWT93U)=1|法人(T86)=1",474,inf,250.0,official_prepanel,1505.9,15.0,1.0,1.0,0,1,15.954,68.803,5.128,4861.0,0,未扣成本·事後欄位以 m_ 標示·非投資建議
HO,5,2024-07-02,2024-07-03,4562,穎漢,TWSE,R,R_core,fCD,R0_combo@5,4,42,命中,8,0.748962,4.0,atr14=0.995|n_lu_250=0.986|r20=0.898|c_ma120=1.000|vr20=0.937|days_since_lu=0.005|dt_ratio20=0.997|lend_to_v=0.037|rev_yoy=0.591|o_turn=1.000|o_log_mcap=0.259|o_lu_follow=1.000,"官方日成交結構(MI_INDEX/dailyQuotes)=1|發行股數(MI_QFIIS/dailyQuotes)=1|外資持股(MI_QFIIS,僅上市)=1|自營商(T86/上櫃三大法人)=1|當沖(TWTB4U/上櫃intraday)=1|季財報(MOPS t163sb04)=1|月營收(MOPS/openapi)=1|官方產業別(MOPS t05st03)=1|融資券(MI_MARGN)=1|借券(TWT93U)=1|法人(T86)=1",476,inf,250.0,official_prepanel,18199.8,363.0,0.0,1.0,0,1,8.259,16.517,8.797,30477.0,0,未扣成本·事後欄位以 m_ 標示·非投資建議
HO,5,2024-07-03,2024-07-04,3535,晶彩科,TWSE,R,R_core,fCD,R0_combo@5,5,38,命中,8,0.787859,4.0,atr14=0.983|n_lu_250=0.918|r20=0.999|c_ma120=0.998|vr20=0.688|days_since_lu=0.018|dt_ratio20=0.977|lend_to_v=0.060|rev_yoy=0.982|o_turn=0.996|o_log_mcap=0.189|o_lu_follow=0.872,"官方日成交結構(MI_INDEX/dailyQuotes)=1|發行股數(MI_QFIIS/dailyQuotes)=1|外資持股(MI_QFIIS,僅上市)=1|自營商(T86/上櫃三大法人)=1|當沖(TWTB4U/上櫃intraday)=1|季財報(MOPS t163sb04)=1|月營收(MOPS/openapi)=1|官方產業別(MOPS t05st03)=1|融資券(MI_MARGN)=1|借券(TWT93U)=1|法人(T86)=1",477,inf,250.0,official_prepanel,14083.0,281.0,0.0,1.0,0,1,9.533,26.369,59.838,22727.0,0,未扣成本·事後欄位以 m_ 標示·非投資建議
HO,5,2024-07-09,2024-07-10,3535,晶彩科,TWSE,R,R_core,fCD,R0_combo@5,5,65,命中,10,0.860797,4.0,atr14=0.988|n_lu_250=0.941|r20=0.998|c_ma120=0.999|vr20=0.590|days_since_lu=0.030|dt_ratio20=0.984|lend_to_v=0.062|rev_yoy=0.983|o_turn=0.997|o_log_mcap=0.238|o_lu_follow=0.931,"官方日成交結構(MI_INDEX/dailyQuotes)=1|發行股數(MI_QFIIS/dailyQuotes)=1|外資持股(MI_QFIIS,僅上市)=1|自營商(T86/上櫃三大法人)=1|當沖(TWTB4U/上櫃intraday)=1|季財報(MOPS t163sb04)=1|月營收(MOPS/openapi)=1|官方產業別(MOPS t05st03)=1|融資券(MI_MARGN)=1|借券(TWT93U)=1|法人(T86)=1",481,inf,250.0,official_prepanel,18228.1,364.0,0.0,5.0,1,0,0.0,25.361,9.31,3714.0,0,未扣成本·事後欄位以 m_ 標示·非投資建議
HO,5,2024-07-09,2024-07-10,6442,光聖,TWSE,R,R_core,fCD,R0_combo@5,4,65,命中,4,0.880589,4.0,atr14=0.989|n_lu_250=0.997|r20=0.995|c_ma120=0.999|vr20=0.920|days_since_lu=0.030|dt_ratio20=NaN|lend_to_v=0.184|rev_yoy=0.951|o_turn=0.962|o_log_mcap=0.740|o_lu_follow=0.949,"官方日成交結構(MI_INDEX/dailyQuotes)=1|發行股數(MI_QFIIS/dailyQuotes)=1|外資持股(MI_QFIIS,僅上市)=1|自營商(T86/上櫃三大法人)=1|當沖(TWTB4U/上櫃intraday)=1|季財報(MOPS t163sb04)=1|月營收(MOPS/openapi)=1|官方產業別(MOPS t05st03)=1|融資券(MI_MARGN)=1|借券(TWT93U)=1|法人(T86)=1",481,inf,250.0,official_prepanel,2603.65,52.0,0.0,2.0,0,1,0.116,19.119,0.463,2423.0,0,未扣成本·事後欄位以 m_ 標示·非投資建議
HO,5,2024-07-16,2024-07-17,3073,天方能源,TPEx,R,R_core,fCD,R0_combo@5,1,60,命中,6,0.882456,4.0,atr14=0.995|n_lu_250=0.941|r20=1.000|c_ma120=0.998|vr20=0.993|days_since_lu=0.007|dt_ratio20=NaN|lend_to_v=0.047|rev_yoy=0.327|o_turn=0.977|o_log_mcap=0.099|o_lu_follow=1.000,"官方日成交結構(MI_INDEX/dailyQuotes)=1|發行股數(MI_QFIIS/dailyQuotes)=1|外資持股(MI_QFIIS,僅上市)=0|自營商(T86/上櫃三大法人)=1|當沖(TWTB4U/上櫃intraday)=1|季財報(MOPS t163sb04)=1|月營收(MOPS/openapi)=1|官方產業別(MOPS t05st03)=1|融資券(MI_MARGN)=1|借券(TWT93U)=1|法人(T86)=1",486,inf,250.0,official_prepanel,559.9,11.0,0.0,1.0,0,1,5.897,26.725,9.536,1728.0,0,未扣成本·事後欄位以 m_ 標示·非投資建議
HO,5,2024-08-06,2024-08-07,8374,羅昇,TWSE,R,R_core,fCD,R0_combo@5,5,27,命中,115,0.731125,4.0,atr14=0.989|n_lu_250=0.990|r20=0.239|c_ma120=0.999|vr20=0.977|days_since_lu=0.001|dt_ratio20=NaN|lend_to_v=0.057|rev_yoy=0.407|o_turn=0.988|o_log_mcap=0.564|o_lu_follow=0.999,"官方日成交結構(MI_INDEX/dailyQuotes)=1|發行股數(MI_QFIIS/dailyQuotes)=1|外資持股(MI_QFIIS,僅上市)=1|自營商(T86/上櫃三大法人)=1|當沖(TWTB4U/上櫃intraday)=1|季財報(MOPS t163sb04)=1|月營收(MOPS/openapi)=1|官方產業別(MOPS t05st03)=1|融資券(MI_MARGN)=1|借券(TWT93U)=1|法人(T86)=1",499,inf,250.0,official_prepanel,5672.25,113.0,0.0,1.0,0,1,7.843,31.863,47.059,5906.0,0,未扣成本·事後欄位以 m_ 標示·非投資建議
HO,5,2024-08-12,2024-08-13,8374,羅昇,TWSE,R,R_core,fCD,R0_combo@5,1,26,命中,1,0.874615,4.0,atr14=0.999|n_lu_250=0.996|r20=0.982|c_ma120=0.999|vr20=0.994|days_since_lu=0.014|dt_ratio20=NaN|lend_to_v=0.043|rev_yoy=0.402|o_turn=1.000|o_log_mcap=0.583|o_lu_follow=1.000,"官方日成交結構(MI_INDEX/dailyQuotes)=1|發行股數(MI_QFIIS/dailyQuotes)=1|外資持股(MI_QFIIS,僅上市)=1|自營商(T86/上櫃三大法人)=1|當沖(TWTB4U/上櫃intraday)=1|季財報(MOPS t163sb04)=1|月營收(MOPS/openapi)=1|官方產業別(MOPS t05st03)=1|融資券(MI_MARGN)=1|借券(TWT93U)=1|法人(T86)=1",503,inf,250.0,official_prepanel,9154.1,183.0,0.0,3.0,0,1,8.032,24.498,8.434,13613.0,0,未扣成本·事後欄位以 m_ 標示·非投資建議
HO,5,2024-08-16,2024-08-19,3230,錦明,TPEx,R,R_core,fCD,R0_combo@5,2,30,命中,3,0.882759,4.0,atr14=0.968|n_lu_250=0.992|r20=0.998|c_ma120=1.000|vr20=0.737|days_since_lu=0.006|dt_ratio20=NaN|lend_to_v=0.019|rev_yoy=0.039|o_turn=0.930|o_log_mcap=0.088|o_lu_follow=0.926,"官方日成交結構(MI_INDEX/dailyQuotes)=1|發行股數(MI_QFIIS/dailyQuotes)=1|外資持股(MI_QFIIS,僅上市)=0|自營商(T86/上櫃三大法人)=1|當沖(TWTB4U/上櫃intraday)=0|季財報(MOPS t163sb04)=1|月營收(MOPS/openapi)=1|官方產業別(MOPS t05st03)=1|融資券(MI_MARGN)=1|借券(TWT93U)=1|法人(T86)=1",507,inf,250.0,official_prepanel,2970.7,29.0,1.0,3.0,0,1,11.774,25.382,48.318,1697.0,1,未扣成本·事後欄位以 m_ 標示·非投資建議
HO,5,2024-09-11,2024-09-12,2070,精湛,TPEx,R,R_core,fCD,R0_combo@5,4,25,命中,13,0.735,4.0,atr14=0.926|n_lu_250=0.897|r20=0.996|c_ma120=0.995|vr20=0.956|days_since_lu=0.004|dt_ratio20=NaN|lend_to_v=0.052|rev_yoy=0.934|o_turn=0.999|o_log_mcap=0.137|o_lu_follow=0.980,"官方日成交結構(MI_INDEX/dailyQuotes)=1|發行股數(MI_QFIIS/dailyQuotes)=1|外資持股(MI_QFIIS,僅上市)=0|自營商(T86/上櫃三大法人)=1|當沖(TWTB4U/上櫃intraday)=1|季財報(MOPS t163sb04)=1|月營收(MOPS/openapi)=1|官方產業別(MOPS t05st03)=1|融資券(MI_MARGN)=1|借券(TWT93U)=1|法人(T86)=1",525,inf,250.0,official_prepanel,3208.35,64.0,0.0,0.0,0,1,9.937,31.447,29.56,9864.0,0,未扣成本·事後欄位以 m_ 標示·非投資建議
HO,5,2024-09-18,2024-09-19,2070,精湛,TPEx,R,R_core,fCD,R0_combo@5,5,22,命中,9,0.704545,4.0,atr14=0.971|n_lu_250=0.942|r20=0.919|c_ma120=0.998|vr20=0.971|days_since_lu=0.005|dt_ratio20=NaN|lend_to_v=0.039|rev_yoy=0.934|o_turn=0.999|o_log_mcap=0.159|o_lu_follow=0.988,"官方日成交結構(MI_INDEX/dailyQuotes)=1|發行股數(MI_QFIIS/dailyQuotes)=1|外資持股(MI_QFIIS,僅上市)=0|自營商(T86/上櫃三大法人)=1|當沖(TWTB4U/上櫃intraday)=1|季財報(MOPS t163sb04)=1|月營收(MOPS/openapi)=1|官方產業別(MOPS t05st03)=1|融資券(MI_MARGN)=1|借券(TWT93U)=1|法人(T86)=1",529,inf,250.0,official_prepanel,5058.35,101.0,0.0,2.0,0,1,8.854,9.375,9.375,15416.0,0,未扣成本·事後欄位以 m_ 標示·非投資建議
HO,5,2024-09-19,2024-09-20,6405,悅城,TWSE,R,R_core,fCD,R0_combo@5,2,22,命中,20,0.755682,4.0,atr14=0.998|n_lu_250=0.832|r20=0.998|c_ma120=0.954|vr20=0.113|days_since_lu=0.034|dt_ratio20=0.972|lend_to_v=0.089|rev_yoy=0.022|o_turn=0.902|o_log_mcap=0.075|o_lu_follow=0.831,"官方日成交結構(MI_INDEX/dailyQuotes)=1|發行股數(MI_QFIIS/dailyQuotes)=1|外資持股(MI_QFIIS,僅上市)=1|自營商(T86/上櫃三大法人)=1|當沖(TWTB4U/上櫃intraday)=1|季財報(MOPS t163sb04)=1|月營收(MOPS/openapi)=1|官方產業別(MOPS t05st03)=1|融資券(MI_MARGN)=1|借券(TWT93U)=1|法人(T86)=1",530,inf,250.0,official_prepanel,8013.05,160.0,0.0,0.0,0,1,7.49,14.286,22.607,4506.0,0,未扣成本·事後欄位以 m_ 標示·非投資建議
HO,5,2024-09-20,2024-09-23,3550,聯穎,TWSE,R,R_core,fCD,R0_combo@5,1,28,命中,22,0.763393,4.0,atr14=0.989|n_lu_250=0.802|r20=0.995|c_ma120=0.974|vr20=0.652|days_since_lu=0.038|dt_ratio20=NaN|lend_to_v=0.042|rev_yoy=0.154|o_turn=0.984|o_log_mcap=0.060|o_lu_follow=0.998,"官方日成交結構(MI_INDEX/dailyQuotes)=1|發行股數(MI_QFIIS/dailyQuotes)=1|外資持股(MI_QFIIS,僅上市)=1|自營商(T86/上櫃三大法人)=1|當沖(TWTB4U/上櫃intraday)=1|季財報(MOPS t163sb04)=1|月營收(MOPS/openapi)=1|官方產業別(MOPS t05st03)=1|融資券(MI_MARGN)=1|借券(TWT93U)=1|法人(T86)=1",531,inf,250.0,official_prepanel,11655.3,233.0,0.0,1.0,0,1,9.016,10.246,7.582,15660.0,0,未扣成本·事後欄位以 m_ 標示·非投資建議
HO,5,2024-09-30,2024-10-01,4903,聯光通,TPEx,R,R_core,fCD,R0_combo@5,4,44,命中,5,0.821023,4.0,atr14=0.992|n_lu_250=0.928|r20=0.996|c_ma120=0.983|vr20=0.828|days_since_lu=0.045|dt_ratio20=NaN|lend_to_v=0.043|rev_yoy=0.901|o_turn=0.988|o_log_mcap=0.200|o_lu_follow=0.515,"官方日成交結構(MI_INDEX/dailyQuotes)=1|發行股數(MI_QFIIS/dailyQuotes)=1|外資持股(MI_QFIIS,僅上市)=0|自營商(T86/上櫃三大法人)=1|當沖(TWTB4U/上櫃intraday)=1|季財報(MOPS t163sb04)=1|月營收(MOPS/openapi)=1|官方產業別(MOPS t05st03)=1|融資券(MI_MARGN)=1|借券(TWT93U)=1|法人(T86)=1",537,inf,250.0,official_prepanel,9168.1,183.0,0.0,2.0,0,1,7.403,38.961,39.481,23326.0,0,未扣成本·事後欄位以 m_ 標示·非投資建議
HO,6,2024-10-23,2024-10-24,8032,光菱,TPEx,R,R_core,fCD,R0_combo@5,4,20,命中,17,0.699342,4.0,atr14=0.997|n_lu_250=0.873|r20=0.976|c_ma120=0.996|vr20=0.901|days_since_lu=0.020|dt_ratio20=NaN|lend_to_v=0.040|rev_yoy=0.849|o_turn=0.987|o_log_mcap=0.135|o_lu_follow=0.997,"官方日成交結構(MI_INDEX/dailyQuotes)=1|發行股數(MI_QFIIS/dailyQuotes)=1|外資持股(MI_QFIIS,僅上市)=0|自營商(T86/上櫃三大法人)=1|當沖(TWTB4U/上櫃intraday)=1|季財報(MOPS t163sb04)=1|月營收(MOPS/openapi)=1|官方產業別(MOPS t05st03)=1|融資券(MI_MARGN)=1|借券(TWT93U)=1|法人(T86)=1",551,inf,250.0,official_prepanel,5521.15,110.0,0.0,3.0,0,1,11.13,19.304,48.696,6965.0,0,未扣成本·事後欄位以 m_ 標示·非投資建議
HO,6,2024-10-28,2024-10-29,1595,川寶,TPEx,R,R_core,fCD,R0_combo@5,2,24,命中,15,0.768569,4.0,atr14=1.000|n_lu_250=0.856|r20=1.000|c_ma120=0.992|vr20=0.266|days_since_lu=0.055|dt_ratio20=NaN|lend_to_v=0.041|rev_yoy=0.193|o_turn=0.985|o_log_mcap=0.142|o_lu_follow=0.977,"官方日成交結構(MI_INDEX/dailyQuotes)=1|發行股數(MI_QFIIS/dailyQuotes)=1|外資持股(MI_QFIIS,僅上市)=0|自營商(T86/上櫃三大法人)=1|當沖(TWTB4U/上櫃intraday)=1|季財報(MOPS t163sb04)=1|月營收(MOPS/openapi)=1|官方產業別(MOPS t05st03)=1|融資券(MI_MARGN)=1|借券(TWT93U)=1|法人(T86)=1",554,inf,250.0,official_prepanel,12490.15,249.0,0.0,3.0,0,1,10.062,1.548,-13.932,9403.0,0,未扣成本·事後欄位以 m_ 標示·非投資建議
HO,6,2024-12-26,2024-12-27,5314,世紀*,TPEx,R,R_core,fCD,R0_combo@5,1,20,命中,1,0.8625,4.0,atr14=0.958|n_lu_250=1.000|r20=0.998|c_ma120=1.000|vr20=0.894|days_since_lu=0.023|dt_ratio20=NaN|lend_to_v=0.025|rev_yoy=0.986|o_turn=0.958|o_log_mcap=0.403|o_lu_follow=0.934,"官方日成交結構(MI_INDEX/dailyQuotes)=1|發行股數(MI_QFIIS/dailyQuotes)=1|外資持股(MI_QFIIS,僅上市)=0|自營商(T86/上櫃三大法人)=1|當沖(TWTB4U/上櫃intraday)=1|季財報(MOPS t163sb04)=1|月營收(MOPS/openapi)=1|官方產業別(MOPS t05st03)=1|融資券(MI_MARGN)=1|借券(TWT93U)=1|法人(T86)=1",596,inf,250.0,official_prepanel,626.8,12.0,0.0,2.0,0,1,7.317,19.837,25.854,1825.0,0,未扣成本·事後欄位以 m_ 標示·非投資建議
HO,1,2023-09-05,2023-09-06,4944,,TPEx,R,R_core,fCD,R1@5,1,15,命中,4,-1.694751,,atr14=0.993|n_lu_250=0.983|r20=0.999|c_ma120=0.977|vr20=0.698|days_since_lu=0.054|dt_ratio20=NaN|lend_to_v=0.012|rev_yoy=NaN|o_turn=0.724|o_log_mcap=0.002|o_lu_follow=0.998,"官方日成交結構(MI_INDEX/dailyQuotes)=1|發行股數(MI_QFIIS/dailyQuotes)=1|外資持股(MI_QFIIS,僅上市)=0|自營商(T86/上櫃三大法人)=0|當沖(TWTB4U/上櫃intraday)=0|季財報(MOPS t163sb04)=0|月營收(MOPS/openapi)=0|官方產業別(MOPS t05st03)=0|融資券(MI_MARGN)=1|借券(TWT93U)=1|法人(T86)=0",277,inf,250.0,fallback_prepanel,544.45,5.0,1.0,0.0,0,1,10.671,8.537,-8.232,712.0,1,未扣成本·事後欄位以 m_ 標示·非投資建議
HO,1,2023-09-28,2023-10-02,6451,訊芯-KY,TWSE,R,R_core,fCD,R1@5,4,9,命中,9,-2.804313,,atr14=0.994|n_lu_250=0.884|r20=0.990|c_ma120=0.960|vr20=0.828|days_since_lu=0.045|dt_ratio20=0.989|lend_to_v=0.072|rev_yoy=0.346|o_turn=0.970|o_log_mcap=0.580|o_lu_follow=0.999,"官方日成交結構(MI_INDEX/dailyQuotes)=1|發行股數(MI_QFIIS/dailyQuotes)=1|外資持股(MI_QFIIS,僅上市)=1|自營商(T86/上櫃三大法人)=1|當沖(TWTB4U/上櫃intraday)=1|季財報(MOPS t163sb04)=1|月營收(MOPS/openapi)=1|官方產業別(MOPS t05st03)=1|融資券(MI_MARGN)=1|借券(TWT93U)=1|法人(T86)=1",294,inf,250.0,official_prepanel,7015.55,140.0,0.0,2.0,0,1,8.394,14.964,9.854,8744.0,0,未扣成本·事後欄位以 m_ 標示·非投資建議
HO,2,2023-10-12,2023-10-13,6530,創威,TPEx,R,R_core,fCD,R1@5,5,21,命中,9,-2.386891,,atr14=0.995|n_lu_250=0.921|r20=0.996|c_ma120=0.975|vr20=0.932|days_since_lu=0.011|dt_ratio20=NaN|lend_to_v=0.042|rev_yoy=0.477|o_turn=0.996|o_log_mcap=0.026|o_lu_follow=0.961,"官方日成交結構(MI_INDEX/dailyQuotes)=1|發行股數(MI_QFIIS/dailyQuotes)=1|外資持股(MI_QFIIS,僅上市)=0|自營商(T86/上櫃三大法人)=1|當沖(TWTB4U/上櫃intraday)=1|季財報(MOPS t163sb04)=1|月營收(MOPS/openapi)=1|官方產業別(MOPS t05st03)=1|融資券(MI_MARGN)=1|借券(TWT93U)=1|法人(T86)=1",301,inf,250.0,official_prepanel,2994.4,59.0,0.0,0.0,0,1,11.622,45.594,36.909,6556.0,0,未扣成本·事後欄位以 m_ 標示·非投資建議
HO,2,2023-11-15,2023-11-16,2739,寒舍,TWSE,R,R_core,fCD,R1@5,4,12,命中,52,-1.918644,,atr14=0.915|n_lu_250=0.984|r20=0.994|c_ma120=0.560|vr20=0.704|days_since_lu=0.017|dt_ratio20=NaN|lend_to_v=0.015|rev_yoy=0.776|o_turn=0.715|o_log_mcap=0.284|o_lu_follow=0.892,"官方日成交結構(MI_INDEX/dailyQuotes)=1|發行股數(MI_QFIIS/dailyQuotes)=1|外資持股(MI_QFIIS,僅上市)=1|自營商(T86/上櫃三大法人)=1|當沖(TWTB4U/上櫃intraday)=0|季財報(MOPS t163sb04)=1|月營收(MOPS/openapi)=1|官方產業別(MOPS t05st03)=1|融資券(MI_MARGN)=1|借券(TWT93U)=1|法人(T86)=1",325,inf,250.0,official_prepanel,898.45,17.0,0.0,3.0,0,1,5.829,12.75,4.918,4013.0,0,未扣成本·事後欄位以 m_ 標示·非投資建議
HO,2,2023-12-07,2023-12-08,5432,新門,TPEx,R,R_core,fCD,R1@5,3,24,命中,2,-2.628122,,atr14=0.995|n_lu_250=0.999|r20=0.987|c_ma120=0.992|vr20=0.919|days_since_lu=0.011|dt_ratio20=NaN|lend_to_v=0.035|rev_yoy=0.335|o_turn=0.965|o_log_mcap=0.078|o_lu_follow=0.944,"官方日成交結構(MI_INDEX/dailyQuotes)=1|發行股數(MI_QFIIS/dailyQuotes)=1|外資持股(MI_QFIIS,僅上市)=0|自營商(T86/上櫃三大法人)=1|當沖(TWTB4U/上櫃intraday)=1|季財報(MOPS t163sb04)=1|月營收(MOPS/openapi)=1|官方產業別(MOPS t05st03)=1|融資券(MI_MARGN)=1|借券(TWT93U)=1|法人(T86)=1",341,inf,250.0,official_prepanel,1044.8,20.0,0.0,3.0,0,1,6.713,22.244,24.248,1208.0,0,未扣成本·事後欄位以 m_ 標示·非投資建議
HO,2,2023-12-15,2023-12-18,5314,世紀*,TPEx,R,R_core,fCD,R1@5,2,28,命中,14,-1.848278,,atr14=0.992|n_lu_250=0.998|r20=0.850|c_ma120=0.998|vr20=0.966|days_since_lu=0.012|dt_ratio20=NaN|lend_to_v=0.017|rev_yoy=0.994|o_turn=0.973|o_log_mcap=0.005|o_lu_follow=0.993,"官方日成交結構(MI_INDEX/dailyQuotes)=1|發行股數(MI_QFIIS/dailyQuotes)=1|外資持股(MI_QFIIS,僅上市)=0|自營商(T86/上櫃三大法人)=1|當沖(TWTB4U/上櫃intraday)=1|季財報(MOPS t163sb04)=1|月營收(MOPS/openapi)=1|官方產業別(MOPS t05st03)=1|融資券(MI_MARGN)=1|借券(TWT93U)=1|法人(T86)=1",347,inf,250.0,official_prepanel,301.35,6.0,0.0,0.0,0,1,10.853,21.24,19.38,844.0,0,未扣成本·事後欄位以 m_ 標示·非投資建議
HO,2,2023-12-29,2024-01-02,3086,華義*,TPEx,R,R_core,fCD,R1@5,4,10,命中,3,-2.983525,,atr14=0.998|n_lu_250=0.966|r20=0.995|c_ma120=0.996|vr20=0.789|days_since_lu=0.027|dt_ratio20=NaN|lend_to_v=0.039|rev_yoy=0.917|o_turn=0.949|o_log_mcap=0.164|o_lu_follow=0.981,"官方日成交結構(MI_INDEX/dailyQuotes)=1|發行股數(MI_QFIIS/dailyQuotes)=1|外資持股(MI_QFIIS,僅上市)=0|自營商(T86/上櫃三大法人)=1|當沖(TWTB4U/上櫃intraday)=1|季財報(MOPS t163sb04)=1|月營收(MOPS/openapi)=1|官方產業別(MOPS t05st03)=1|融資券(MI_MARGN)=1|借券(TWT93U)=1|法人(T86)=1",357,inf,250.0,official_prepanel,1217.5,24.0,0.0,3.0,0,1,9.363,26.217,12.36,1236.0,0,未扣成本·事後欄位以 m_ 標示·非投資建議
HO,3,2024-01-02,2024-01-03,1732,毛寶,TWSE,R,R_core,fCD,R1@5,5,9,命中,213,-2.261041,,atr14=0.952|n_lu_250=0.669|r20=0.427|c_ma120=0.829|vr20=0.010|days_since_lu=0.034|dt_ratio20=0.998|lend_to_v=0.045|rev_yoy=0.567|o_turn=0.806|o_log_mcap=0.020|o_lu_follow=0.908,"官方日成交結構(MI_INDEX/dailyQuotes)=1|發行股數(MI_QFIIS/dailyQuotes)=1|外資持股(MI_QFIIS,僅上市)=1|自營商(T86/上櫃三大法人)=1|當沖(TWTB4U/上櫃intraday)=1|季財報(MOPS t163sb04)=1|月營收(MOPS/openapi)=1|官方產業別(MOPS t05st03)=1|融資券(MI_MARGN)=1|借券(TWT93U)=1|法人(T86)=1",358,inf,250.0,official_prepanel,4548.85,90.0,0.0,0.0,0,1,6.825,7.302,6.667,3880.0,0,未扣成本·事後欄位以 m_ 標示·非投資建議
HO,3,2024-01-17,2024-01-18,3623,富晶通,TPEx,R,R_core,fCD,R1@5,4,22,命中,35,-1.262767,,atr14=0.966|n_lu_250=0.970|r20=0.843|c_ma120=0.949|vr20=0.797|days_since_lu=0.015|dt_ratio20=NaN|lend_to_v=0.101|rev_yoy=0.697|o_turn=0.985|o_log_mcap=0.011|o_lu_follow=0.846,"官方日成交結構(MI_INDEX/dailyQuotes)=1|發行股數(MI_QFIIS/dailyQuotes)=1|外資持股(MI_QFIIS,僅上市)=0|自營商(T86/上櫃三大法人)=1|當沖(TWTB4U/上櫃intraday)=1|季財報(MOPS t163sb04)=1|月營收(MOPS/openapi)=1|官方產業別(MOPS t05st03)=1|融資券(MI_MARGN)=1|借券(TWT93U)=1|法人(T86)=1",369,inf,250.0,official_prepanel,1664.65,33.0,0.0,0.0,0,1,9.168,23.836,27.504,6334.0,0,未扣成本·事後欄位以 m_ 標示·非投資建議
HO,3,2024-01-23,2024-01-24,3354,律勝,TPEx,R,R_core,fCD,R1@5,4,23,命中,35,-1.239114,,atr14=0.989|n_lu_250=0.838|r20=0.991|c_ma120=0.974|vr20=0.989|days_since_lu=0.006|dt_ratio20=NaN|lend_to_v=0.044|rev_yoy=0.836|o_turn=0.993|o_log_mcap=0.032|o_lu_follow=0.941,"官方日成交結構(MI_INDEX/dailyQuotes)=1|發行股數(MI_QFIIS/dailyQuotes)=1|外資持股(MI_QFIIS,僅上市)=0|自營商(T86/上櫃三大法人)=1|當沖(TWTB4U/上櫃intraday)=1|季財報(MOPS t163sb04)=1|月營收(MOPS/openapi)=1|官方產業別(MOPS t05st03)=1|融資券(MI_MARGN)=1|借券(TWT93U)=1|法人(T86)=1",373,inf,250.0,official_prepanel,1784.05,35.0,0.0,2.0,0,1,9.33,18.9,20.096,4419.0,0,未扣成本·事後欄位以 m_ 標示·非投資建議
HO,3,2024-02-15,2024-02-16,4529,淳紳,TPEx,R,R_core,fCD,R1@5,1,28,命中,5,-1.579281,,atr14=0.996|n_lu_250=0.959|r20=0.998|c_ma120=0.962|vr20=0.299|days_since_lu=0.026|dt_ratio20=NaN|lend_to_v=0.015|rev_yoy=0.967|o_turn=0.773|o_log_mcap=0.021|o_lu_follow=0.999,"官方日成交結構(MI_INDEX/dailyQuotes)=1|發行股數(MI_QFIIS/dailyQuotes)=1|外資持股(MI_QFIIS,僅上市)=0|自營商(T86/上櫃三大法人)=1|當沖(TWTB4U/上櫃intraday)=0|季財報(MOPS t163sb04)=1|月營收(MOPS/openapi)=1|官方產業別(MOPS t05st03)=1|融資券(MI_MARGN)=1|借券(TWT93U)=1|法人(T86)=1",383,inf,250.0,official_prepanel,1954.2,39.0,0.0,0.0,0,1,11.538,10.49,8.741,1540.0,0,未扣成本·事後欄位以 m_ 標示·非投資建議
HO,3,2024-03-11,2024-03-12,9902,台火,TWSE,R,R_core,fCD,R1@5,2,45,命中,245,-1.692789,,atr14=0.488|n_lu_250=0.679|r20=0.863|c_ma120=0.810|vr20=0.998|days_since_lu=0.001|dt_ratio20=0.869|lend_to_v=0.158|rev_yoy=0.004|o_turn=0.990|o_log_mcap=0.040|o_lu_follow=0.904,"官方日成交結構(MI_INDEX/dailyQuotes)=1|發行股數(MI_QFIIS/dailyQuotes)=1|外資持股(MI_QFIIS,僅上市)=1|自營商(T86/上櫃三大法人)=1|當沖(TWTB4U/上櫃intraday)=1|季財報(MOPS t163sb04)=1|月營收(MOPS/openapi)=1|官方產業別(MOPS t05st03)=1|融資券(MI_MARGN)=1|借券(TWT93U)=1|法人(T86)=1",399,inf,250.0,official_prepanel,1410.15,28.0,0.0,1.0,0,1,9.428,6.061,4.377,6076.0,0,未扣成本·事後欄位以 m_ 標示·非投資建議
HO,3,2024-03-15,2024-03-18,6735,美達科技,TPEx,R,R_core,fCD,R1@5,3,43,命中,19,-1.44457,,atr14=0.997|n_lu_250=0.944|r20=0.911|c_ma120=0.978|vr20=0.710|days_since_lu=0.036|dt_ratio20=NaN|lend_to_v=0.057|rev_yoy=0.962|o_turn=0.906|o_log_mcap=0.244|o_lu_follow=0.872,"官方日成交結構(MI_INDEX/dailyQuotes)=1|發行股數(MI_QFIIS/dailyQuotes)=1|外資持股(MI_QFIIS,僅上市)=0|自營商(T86/上櫃三大法人)=1|當沖(TWTB4U/上櫃intraday)=1|季財報(MOPS t163sb04)=1|月營收(MOPS/openapi)=1|官方產業別(MOPS t05st03)=1|融資券(MI_MARGN)=1|借券(TWT93U)=1|法人(T86)=1",403,inf,250.0,official_prepanel,1210.1,24.0,0.0,1.0,0,1,8.696,17.391,16.304,898.0,0,未扣成本·事後欄位以 m_ 標示·非投資建議
HO,4,2024-04-18,2024-04-19,6264,富裔,TPEx,R,R_core,fCD,R1@5,4,35,命中,92,-1.519705,,atr14=0.905|n_lu_250=0.675|r20=0.959|c_ma120=0.889|vr20=0.990|days_since_lu=0.011|dt_ratio20=NaN|lend_to_v=0.016|rev_yoy=0.871|o_turn=0.873|o_log_mcap=0.007|o_lu_follow=0.895,"官方日成交結構(MI_INDEX/dailyQuotes)=1|發行股數(MI_QFIIS/dailyQuotes)=1|外資持股(MI_QFIIS,僅上市)=0|自營商(T86/上櫃三大法人)=1|當沖(TWTB4U/上櫃intraday)=0|季財報(MOPS t163sb04)=0|月營收(MOPS/openapi)=1|官方產業別(MOPS t05st03)=1|融資券(MI_MARGN)=1|借券(TWT93U)=1|法人(T86)=1",425,inf,250.0,official_prepanel,577.25,11.0,0.0,1.0,0,1,8.911,26.733,60.891,2312.0,0,未扣成本·事後欄位以 m_ 標示·非投資建議
HO,4,2024-04-23,2024-04-24,6230,尼得科超眾,TWSE,R,R_core,fCD,R1@5,1,40,命中,19,-1.031279,,atr14=0.955|n_lu_250=0.959|r20=0.929|c_ma120=0.983|vr20=0.981|days_since_lu=0.015|dt_ratio20=NaN|lend_to_v=0.205|rev_yoy=0.078|o_turn=0.935|o_log_mcap=0.682|o_lu_follow=0.989,"官方日成交結構(MI_INDEX/dailyQuotes)=1|發行股數(MI_QFIIS/dailyQuotes)=1|外資持股(MI_QFIIS,僅上市)=1|自營商(T86/上櫃三大法人)=1|當沖(TWTB4U/上櫃intraday)=1|季財報(MOPS t163sb04)=1|月營收(MOPS/openapi)=1|官方產業別(MOPS t05st03)=1|融資券(MI_MARGN)=1|借券(TWT93U)=1|法人(T86)=1",428,inf,250.0,official_prepanel,844.9,16.0,0.0,2.0,0,1,5.672,36.345,35.504,1041.0,0,未扣成本·事後欄位以 m_ 標示·非投資建議
HO,4,2024-04-24,2024-04-25,6264,富裔,TPEx,R,R_core,fCD,R1@5,3,30,命中,30,-1.605371,,atr14=0.963|n_lu_250=0.791|r20=0.992|c_ma120=0.969|vr20=0.857|days_since_lu=0.012|dt_ratio20=NaN|lend_to_v=0.016|rev_yoy=0.867|o_turn=0.784|o_log_mcap=0.016|o_lu_follow=0.947,"官方日成交結構(MI_INDEX/dailyQuotes)=1|發行股數(MI_QFIIS/dailyQuotes)=1|外資持股(MI_QFIIS,僅上市)=0|自營商(T86/上櫃三大法人)=1|當沖(TWTB4U/上櫃intraday)=0|季財報(MOPS t163sb04)=0|月營收(MOPS/openapi)=1|官方產業別(MOPS t05st03)=1|融資券(MI_MARGN)=1|借券(TWT93U)=1|法人(T86)=1",429,inf,250.0,official_prepanel,1250.7,25.0,0.0,4.0,0,1,6.224,46.888,17.012,2797.0,0,未扣成本·事後欄位以 m_ 標示·非投資建議
HO,4,2024-05-10,2024-05-13,6419,京晨科,TPEx,R,R_core,fCD,R1@5,3,38,命中,3,-1.591445,,atr14=0.944|n_lu_250=0.989|r20=1.000|c_ma120=0.998|vr20=0.885|days_since_lu=0.003|dt_ratio20=NaN|lend_to_v=NaN|rev_yoy=0.980|o_turn=0.960|o_log_mcap=0.009|o_lu_follow=0.937,"官方日成交結構(MI_INDEX/dailyQuotes)=1|發行股數(MI_QFIIS/dailyQuotes)=1|外資持股(MI_QFIIS,僅上市)=0|自營商(T86/上櫃三大法人)=1|當沖(TWTB4U/上櫃intraday)=0|季財報(MOPS t163sb04)=1|月營收(MOPS/openapi)=1|官方產業別(MOPS t05st03)=1|融資券(MI_MARGN)=0|借券(TWT93U)=0|法人(T86)=1",440,inf,250.0,official_prepanel,450.35,4.0,1.0,5.0,0,1,1.744,44.103,38.974,627.0,1,未扣成本·事後欄位以 m_ 標示·非投資建議
HO,4,2024-05-15,2024-05-16,6264,富裔,TPEx,R,R_core,fCD,R1@5,1,30,命中,10,-0.886997,,atr14=1.000|n_lu_250=0.901|r20=0.991|c_ma120=0.974|vr20=0.158|days_since_lu=0.115|dt_ratio20=NaN|lend_to_v=0.016|rev_yoy=0.028|o_turn=0.649|o_log_mcap=0.029|o_lu_follow=0.996,"官方日成交結構(MI_INDEX/dailyQuotes)=1|發行股數(MI_QFIIS/dailyQuotes)=1|外資持股(MI_QFIIS,僅上市)=0|自營商(T86/上櫃三大法人)=1|當沖(TWTB4U/上櫃intraday)=0|季財報(MOPS t163sb04)=0|月營收(MOPS/openapi)=1|官方產業別(MOPS t05st03)=1|融資券(MI_MARGN)=1|借券(TWT93U)=1|法人(T86)=1",443,inf,250.0,official_prepanel,2443.35,24.0,1.0,0.0,0,1,10.547,16.406,12.891,1384.0,0,未扣成本·事後欄位以 m_ 標示·非投資建議
HO,4,2024-05-24,2024-05-27,2613,中櫃,TWSE,R,R_core,fCD,R1@5,3,43,命中,34,-1.489432,,atr14=0.968|n_lu_250=0.812|r20=0.990|c_ma120=0.950|vr20=0.965|days_since_lu=0.004|dt_ratio20=0.965|lend_to_v=0.048|rev_yoy=0.392|o_turn=0.969|o_log_mcap=0.243|o_lu_follow=0.991,"官方日成交結構(MI_INDEX/dailyQuotes)=1|發行股數(MI_QFIIS/dailyQuotes)=1|外資持股(MI_QFIIS,僅上市)=1|自營商(T86/上櫃三大法人)=1|當沖(TWTB4U/上櫃intraday)=1|季財報(MOPS t163sb04)=1|月營收(MOPS/openapi)=1|官方產業別(MOPS t05st03)=1|融資券(MI_MARGN)=1|借券(TWT93U)=1|法人(T86)=1",450,inf,250.0,official_prepanel,4600.25,92.0,0.0,0.0,0,1,7.573,24.73,43.586,7532.0,0,未扣成本·事後欄位以 m_ 標示·非投資建議
HO,4,2024-05-30,2024-05-31,4160,訊聯基因,TPEx,R,R_core,fCD,R1@5,5,49,命中,7,-1.893819,,atr14=0.978|n_lu_250=0.958|r20=0.989|c_ma120=0.996|vr20=0.908|days_since_lu=0.010|dt_ratio20=NaN|lend_to_v=NaN|rev_yoy=0.755|o_turn=0.928|o_log_mcap=0.063|o_lu_follow=0.488,"官方日成交結構(MI_INDEX/dailyQuotes)=1|發行股數(MI_QFIIS/dailyQuotes)=1|外資持股(MI_QFIIS,僅上市)=0|自營商(T86/上櫃三大法人)=1|當沖(TWTB4U/上櫃intraday)=0|季財報(MOPS t163sb04)=1|月營收(MOPS/openapi)=1|官方產業別(MOPS t05st03)=1|融資券(MI_MARGN)=0|借券(TWT93U)=0|法人(T86)=1",454,inf,250.0,official_prepanel,687.85,13.0,0.0,0.0,0,1,5.412,7.882,1.882,1481.0,0,未扣成本·事後欄位以 m_ 標示·非投資建議
HO,4,2024-06-14,2024-06-17,3379,彬台,TPEx,R,R_core,fCD,R1@5,4,36,命中,30,-1.358745,,atr14=0.998|n_lu_250=0.848|r20=0.991|c_ma120=0.964|vr20=0.772|days_since_lu=0.020|dt_ratio20=NaN|lend_to_v=0.047|rev_yoy=0.969|o_turn=0.882|o_log_mcap=0.007|o_lu_follow=0.997,"官方日成交結構(MI_INDEX/dailyQuotes)=1|發行股數(MI_QFIIS/dailyQuotes)=1|外資持股(MI_QFIIS,僅上市)=0|自營商(T86/上櫃三大法人)=0|當沖(TWTB4U/上櫃intraday)=0|季財報(MOPS t163sb04)=1|月營收(MOPS/openapi)=1|官方產業別(MOPS t05st03)=1|融資券(MI_MARGN)=1|借券(TWT93U)=1|法人(T86)=0",464,inf,250.0,official_prepanel,1183.75,11.0,1.0,0.0,0,1,6.122,15.918,16.327,1679.0,1,未扣成本·事後欄位以 m_ 標示·非投資建議
HO,4,2024-06-18,2024-06-19,2438,翔耀,TWSE,R,R_core,fCD,R1@5,3,35,命中,34,-1.681505,,atr14=0.944|n_lu_250=0.849|r20=1.000|c_ma120=0.990|vr20=0.950|days_since_lu=0.007|dt_ratio20=NaN|lend_to_v=0.018|rev_yoy=0.957|o_turn=0.953|o_log_mcap=0.090|o_lu_follow=0.852,"官方日成交結構(MI_INDEX/dailyQuotes)=1|發行股數(MI_QFIIS/dailyQuotes)=1|外資持股(MI_QFIIS,僅上市)=1|自營商(T86/上櫃三大法人)=1|當沖(TWTB4U/上櫃intraday)=0|季財報(MOPS t163sb04)=1|月營收(MOPS/openapi)=1|官方產業別(MOPS t05st03)=1|融資券(MI_MARGN)=1|借券(TWT93U)=1|法人(T86)=1",466,inf,250.0,official_prepanel,1682.65,33.0,0.0,1.0,0,1,9.536,48.969,64.948,2404.0,0,未扣成本·事後欄位以 m_ 標示·非投資建議
HO,4,2024-06-26,2024-06-27,6895,宏碩系統,TPEx,R,R_core,fCD,R1@5,5,34,命中,2,-1.707392,,atr14=0.978|n_lu_250=0.848|r20=1.000|c_ma120=0.995|vr20=0.855|days_since_lu=0.006|dt_ratio20=NaN|lend_to_v=0.063|rev_yoy=0.168|o_turn=0.926|o_log_mcap=0.359|o_lu_follow=0.853,"官方日成交結構(MI_INDEX/dailyQuotes)=1|發行股數(MI_QFIIS/dailyQuotes)=1|外資持股(MI_QFIIS,僅上市)=0|自營商(T86/上櫃三大法人)=1|當沖(TWTB4U/上櫃intraday)=1|季財報(MOPS t163sb04)=1|月營收(MOPS/openapi)=1|官方產業別(MOPS t05st03)=1|融資券(MI_MARGN)=1|借券(TWT93U)=1|法人(T86)=1",206,206.0,206.0,official,945.05,18.0,0.0,2.0,0,1,9.62,33.165,37.722,1380.0,0,未扣成本·事後欄位以 m_ 標示·非投資建議
HO,5,2024-07-02,2024-07-03,4562,穎漢,TWSE,R,R_core,fCD,R1@5,4,42,命中,8,-1.344329,,atr14=0.995|n_lu_250=0.986|r20=0.898|c_ma120=1.000|vr20=0.937|days_since_lu=0.005|dt_ratio20=0.997|lend_to_v=0.037|rev_yoy=0.591|o_turn=1.000|o_log_mcap=0.259|o_lu_follow=1.000,"官方日成交結構(MI_INDEX/dailyQuotes)=1|發行股數(MI_QFIIS/dailyQuotes)=1|外資持股(MI_QFIIS,僅上市)=1|自營商(T86/上櫃三大法人)=1|當沖(TWTB4U/上櫃intraday)=1|季財報(MOPS t163sb04)=1|月營收(MOPS/openapi)=1|官方產業別(MOPS t05st03)=1|融資券(MI_MARGN)=1|借券(TWT93U)=1|法人(T86)=1",476,inf,250.0,official_prepanel,18199.8,363.0,0.0,1.0,0,1,8.259,16.517,8.797,30477.0,0,未扣成本·事後欄位以 m_ 標示·非投資建議
HO,5,2024-07-16,2024-07-17,3073,天方能源,TPEx,R,R_core,fCD,R1@5,1,60,命中,6,-0.207086,,atr14=0.995|n_lu_250=0.941|r20=1.000|c_ma120=0.998|vr20=0.993|days_since_lu=0.007|dt_ratio20=NaN|lend_to_v=0.047|rev_yoy=0.327|o_turn=0.977|o_log_mcap=0.099|o_lu_follow=1.000,"官方日成交結構(MI_INDEX/dailyQuotes)=1|發行股數(MI_QFIIS/dailyQuotes)=1|外資持股(MI_QFIIS,僅上市)=0|自營商(T86/上櫃三大法人)=1|當沖(TWTB4U/上櫃intraday)=1|季財報(MOPS t163sb04)=1|月營收(MOPS/openapi)=1|官方產業別(MOPS t05st03)=1|融資券(MI_MARGN)=1|借券(TWT93U)=1|法人(T86)=1",486,inf,250.0,official_prepanel,559.9,11.0,0.0,1.0,0,1,5.897,26.725,9.536,1728.0,0,未扣成本·事後欄位以 m_ 標示·非投資建議
HO,5,2024-07-22,2024-07-23,6228,全譜,TPEx,R,R_core,fCD,R1@5,3,54,命中,22,-0.957581,,atr14=0.951|n_lu_250=0.972|r20=0.947|c_ma120=0.990|vr20=0.997|days_since_lu=0.004|dt_ratio20=NaN|lend_to_v=0.040|rev_yoy=0.974|o_turn=0.986|o_log_mcap=0.025|o_lu_follow=0.847,"官方日成交結構(MI_INDEX/dailyQuotes)=1|發行股數(MI_QFIIS/dailyQuotes)=1|外資持股(MI_QFIIS,僅上市)=0|自營商(T86/上櫃三大法人)=1|當沖(TWTB4U/上櫃intraday)=1|季財報(MOPS t163sb04)=1|月營收(MOPS/openapi)=1|官方產業別(MOPS t05st03)=1|融資券(MI_MARGN)=1|借券(TWT93U)=1|法人(T86)=1",490,inf,250.0,official_prepanel,507.15,10.0,0.0,1.0,0,1,7.677,43.504,18.307,937.0,0,未扣成本·事後欄位以 m_ 標示·非投資建議
HO,5,2024-08-05,2024-08-06,4510,高鋒,TPEx,R,R_core,fCD,R1@5,1,33,命中,12,-0.814464,,atr14=0.934|n_lu_250=0.904|r20=1.000|c_ma120=0.997|vr20=1.000|days_since_lu=0.001|dt_ratio20=NaN|lend_to_v=0.098|rev_yoy=0.481|o_turn=1.000|o_log_mcap=0.237|o_lu_follow=0.999,"官方日成交結構(MI_INDEX/dailyQuotes)=1|發行股數(MI_QFIIS/dailyQuotes)=1|外資持股(MI_QFIIS,僅上市)=0|自營商(T86/上櫃三大法人)=1|當沖(TWTB4U/上櫃intraday)=1|季財報(MOPS t163sb04)=1|月營收(MOPS/openapi)=1|官方產業別(MOPS t05st03)=1|融資券(MI_MARGN)=1|借券(TWT93U)=1|法人(T86)=1",498,inf,250.0,official_prepanel,11093.5,221.0,0.0,1.0,0,1,2.297,1.757,10.541,52953.0,0,未扣成本·事後欄位以 m_ 標示·非投資建議
HO,5,2024-08-16,2024-08-19,3230,錦明,TPEx,R,R_core,fCD,R1@5,2,30,命中,3,-0.463406,,atr14=0.968|n_lu_250=0.992|r20=0.998|c_ma120=1.000|vr20=0.737|days_since_lu=0.006|dt_ratio20=NaN|lend_to_v=0.019|rev_yoy=0.039|o_turn=0.930|o_log_mcap=0.088|o_lu_follow=0.926,"官方日成交結構(MI_INDEX/dailyQuotes)=1|發行股數(MI_QFIIS/dailyQuotes)=1|外資持股(MI_QFIIS,僅上市)=0|自營商(T86/上櫃三大法人)=1|當沖(TWTB4U/上櫃intraday)=0|季財報(MOPS t163sb04)=1|月營收(MOPS/openapi)=1|官方產業別(MOPS t05st03)=1|融資券(MI_MARGN)=1|借券(TWT93U)=1|法人(T86)=1",507,inf,250.0,official_prepanel,2970.7,29.0,1.0,3.0,0,1,11.774,25.382,48.318,1697.0,1,未扣成本·事後欄位以 m_ 標示·非投資建議
HO,5,2024-09-11,2024-09-12,2070,精湛,TPEx,R,R_core,fCD,R1@5,3,25,命中,13,-1.592959,,atr14=0.926|n_lu_250=0.897|r20=0.996|c_ma120=0.995|vr20=0.956|days_since_lu=0.004|dt_ratio20=NaN|lend_to_v=0.052|rev_yoy=0.934|o_turn=0.999|o_log_mcap=0.137|o_lu_follow=0.980,"官方日成交結構(MI_INDEX/dailyQuotes)=1|發行股數(MI_QFIIS/dailyQuotes)=1|外資持股(MI_QFIIS,僅上市)=0|自營商(T86/上櫃三大法人)=1|當沖(TWTB4U/上櫃intraday)=1|季財報(MOPS t163sb04)=1|月營收(MOPS/openapi)=1|官方產業別(MOPS t05st03)=1|融資券(MI_MARGN)=1|借券(TWT93U)=1|法人(T86)=1",525,inf,250.0,official_prepanel,3208.35,64.0,0.0,0.0,0,1,9.937,31.447,29.56,9864.0,0,未扣成本·事後欄位以 m_ 標示·非投資建議
HO,5,2024-09-20,2024-09-23,3550,聯穎,TWSE,R,R_core,fCD,R1@5,4,28,命中,22,-0.672421,,atr14=0.989|n_lu_250=0.802|r20=0.995|c_ma120=0.974|vr20=0.652|days_since_lu=0.038|dt_ratio20=NaN|lend_to_v=0.042|rev_yoy=0.154|o_turn=0.984|o_log_mcap=0.060|o_lu_follow=0.998,"官方日成交結構(MI_INDEX/dailyQuotes)=1|發行股數(MI_QFIIS/dailyQuotes)=1|外資持股(MI_QFIIS,僅上市)=1|自營商(T86/上櫃三大法人)=1|當沖(TWTB4U/上櫃intraday)=1|季財報(MOPS t163sb04)=1|月營收(MOPS/openapi)=1|官方產業別(MOPS t05st03)=1|融資券(MI_MARGN)=1|借券(TWT93U)=1|法人(T86)=1",531,inf,250.0,official_prepanel,11655.3,233.0,0.0,1.0,0,1,9.016,10.246,7.582,15660.0,0,未扣成本·事後欄位以 m_ 標示·非投資建議
HO,6,2024-10-01,2024-10-04,2929,淘帝-KY,TWSE,R,R_core,fCD,R1@5,4,40,命中,121,-1.252939,,atr14=0.649|n_lu_250=0.659|r20=0.990|c_ma120=0.903|vr20=0.996|days_since_lu=0.002|dt_ratio20=0.849|lend_to_v=0.240|rev_yoy=0.243|o_turn=0.987|o_log_mcap=0.014|o_lu_follow=0.817,"官方日成交結構(MI_INDEX/dailyQuotes)=1|發行股數(MI_QFIIS/dailyQuotes)=1|外資持股(MI_QFIIS,僅上市)=1|自營商(T86/上櫃三大法人)=1|當沖(TWTB4U/上櫃intraday)=1|季財報(MOPS t163sb04)=1|月營收(MOPS/openapi)=1|官方產業別(MOPS t05st03)=1|融資券(MI_MARGN)=1|借券(TWT93U)=1|法人(T86)=1",538,inf,250.0,official_prepanel,1567.15,31.0,0.0,1.0,0,1,4.202,10.084,7.983,12638.0,0,未扣成本·事後欄位以 m_ 標示·非投資建議
HO,6,2024-10-11,2024-10-14,8032,光菱,TPEx,R,R_core,fCD,R1@5,1,28,命中,32,-0.082773,,atr14=0.987|n_lu_250=0.795|r20=0.994|c_ma120=0.976|vr20=0.992|days_since_lu=0.004|dt_ratio20=NaN|lend_to_v=0.035|rev_yoy=0.659|o_turn=0.997|o_log_mcap=0.087|o_lu_follow=0.998,"官方日成交結構(MI_INDEX/dailyQuotes)=1|發行股數(MI_QFIIS/dailyQuotes)=1|外資持股(MI_QFIIS,僅上市)=0|自營商(T86/上櫃三大法人)=1|當沖(TWTB4U/上櫃intraday)=1|季財報(MOPS t163sb04)=1|月營收(MOPS/openapi)=1|官方產業別(MOPS t05st03)=1|融資券(MI_MARGN)=1|借券(TWT93U)=1|法人(T86)=1",543,inf,250.0,official_prepanel,3383.8,67.0,0.0,0.0,0,1,9.278,16.838,60.825,8434.0,0,未扣成本·事後欄位以 m_ 標示·非投資建議
HO,6,2024-10-23,2024-10-24,5438,東友,TPEx,R,R_core,fCD,R1@5,3,20,命中,34,-0.749469,,atr14=0.999|n_lu_250=0.873|r20=0.860|c_ma120=0.975|vr20=0.518|days_since_lu=0.020|dt_ratio20=NaN|lend_to_v=0.044|rev_yoy=0.793|o_turn=0.877|o_log_mcap=0.153|o_lu_follow=0.988,"官方日成交結構(MI_INDEX/dailyQuotes)=1|發行股數(MI_QFIIS/dailyQuotes)=1|外資持股(MI_QFIIS,僅上市)=0|自營商(T86/上櫃三大法人)=1|當沖(TWTB4U/上櫃intraday)=1|季財報(MOPS t163sb04)=1|月營收(MOPS/openapi)=1|官方產業別(MOPS t05st03)=1|融資券(MI_MARGN)=1|借券(TWT93U)=1|法人(T86)=1",551,inf,250.0,official_prepanel,4579.55,91.0,0.0,1.0,0,1,10.49,32.168,45.629,11282.0,0,未扣成本·事後欄位以 m_ 標示·非投資建議
HO,6,2024-10-23,2024-10-24,8032,光菱,TPEx,R,R_core,fCD,R1@5,2,20,命中,17,-0.748124,,atr14=0.997|n_lu_250=0.873|r20=0.976|c_ma120=0.996|vr20=0.901|days_since_lu=0.020|dt_ratio20=NaN|lend_to_v=0.040|rev_yoy=0.849|o_turn=0.987|o_log_mcap=0.135|o_lu_follow=0.997,"官方日成交結構(MI_INDEX/dailyQuotes)=1|發行股數(MI_QFIIS/dailyQuotes)=1|外資持股(MI_QFIIS,僅上市)=0|自營商(T86/上櫃三大法人)=1|當沖(TWTB4U/上櫃intraday)=1|季財報(MOPS t163sb04)=1|月營收(MOPS/openapi)=1|官方產業別(MOPS t05st03)=1|融資券(MI_MARGN)=1|借券(TWT93U)=1|法人(T86)=1",551,inf,250.0,official_prepanel,5521.15,110.0,0.0,3.0,0,1,11.13,19.304,48.696,6965.0,0,未扣成本·事後欄位以 m_ 標示·非投資建議
HO,6,2024-10-28,2024-10-29,1595,川寶,TPEx,R,R_core,fCD,R1@5,2,24,命中,15,-0.917484,,atr14=1.000|n_lu_250=0.856|r20=1.000|c_ma120=0.992|vr20=0.266|days_since_lu=0.055|dt_ratio20=NaN|lend_to_v=0.041|rev_yoy=0.193|o_turn=0.985|o_log_mcap=0.142|o_lu_follow=0.977,"官方日成交結構(MI_INDEX/dailyQuotes)=1|發行股數(MI_QFIIS/dailyQuotes)=1|外資持股(MI_QFIIS,僅上市)=0|自營商(T86/上櫃三大法人)=1|當沖(TWTB4U/上櫃intraday)=1|季財報(MOPS t163sb04)=1|月營收(MOPS/openapi)=1|官方產業別(MOPS t05st03)=1|融資券(MI_MARGN)=1|借券(TWT93U)=1|法人(T86)=1",554,inf,250.0,official_prepanel,12490.15,249.0,0.0,3.0,0,1,10.062,1.548,-13.932,9403.0,0,未扣成本·事後欄位以 m_ 標示·非投資建議
HO,6,2024-11-15,2024-11-18,3323,加百裕,TPEx,R,R_core,fCD,R1@5,2,18,命中,75,-0.481049,,atr14=0.902|n_lu_250=0.640|r20=0.968|c_ma120=0.835|vr20=0.998|days_since_lu=0.004|dt_ratio20=NaN|lend_to_v=0.243|rev_yoy=0.150|o_turn=0.989|o_log_mcap=0.098|o_lu_follow=0.820,"官方日成交結構(MI_INDEX/dailyQuotes)=1|發行股數(MI_QFIIS/dailyQuotes)=1|外資持股(MI_QFIIS,僅上市)=0|自營商(T86/上櫃三大法人)=1|當沖(TWTB4U/上櫃intraday)=1|季財報(MOPS t163sb04)=1|月營收(MOPS/openapi)=1|官方產業別(MOPS t05st03)=1|融資券(MI_MARGN)=1|借券(TWT93U)=1|法人(T86)=1",567,inf,250.0,official_prepanel,1391.6,27.0,0.0,0.0,0,1,7.612,22.318,41.869,6864.0,0,未扣成本·事後欄位以 m_ 標示·非投資建議
HO,6,2024-11-15,2024-11-18,6558,興能高,TWSE,R,R_core,fCD,R1@5,3,18,命中,126,-0.675644,,atr14=0.512|n_lu_250=0.700|r20=0.968|c_ma120=0.842|vr20=1.000|days_since_lu=0.004|dt_ratio20=0.863|lend_to_v=0.237|rev_yoy=0.243|o_turn=0.977|o_log_mcap=0.092|o_lu_follow=0.902,"官方日成交結構(MI_INDEX/dailyQuotes)=1|發行股數(MI_QFIIS/dailyQuotes)=1|外資持股(MI_QFIIS,僅上市)=1|自營商(T86/上櫃三大法人)=1|當沖(TWTB4U/上櫃intraday)=1|季財報(MOPS t163sb04)=1|月營收(MOPS/openapi)=1|官方產業別(MOPS t05st03)=1|融資券(MI_MARGN)=1|借券(TWT93U)=1|法人(T86)=1",567,inf,250.0,official_prepanel,594.05,11.0,0.0,0.0,0,1,6.754,20.826,43.715,5668.0,0,未扣成本·事後欄位以 m_ 標示·非投資建議
HO,6,2024-12-26,2024-12-27,5314,世紀*,TPEx,R,R_core,fCD,R1@5,3,20,命中,1,-0.740599,,atr14=0.958|n_lu_250=1.000|r20=0.998|c_ma120=1.000|vr20=0.894|days_since_lu=0.023|dt_ratio20=NaN|lend_to_v=0.025|rev_yoy=0.986|o_turn=0.958|o_log_mcap=0.403|o_lu_follow=0.934,"官方日成交結構(MI_INDEX/dailyQuotes)=1|發行股數(MI_QFIIS/dailyQuotes)=1|外資持股(MI_QFIIS,僅上市)=0|自營商(T86/上櫃三大法人)=1|當沖(TWTB4U/上櫃intraday)=1|季財報(MOPS t163sb04)=1|月營收(MOPS/openapi)=1|官方產業別(MOPS t05st03)=1|融資券(MI_MARGN)=1|借券(TWT93U)=1|法人(T86)=1",596,inf,250.0,official_prepanel,626.8,12.0,0.0,2.0,0,1,7.317,19.837,25.854,1825.0,0,未扣成本·事後欄位以 m_ 標示·非投資建議
